[36m[2025-12-24 23:29:56 DEBUG] [__init__:101] ###############################################################################
[36m[2025-12-24 23:29:56 DEBUG] [__init__:102] Running command 'run'
[36m[2025-12-24 23:29:56 DEBUG] [__init__:106] Using settings file '/root/.chaostoolkit/settings.yaml'
[36m[2025-12-24 23:29:56 DEBUG] [settings:31] The Chaos Toolkit settings file could not be found at '/root/.chaostoolkit/settings.yaml'.
[36m[2025-12-24 23:29:56 DEBUG] [__init__:472] No controls to apply on 'loader'
[36m[2025-12-24 23:29:56 DEBUG] [__init__:472] No controls to apply on 'loader'
[36m[2025-12-24 23:29:56 DEBUG] [caching:24] Building activity cache...
[36m[2025-12-24 23:29:56 DEBUG] [caching:35] Cached 3 activities
[32m[2025-12-24 23:29:56 INFO] [experiment:59] Validating the experiment's syntax
[36m[2025-12-24 23:29:56 DEBUG] [configuration:64] Loading configuration...
[36m[2025-12-24 23:29:56 DEBUG] [secret:79] Loading secrets...
[36m[2025-12-24 23:29:56 DEBUG] [secret:104] Done loading secrets
[32m[2025-12-24 23:29:56 INFO] [experiment:112] Experiment looks valid
[36m[2025-12-24 23:29:56 DEBUG] [caching:42] Clearing activities cache
[36m[2025-12-24 23:29:56 DEBUG] [run:224] Runtime strategies: hypothesis - default / rollbacks - default
[36m[2025-12-24 23:29:56 DEBUG] [caching:24] Building activity cache...
[36m[2025-12-24 23:29:56 DEBUG] [caching:35] Cached 3 activities
[36m[2025-12-24 23:29:56 DEBUG] [configuration:64] Loading configuration...
[36m[2025-12-24 23:29:56 DEBUG] [secret:79] Loading secrets...
[36m[2025-12-24 23:29:56 DEBUG] [secret:104] Done loading secrets
[36m[2025-12-24 23:29:56 DEBUG] [configuration:161] Loading dynamic configuration...
[32m[2025-12-24 23:29:56 INFO] [run:440] Running experiment: Injeção de Latência de Rede via ChaosD Remoto
[36m[2025-12-24 23:29:56 DEBUG] [__init__:67] Initializing controls
[32m[2025-12-24 23:29:56 INFO] [run:471] Steady-state strategy: default
[32m[2025-12-24 23:29:56 INFO] [run:477] Rollbacks strategy: default
[36m[2025-12-24 23:29:56 DEBUG] [__init__:472] No controls to apply on 'experiment'
[36m[2025-12-24 23:29:56 DEBUG] [run:654] Running steady-state hypothesis before the method
[32m[2025-12-24 23:29:56 INFO] [hypothesis:205] Steady state hypothesis: O serviço deve estar acessível
[36m[2025-12-24 23:29:56 DEBUG] [__init__:472] No controls to apply on 'hypothesis'
[36m[2025-12-24 23:29:56 DEBUG] [__init__:472] No controls to apply on 'activity'
[32m[2025-12-24 23:29:56 INFO] [activity:232] Probe: service-is-responding
[36m[2025-12-24 23:29:56 DEBUG] [activity:260]   => succeeded with '{'status': 200, 'headers': {'Content-Type': 'application/json', 'Vary': 'Accept-Encoding', 'X-Consul-Default-Acl-Policy': 'allow', 'Date': 'Wed, 24 Dec 2025 23:29:56 GMT', 'Content-Length': '19'}, 'body': '192.168.1.68:8300'}'
[36m[2025-12-24 23:29:56 DEBUG] [__init__:472] No controls to apply on 'activity'
[36m[2025-12-24 23:29:56 DEBUG] [hypothesis:247] allowed tolerance is 200
[32m[2025-12-24 23:29:56 INFO] [hypothesis:260] Steady state hypothesis is met!
[36m[2025-12-24 23:29:56 DEBUG] [__init__:472] No controls to apply on 'hypothesis'
[32m[2025-12-24 23:29:56 INFO] [run:778] Playing your experiment's method now...
[36m[2025-12-24 23:29:56 DEBUG] [__init__:472] No controls to apply on 'method'
[36m[2025-12-24 23:29:56 DEBUG] [__init__:472] No controls to apply on 'activity'
[32m[2025-12-24 23:29:56 INFO] [activity:232] Action: inject-network-delay
[36m[2025-12-24 23:29:56 DEBUG] [python:33] Activity 'inject-network-delay' loaded from '/app/src/lib/chaos_ssh_driver.py'
[36m[2025-12-24 23:29:56 DEBUG] [activity:317] Activity failed
    Traceback (most recent call last):
      File "/app/src/lib/chaos_ssh_driver.py", line 19, in run_ssh_command
        result = subprocess.run(ssh_cmd, capture_output=True, text=True, check=True, timeout=10)
      File "/usr/local/lib/python3.10/subprocess.py", line 526, in run
        raise CalledProcessError(retcode, process.args,
    subprocess.CalledProcessError: Command '['ssh', '-o', 'StrictHostKeyChecking=no', '-o', 'UserKnownHostsFile=/dev/null', '-o', 'BatchMode=yes', 'root@192.168.1.72', 'tc qdisc replace dev eth0 root netem delay 200ms']' returned non-zero exit status 255.
    
    During handling of the above exception, another exception occurred:
    
    Traceback (most recent call last):
      File "/app/src/lib/chaos_ssh_driver.py", line 90, in inject_network_delay
        run_ssh_command(target_host, ssh_user, cmd, ssh_password)
      File "/app/src/lib/chaos_ssh_driver.py", line 22, in run_ssh_command
        raise RuntimeError(f"SSH command failed: {e.stderr}")
    RuntimeError: SSH command failed: Warning: Permanently added '192.168.1.72' (ED25519) to the list of known hosts.
    root@192.168.1.72: Permission denied (publickey,password).
    
    
    During handling of the above exception, another exception occurred:
    
    Traceback (most recent call last):
      File "/usr/local/lib/python3.10/site-packages/chaoslib/provider/python.py", line 56, in run_python_activity
        return func(**arguments)
      File "/app/src/lib/chaos_ssh_driver.py", line 93, in inject_network_delay
        raise RuntimeError(f"Failed to inject network delay: {e}")
    RuntimeError: Failed to inject network delay: SSH command failed: Warning: Permanently added '192.168.1.72' (ED25519) to the list of known hosts.
    root@192.168.1.72: Permission denied (publickey,password).
    
    
    During handling of the above exception, another exception occurred:
    
    Traceback (most recent call last):
      File "/usr/local/lib/python3.10/site-packages/chaoslib/activity.py", line 310, in run_activity
        result = run_python_activity(activity, configuration, secrets)
      File "/usr/local/lib/python3.10/site-packages/chaoslib/provider/python.py", line 58, in run_python_activity
        raise ActivityFailed(
      File "/usr/local/lib/python3.10/site-packages/chaoslib/provider/python.py", line 56, in run_python_activity
        return func(**arguments)
      File "/app/src/lib/chaos_ssh_driver.py", line 93, in inject_network_delay
        raise RuntimeError(f"Failed to inject network delay: {e}")
    chaoslib.exceptions.ActivityFailed: RuntimeError: Failed to inject network delay: SSH command failed: Warning: Permanently added '192.168.1.72' (ED25519) to the list of known hosts.
    root@192.168.1.72: Permission denied (publickey,password).
[31m[2025-12-24 23:29:56 ERROR] [activity:268]   => failed: RuntimeError: Failed to inject network delay: SSH command failed: Warning: Permanently added '192.168.1.72' (ED25519) to the list of known hosts.
    root@192.168.1.72: Permission denied (publickey,password).
[36m[2025-12-24 23:29:56 DEBUG] [__init__:472] No controls to apply on 'activity'
[36m[2025-12-24 23:29:56 DEBUG] [__init__:472] No controls to apply on 'activity'
[32m[2025-12-24 23:29:56 INFO] [activity:232] Action: wait-duration
[36m[2025-12-24 23:29:56 DEBUG] [python:33] Activity 'wait-duration' loaded from '/app/src/lib/chaos_ssh_driver.py'
[36m[2025-12-24 23:29:58 DEBUG] [__init__:101] ###############################################################################
[36m[2025-12-24 23:29:58 DEBUG] [__init__:102] Running command 'run'
[36m[2025-12-24 23:29:58 DEBUG] [__init__:106] Using settings file '/root/.chaostoolkit/settings.yaml'
[36m[2025-12-24 23:29:58 DEBUG] [settings:31] The Chaos Toolkit settings file could not be found at '/root/.chaostoolkit/settings.yaml'.
[36m[2025-12-24 23:29:58 DEBUG] [__init__:472] No controls to apply on 'loader'
[36m[2025-12-24 23:29:58 DEBUG] [__init__:472] No controls to apply on 'loader'
[36m[2025-12-24 23:29:58 DEBUG] [caching:24] Building activity cache...
[36m[2025-12-24 23:29:58 DEBUG] [caching:35] Cached 3 activities
[32m[2025-12-24 23:29:58 INFO] [experiment:59] Validating the experiment's syntax
[36m[2025-12-24 23:29:58 DEBUG] [configuration:64] Loading configuration...
[36m[2025-12-24 23:29:58 DEBUG] [secret:79] Loading secrets...
[36m[2025-12-24 23:29:58 DEBUG] [secret:104] Done loading secrets
[32m[2025-12-24 23:29:58 INFO] [experiment:112] Experiment looks valid
[36m[2025-12-24 23:29:58 DEBUG] [caching:42] Clearing activities cache
[36m[2025-12-24 23:29:58 DEBUG] [run:224] Runtime strategies: hypothesis - default / rollbacks - default
[36m[2025-12-24 23:29:58 DEBUG] [caching:24] Building activity cache...
[36m[2025-12-24 23:29:58 DEBUG] [caching:35] Cached 3 activities
[36m[2025-12-24 23:29:58 DEBUG] [configuration:64] Loading configuration...
[36m[2025-12-24 23:29:58 DEBUG] [secret:79] Loading secrets...
[36m[2025-12-24 23:29:58 DEBUG] [secret:104] Done loading secrets
[36m[2025-12-24 23:29:58 DEBUG] [configuration:161] Loading dynamic configuration...
[32m[2025-12-24 23:29:58 INFO] [run:440] Running experiment: Injeção de Perda de Pacotes
[36m[2025-12-24 23:29:58 DEBUG] [__init__:67] Initializing controls
[32m[2025-12-24 23:29:58 INFO] [run:471] Steady-state strategy: default
[32m[2025-12-24 23:29:58 INFO] [run:477] Rollbacks strategy: default
[36m[2025-12-24 23:29:58 DEBUG] [__init__:472] No controls to apply on 'experiment'
[36m[2025-12-24 23:29:58 DEBUG] [run:654] Running steady-state hypothesis before the method
[32m[2025-12-24 23:29:58 INFO] [hypothesis:205] Steady state hypothesis: O serviço deve continuar respondendo apesar da perda de pacotes
[36m[2025-12-24 23:29:58 DEBUG] [__init__:472] No controls to apply on 'hypothesis'
[36m[2025-12-24 23:29:58 DEBUG] [__init__:472] No controls to apply on 'activity'
[32m[2025-12-24 23:29:58 INFO] [activity:232] Probe: service-is-responding
[36m[2025-12-24 23:29:58 DEBUG] [activity:260]   => succeeded with '{'status': 200, 'headers': {'Content-Type': 'application/json', 'Vary': 'Accept-Encoding', 'X-Consul-Default-Acl-Policy': 'allow', 'Date': 'Wed, 24 Dec 2025 23:29:58 GMT', 'Content-Length': '19'}, 'body': '192.168.1.68:8300'}'
[36m[2025-12-24 23:29:58 DEBUG] [__init__:472] No controls to apply on 'activity'
[36m[2025-12-24 23:29:58 DEBUG] [hypothesis:247] allowed tolerance is 200
[32m[2025-12-24 23:29:58 INFO] [hypothesis:260] Steady state hypothesis is met!
[36m[2025-12-24 23:29:58 DEBUG] [__init__:472] No controls to apply on 'hypothesis'
[32m[2025-12-24 23:29:58 INFO] [run:778] Playing your experiment's method now...
[36m[2025-12-24 23:29:58 DEBUG] [__init__:472] No controls to apply on 'method'
[36m[2025-12-24 23:29:58 DEBUG] [__init__:472] No controls to apply on 'activity'
[32m[2025-12-24 23:29:58 INFO] [activity:232] Action: inject-packet-loss
[36m[2025-12-24 23:29:58 DEBUG] [python:33] Activity 'inject-packet-loss' loaded from '/app/src/lib/chaos_ssh_driver.py'
[36m[2025-12-24 23:29:58 DEBUG] [activity:317] Activity failed
    Traceback (most recent call last):
      File "/app/src/lib/chaos_ssh_driver.py", line 19, in run_ssh_command
        result = subprocess.run(ssh_cmd, capture_output=True, text=True, check=True, timeout=10)
      File "/usr/local/lib/python3.10/subprocess.py", line 526, in run
        raise CalledProcessError(retcode, process.args,
    subprocess.CalledProcessError: Command '['ssh', '-o', 'StrictHostKeyChecking=no', '-o', 'UserKnownHostsFile=/dev/null', '-o', 'BatchMode=yes', 'root@192.168.1.72', 'tc qdisc replace dev eth0 root netem loss 20%']' returned non-zero exit status 255.
    
    During handling of the above exception, another exception occurred:
    
    Traceback (most recent call last):
      File "/app/src/lib/chaos_ssh_driver.py", line 150, in inject_packet_loss
        run_ssh_command(target_host, ssh_user, cmd, ssh_password)
      File "/app/src/lib/chaos_ssh_driver.py", line 22, in run_ssh_command
        raise RuntimeError(f"SSH command failed: {e.stderr}")
    RuntimeError: SSH command failed: Warning: Permanently added '192.168.1.72' (ED25519) to the list of known hosts.
    root@192.168.1.72: Permission denied (publickey,password).
    
    
    During handling of the above exception, another exception occurred:
    
    Traceback (most recent call last):
      File "/usr/local/lib/python3.10/site-packages/chaoslib/provider/python.py", line 56, in run_python_activity
        return func(**arguments)
      File "/app/src/lib/chaos_ssh_driver.py", line 153, in inject_packet_loss
        raise RuntimeError(f"Failed to inject packet loss: {e}")
    RuntimeError: Failed to inject packet loss: SSH command failed: Warning: Permanently added '192.168.1.72' (ED25519) to the list of known hosts.
    root@192.168.1.72: Permission denied (publickey,password).
    
    
    During handling of the above exception, another exception occurred:
    
    Traceback (most recent call last):
      File "/usr/local/lib/python3.10/site-packages/chaoslib/activity.py", line 310, in run_activity
        result = run_python_activity(activity, configuration, secrets)
      File "/usr/local/lib/python3.10/site-packages/chaoslib/provider/python.py", line 58, in run_python_activity
        raise ActivityFailed(
      File "/usr/local/lib/python3.10/site-packages/chaoslib/provider/python.py", line 56, in run_python_activity
        return func(**arguments)
      File "/app/src/lib/chaos_ssh_driver.py", line 153, in inject_packet_loss
        raise RuntimeError(f"Failed to inject packet loss: {e}")
    chaoslib.exceptions.ActivityFailed: RuntimeError: Failed to inject packet loss: SSH command failed: Warning: Permanently added '192.168.1.72' (ED25519) to the list of known hosts.
    root@192.168.1.72: Permission denied (publickey,password).
[31m[2025-12-24 23:29:58 ERROR] [activity:268]   => failed: RuntimeError: Failed to inject packet loss: SSH command failed: Warning: Permanently added '192.168.1.72' (ED25519) to the list of known hosts.
    root@192.168.1.72: Permission denied (publickey,password).
[36m[2025-12-24 23:29:58 DEBUG] [__init__:472] No controls to apply on 'activity'
[36m[2025-12-24 23:29:58 DEBUG] [__init__:472] No controls to apply on 'activity'
[32m[2025-12-24 23:29:58 INFO] [activity:232] Action: wait-duration
[36m[2025-12-24 23:29:58 DEBUG] [python:33] Activity 'wait-duration' loaded from '/app/src/lib/chaos_ssh_driver.py'
[36m[2025-12-24 23:30:01 DEBUG] [__init__:101] ###############################################################################
[36m[2025-12-24 23:30:01 DEBUG] [__init__:102] Running command 'run'
[36m[2025-12-24 23:30:01 DEBUG] [__init__:106] Using settings file '/root/.chaostoolkit/settings.yaml'
[36m[2025-12-24 23:30:01 DEBUG] [settings:31] The Chaos Toolkit settings file could not be found at '/root/.chaostoolkit/settings.yaml'.
[36m[2025-12-24 23:30:01 DEBUG] [__init__:472] No controls to apply on 'loader'
[36m[2025-12-24 23:30:01 DEBUG] [__init__:472] No controls to apply on 'loader'
[36m[2025-12-24 23:30:01 DEBUG] [caching:24] Building activity cache...
[36m[2025-12-24 23:30:01 DEBUG] [caching:35] Cached 3 activities
[32m[2025-12-24 23:30:01 INFO] [experiment:59] Validating the experiment's syntax
[36m[2025-12-24 23:30:01 DEBUG] [configuration:64] Loading configuration...
[36m[2025-12-24 23:30:01 DEBUG] [secret:79] Loading secrets...
[36m[2025-12-24 23:30:01 DEBUG] [secret:104] Done loading secrets
[32m[2025-12-24 23:30:01 INFO] [experiment:112] Experiment looks valid
[36m[2025-12-24 23:30:01 DEBUG] [caching:42] Clearing activities cache
[36m[2025-12-24 23:30:01 DEBUG] [run:224] Runtime strategies: hypothesis - default / rollbacks - default
[36m[2025-12-24 23:30:01 DEBUG] [caching:24] Building activity cache...
[36m[2025-12-24 23:30:01 DEBUG] [caching:35] Cached 3 activities
[36m[2025-12-24 23:30:01 DEBUG] [configuration:64] Loading configuration...
[36m[2025-12-24 23:30:01 DEBUG] [secret:79] Loading secrets...
[36m[2025-12-24 23:30:01 DEBUG] [secret:104] Done loading secrets
[36m[2025-12-24 23:30:01 DEBUG] [configuration:161] Loading dynamic configuration...
[32m[2025-12-24 23:30:01 INFO] [run:440] Running experiment: Injeção de Latência de Rede via ChaosD Remoto
[36m[2025-12-24 23:30:01 DEBUG] [__init__:67] Initializing controls
[32m[2025-12-24 23:30:01 INFO] [run:471] Steady-state strategy: default
[32m[2025-12-24 23:30:01 INFO] [run:477] Rollbacks strategy: default
[36m[2025-12-24 23:30:01 DEBUG] [__init__:472] No controls to apply on 'experiment'
[36m[2025-12-24 23:30:01 DEBUG] [run:654] Running steady-state hypothesis before the method
[32m[2025-12-24 23:30:01 INFO] [hypothesis:205] Steady state hypothesis: O serviço deve estar acessível
[36m[2025-12-24 23:30:01 DEBUG] [__init__:472] No controls to apply on 'hypothesis'
[36m[2025-12-24 23:30:01 DEBUG] [__init__:472] No controls to apply on 'activity'
[32m[2025-12-24 23:30:01 INFO] [activity:232] Probe: service-is-responding
[36m[2025-12-24 23:30:01 DEBUG] [activity:260]   => succeeded with '{'status': 200, 'headers': {'Content-Type': 'application/json', 'Vary': 'Accept-Encoding', 'X-Consul-Default-Acl-Policy': 'allow', 'Date': 'Wed, 24 Dec 2025 23:30:01 GMT', 'Content-Length': '19'}, 'body': '192.168.1.68:8300'}'
[36m[2025-12-24 23:30:01 DEBUG] [__init__:472] No controls to apply on 'activity'
[36m[2025-12-24 23:30:01 DEBUG] [hypothesis:247] allowed tolerance is 200
[32m[2025-12-24 23:30:01 INFO] [hypothesis:260] Steady state hypothesis is met!
[36m[2025-12-24 23:30:01 DEBUG] [__init__:472] No controls to apply on 'hypothesis'
[32m[2025-12-24 23:30:01 INFO] [run:778] Playing your experiment's method now...
[36m[2025-12-24 23:30:01 DEBUG] [__init__:472] No controls to apply on 'method'
[36m[2025-12-24 23:30:01 DEBUG] [__init__:472] No controls to apply on 'activity'
[32m[2025-12-24 23:30:01 INFO] [activity:232] Action: inject-network-delay
[36m[2025-12-24 23:30:01 DEBUG] [python:33] Activity 'inject-network-delay' loaded from '/app/src/lib/chaos_ssh_driver.py'
[33m[2025-12-24 23:30:03 WARNING] [exit:163] Caught SIGTERM signal, interrupting experiment now
[36m[2025-12-24 23:30:03 DEBUG] [activity:317] Activity failed
    Traceback (most recent call last):
      File "/usr/local/lib/python3.10/site-packages/chaoslib/provider/python.py", line 56, in run_python_activity
        return func(**arguments)
      File "/app/src/lib/chaos_ssh_driver.py", line 120, in wait_seconds
        time.sleep(s)
      File "/usr/local/lib/python3.10/site-packages/chaoslib/exit.py", line 164, in _terminate_now
        raise InterruptExecution("SIGTERM signal received")
    chaoslib.exceptions.InterruptExecution: SIGTERM signal received
    
    During handling of the above exception, another exception occurred:
    
    Traceback (most recent call last):
      File "/usr/local/lib/python3.10/site-packages/chaoslib/activity.py", line 310, in run_activity
        result = run_python_activity(activity, configuration, secrets)
      File "/usr/local/lib/python3.10/site-packages/chaoslib/provider/python.py", line 58, in run_python_activity
        raise ActivityFailed(
      File "/usr/local/lib/python3.10/site-packages/chaoslib/provider/python.py", line 56, in run_python_activity
        return func(**arguments)
      File "/app/src/lib/chaos_ssh_driver.py", line 120, in wait_seconds
        time.sleep(s)
      File "/usr/local/lib/python3.10/site-packages/chaoslib/exit.py", line 164, in _terminate_now
        raise InterruptExecution("SIGTERM signal received")
    chaoslib.exceptions.ActivityFailed: chaoslib.exceptions.InterruptExecution: SIGTERM signal received
[31m[2025-12-24 23:30:03 ERROR] [activity:268]   => failed: chaoslib.exceptions.InterruptExecution: SIGTERM signal received
[36m[2025-12-24 23:30:03 DEBUG] [__init__:472] No controls to apply on 'activity'
[36m[2025-12-24 23:30:03 DEBUG] [__init__:472] No controls to apply on 'method'
[36m[2025-12-24 23:30:03 DEBUG] [run:696] Running steady-state hypothesis after the method
[32m[2025-12-24 23:30:03 INFO] [hypothesis:205] Steady state hypothesis: O serviço deve estar acessível
[36m[2025-12-24 23:30:03 DEBUG] [__init__:472] No controls to apply on 'hypothesis'
[36m[2025-12-24 23:30:03 DEBUG] [__init__:472] No controls to apply on 'activity'
[32m[2025-12-24 23:30:03 INFO] [activity:232] Probe: service-is-responding
[36m[2025-12-24 23:30:03 DEBUG] [activity:260]   => succeeded with '{'status': 200, 'headers': {'Content-Type': 'application/json', 'Vary': 'Accept-Encoding', 'X-Consul-Default-Acl-Policy': 'allow', 'Date': 'Wed, 24 Dec 2025 23:30:03 GMT', 'Content-Length': '19'}, 'body': '192.168.1.68:8300'}'
[36m[2025-12-24 23:30:03 DEBUG] [__init__:472] No controls to apply on 'activity'
[36m[2025-12-24 23:30:03 DEBUG] [hypothesis:247] allowed tolerance is 200
[32m[2025-12-24 23:30:03 INFO] [hypothesis:260] Steady state hypothesis is met!
[36m[2025-12-24 23:30:03 DEBUG] [__init__:472] No controls to apply on 'hypothesis'
[32m[2025-12-24 23:30:03 INFO] [run:1072] Let's rollback...
[36m[2025-12-24 23:30:03 DEBUG] [__init__:472] No controls to apply on 'rollback'
[32m[2025-12-24 23:30:03 INFO] [rollback:36] Rollback: recover-network
[36m[2025-12-24 23:30:03 DEBUG] [__init__:472] No controls to apply on 'activity'
[32m[2025-12-24 23:30:03 INFO] [activity:232] Action: recover-network
[36m[2025-12-24 23:30:03 DEBUG] [python:33] Activity 'recover-network' loaded from '/app/src/lib/chaos_ssh_driver.py'
[36m[2025-12-24 23:30:03 DEBUG] [__init__:101] ###############################################################################
[36m[2025-12-24 23:30:03 DEBUG] [__init__:102] Running command 'run'
[36m[2025-12-24 23:30:03 DEBUG] [__init__:106] Using settings file '/root/.chaostoolkit/settings.yaml'
[36m[2025-12-24 23:30:03 DEBUG] [activity:262]   => succeeded without any result value
[36m[2025-12-24 23:30:03 DEBUG] [__init__:472] No controls to apply on 'activity'
[36m[2025-12-24 23:30:03 DEBUG] [__init__:472] No controls to apply on 'rollback'
[32m[2025-12-24 23:30:03 INFO] [run:598] Experiment ended with status: completed
[36m[2025-12-24 23:30:03 DEBUG] [__init__:472] No controls to apply on 'experiment'
[36m[2025-12-24 23:30:03 DEBUG] [__init__:106] Cleaning up controls
[36m[2025-12-24 23:30:03 DEBUG] [caching:42] Clearing activities cache
[36m[2025-12-24 23:30:03 DEBUG] [settings:31] The Chaos Toolkit settings file could not be found at '/root/.chaostoolkit/settings.yaml'.
[36m[2025-12-24 23:30:03 DEBUG] [__init__:472] No controls to apply on 'loader'
[36m[2025-12-24 23:30:03 DEBUG] [__init__:472] No controls to apply on 'loader'
[36m[2025-12-24 23:30:03 DEBUG] [caching:24] Building activity cache...
[36m[2025-12-24 23:30:03 DEBUG] [caching:35] Cached 3 activities
[32m[2025-12-24 23:30:03 INFO] [experiment:59] Validating the experiment's syntax
[36m[2025-12-24 23:30:03 DEBUG] [configuration:64] Loading configuration...
[36m[2025-12-24 23:30:03 DEBUG] [secret:79] Loading secrets...
[36m[2025-12-24 23:30:03 DEBUG] [secret:104] Done loading secrets
[32m[2025-12-24 23:30:03 INFO] [experiment:112] Experiment looks valid
[36m[2025-12-24 23:30:03 DEBUG] [caching:42] Clearing activities cache
[36m[2025-12-24 23:30:03 DEBUG] [run:224] Runtime strategies: hypothesis - default / rollbacks - default
[36m[2025-12-24 23:30:03 DEBUG] [caching:24] Building activity cache...
[36m[2025-12-24 23:30:03 DEBUG] [caching:35] Cached 3 activities
[36m[2025-12-24 23:30:03 DEBUG] [configuration:64] Loading configuration...
[36m[2025-12-24 23:30:03 DEBUG] [secret:79] Loading secrets...
[36m[2025-12-24 23:30:03 DEBUG] [secret:104] Done loading secrets
[36m[2025-12-24 23:30:03 DEBUG] [configuration:161] Loading dynamic configuration...
[32m[2025-12-24 23:30:03 INFO] [run:440] Running experiment: Injeção de Perda de Pacotes
[36m[2025-12-24 23:30:03 DEBUG] [__init__:67] Initializing controls
[32m[2025-12-24 23:30:03 INFO] [run:471] Steady-state strategy: default
[32m[2025-12-24 23:30:03 INFO] [run:477] Rollbacks strategy: default
[36m[2025-12-24 23:30:03 DEBUG] [__init__:472] No controls to apply on 'experiment'
[36m[2025-12-24 23:30:03 DEBUG] [run:654] Running steady-state hypothesis before the method
[32m[2025-12-24 23:30:03 INFO] [hypothesis:205] Steady state hypothesis: O serviço deve continuar respondendo apesar da perda de pacotes
[36m[2025-12-24 23:30:03 DEBUG] [__init__:472] No controls to apply on 'hypothesis'
[36m[2025-12-24 23:30:03 DEBUG] [__init__:472] No controls to apply on 'activity'
[32m[2025-12-24 23:30:03 INFO] [activity:232] Probe: service-is-responding
[36m[2025-12-24 23:30:03 DEBUG] [activity:260]   => succeeded with '{'status': 200, 'headers': {'Content-Type': 'application/json', 'Vary': 'Accept-Encoding', 'X-Consul-Default-Acl-Policy': 'allow', 'Date': 'Wed, 24 Dec 2025 23:30:03 GMT', 'Content-Length': '19'}, 'body': '192.168.1.68:8300'}'
[36m[2025-12-24 23:30:03 DEBUG] [__init__:472] No controls to apply on 'activity'
[36m[2025-12-24 23:30:03 DEBUG] [hypothesis:247] allowed tolerance is 200
[32m[2025-12-24 23:30:03 INFO] [hypothesis:260] Steady state hypothesis is met!
[36m[2025-12-24 23:30:03 DEBUG] [__init__:472] No controls to apply on 'hypothesis'
[32m[2025-12-24 23:30:03 INFO] [run:778] Playing your experiment's method now...
[36m[2025-12-24 23:30:03 DEBUG] [__init__:472] No controls to apply on 'method'
[36m[2025-12-24 23:30:03 DEBUG] [__init__:472] No controls to apply on 'activity'
[32m[2025-12-24 23:30:03 INFO] [activity:232] Action: inject-packet-loss
[36m[2025-12-24 23:30:03 DEBUG] [python:33] Activity 'inject-packet-loss' loaded from '/app/src/lib/chaos_ssh_driver.py'
[33m[2025-12-24 23:30:03 WARNING] [exit:163] Caught SIGTERM signal, interrupting experiment now
[36m[2025-12-24 23:30:03 DEBUG] [activity:317] Activity failed
    Traceback (most recent call last):
      File "/usr/local/lib/python3.10/site-packages/chaoslib/provider/python.py", line 56, in run_python_activity
        return func(**arguments)
      File "/app/src/lib/chaos_ssh_driver.py", line 120, in wait_seconds
        time.sleep(s)
      File "/usr/local/lib/python3.10/site-packages/chaoslib/exit.py", line 164, in _terminate_now
        raise InterruptExecution("SIGTERM signal received")
    chaoslib.exceptions.InterruptExecution: SIGTERM signal received
    
    During handling of the above exception, another exception occurred:
    
    Traceback (most recent call last):
      File "/usr/local/lib/python3.10/site-packages/chaoslib/activity.py", line 310, in run_activity
        result = run_python_activity(activity, configuration, secrets)
      File "/usr/local/lib/python3.10/site-packages/chaoslib/provider/python.py", line 58, in run_python_activity
        raise ActivityFailed(
      File "/usr/local/lib/python3.10/site-packages/chaoslib/provider/python.py", line 56, in run_python_activity
        return func(**arguments)
      File "/app/src/lib/chaos_ssh_driver.py", line 120, in wait_seconds
        time.sleep(s)
      File "/usr/local/lib/python3.10/site-packages/chaoslib/exit.py", line 164, in _terminate_now
        raise InterruptExecution("SIGTERM signal received")
    chaoslib.exceptions.ActivityFailed: chaoslib.exceptions.InterruptExecution: SIGTERM signal received
[31m[2025-12-24 23:30:03 ERROR] [activity:268]   => failed: chaoslib.exceptions.InterruptExecution: SIGTERM signal received
[36m[2025-12-24 23:30:03 DEBUG] [__init__:472] No controls to apply on 'activity'
[36m[2025-12-24 23:30:03 DEBUG] [__init__:472] No controls to apply on 'method'
[36m[2025-12-24 23:30:03 DEBUG] [run:696] Running steady-state hypothesis after the method
[32m[2025-12-24 23:30:03 INFO] [hypothesis:205] Steady state hypothesis: O serviço deve continuar respondendo apesar da perda de pacotes
[36m[2025-12-24 23:30:03 DEBUG] [__init__:472] No controls to apply on 'hypothesis'
[36m[2025-12-24 23:30:03 DEBUG] [__init__:472] No controls to apply on 'activity'
[32m[2025-12-24 23:30:03 INFO] [activity:232] Probe: service-is-responding
[36m[2025-12-24 23:30:03 DEBUG] [activity:260]   => succeeded with '{'status': 200, 'headers': {'Content-Type': 'application/json', 'Vary': 'Accept-Encoding', 'X-Consul-Default-Acl-Policy': 'allow', 'Date': 'Wed, 24 Dec 2025 23:30:03 GMT', 'Content-Length': '19'}, 'body': '192.168.1.68:8300'}'
[36m[2025-12-24 23:30:03 DEBUG] [__init__:472] No controls to apply on 'activity'
[36m[2025-12-24 23:30:03 DEBUG] [hypothesis:247] allowed tolerance is 200
[32m[2025-12-24 23:30:03 INFO] [hypothesis:260] Steady state hypothesis is met!
[36m[2025-12-24 23:30:03 DEBUG] [__init__:472] No controls to apply on 'hypothesis'
[32m[2025-12-24 23:30:03 INFO] [run:1072] Let's rollback...
[36m[2025-12-24 23:30:03 DEBUG] [__init__:472] No controls to apply on 'rollback'
[32m[2025-12-24 23:30:03 INFO] [rollback:36] Rollback: recover-packet-loss
[36m[2025-12-24 23:30:03 DEBUG] [__init__:472] No controls to apply on 'activity'
[32m[2025-12-24 23:30:03 INFO] [activity:232] Action: recover-packet-loss
[36m[2025-12-24 23:30:03 DEBUG] [python:33] Activity 'recover-packet-loss' loaded from '/app/src/lib/chaos_ssh_driver.py'
[36m[2025-12-24 23:30:03 DEBUG] [activity:262]   => succeeded without any result value
[36m[2025-12-24 23:30:03 DEBUG] [__init__:472] No controls to apply on 'activity'
[36m[2025-12-24 23:30:03 DEBUG] [__init__:472] No controls to apply on 'rollback'
[32m[2025-12-24 23:30:03 INFO] [run:598] Experiment ended with status: completed
[36m[2025-12-24 23:30:03 DEBUG] [__init__:472] No controls to apply on 'experiment'
[36m[2025-12-24 23:30:03 DEBUG] [__init__:106] Cleaning up controls
[36m[2025-12-24 23:30:03 DEBUG] [caching:42] Clearing activities cache
[36m[2025-12-24 23:30:08 DEBUG] [activity:317] Activity failed
    Traceback (most recent call last):
      File "/app/src/lib/chaos_ssh_driver.py", line 19, in run_ssh_command
        result = subprocess.run(ssh_cmd, capture_output=True, text=True, check=True, timeout=10)
      File "/usr/local/lib/python3.10/subprocess.py", line 526, in run
        raise CalledProcessError(retcode, process.args,
    subprocess.CalledProcessError: Command '['sshpass', '-p', 'sidu', 'ssh', '-o', 'StrictHostKeyChecking=no', '-o', 'UserKnownHostsFile=/dev/null', 'root@192.168.1.72', 'tc qdisc replace dev eth0 root netem delay 200ms']' returned non-zero exit status 5.
    
    During handling of the above exception, another exception occurred:
    
    Traceback (most recent call last):
      File "/app/src/lib/chaos_ssh_driver.py", line 90, in inject_network_delay
        run_ssh_command(target_host, ssh_user, cmd, ssh_password)
      File "/app/src/lib/chaos_ssh_driver.py", line 22, in run_ssh_command
        raise RuntimeError(f"SSH command failed: {e.stderr}")
    RuntimeError: SSH command failed: Warning: Permanently added '192.168.1.72' (ED25519) to the list of known hosts.
    Permission denied, please try again.
    
    
    During handling of the above exception, another exception occurred:
    
    Traceback (most recent call last):
      File "/usr/local/lib/python3.10/site-packages/chaoslib/provider/python.py", line 56, in run_python_activity
        return func(**arguments)
      File "/app/src/lib/chaos_ssh_driver.py", line 93, in inject_network_delay
        raise RuntimeError(f"Failed to inject network delay: {e}")
    RuntimeError: Failed to inject network delay: SSH command failed: Warning: Permanently added '192.168.1.72' (ED25519) to the list of known hosts.
    Permission denied, please try again.
    
    
    During handling of the above exception, another exception occurred:
    
    Traceback (most recent call last):
      File "/usr/local/lib/python3.10/site-packages/chaoslib/activity.py", line 310, in run_activity
        result = run_python_activity(activity, configuration, secrets)
      File "/usr/local/lib/python3.10/site-packages/chaoslib/provider/python.py", line 58, in run_python_activity
        raise ActivityFailed(
      File "/usr/local/lib/python3.10/site-packages/chaoslib/provider/python.py", line 56, in run_python_activity
        return func(**arguments)
      File "/app/src/lib/chaos_ssh_driver.py", line 93, in inject_network_delay
        raise RuntimeError(f"Failed to inject network delay: {e}")
    chaoslib.exceptions.ActivityFailed: RuntimeError: Failed to inject network delay: SSH command failed: Warning: Permanently added '192.168.1.72' (ED25519) to the list of known hosts.
    Permission denied, please try again.
[31m[2025-12-24 23:30:08 ERROR] [activity:268]   => failed: RuntimeError: Failed to inject network delay: SSH command failed: Warning: Permanently added '192.168.1.72' (ED25519) to the list of known hosts.
    Permission denied, please try again.
[36m[2025-12-24 23:30:08 DEBUG] [__init__:472] No controls to apply on 'activity'
[36m[2025-12-24 23:30:08 DEBUG] [__init__:472] No controls to apply on 'activity'
[32m[2025-12-24 23:30:08 INFO] [activity:232] Action: wait-duration
[36m[2025-12-24 23:30:08 DEBUG] [python:33] Activity 'wait-duration' loaded from '/app/src/lib/chaos_ssh_driver.py'
[36m[2025-12-24 23:30:08 DEBUG] [activity:317] Activity failed
    Traceback (most recent call last):
      File "/app/src/lib/chaos_ssh_driver.py", line 19, in run_ssh_command
        result = subprocess.run(ssh_cmd, capture_output=True, text=True, check=True, timeout=10)
      File "/usr/local/lib/python3.10/subprocess.py", line 526, in run
        raise CalledProcessError(retcode, process.args,
    subprocess.CalledProcessError: Command '['sshpass', '-p', 'sidu', 'ssh', '-o', 'StrictHostKeyChecking=no', '-o', 'UserKnownHostsFile=/dev/null', 'root@192.168.1.72', 'tc qdisc replace dev eth0 root netem loss 20%']' returned non-zero exit status 5.
    
    During handling of the above exception, another exception occurred:
    
    Traceback (most recent call last):
      File "/app/src/lib/chaos_ssh_driver.py", line 150, in inject_packet_loss
        run_ssh_command(target_host, ssh_user, cmd, ssh_password)
      File "/app/src/lib/chaos_ssh_driver.py", line 22, in run_ssh_command
        raise RuntimeError(f"SSH command failed: {e.stderr}")
    RuntimeError: SSH command failed: Warning: Permanently added '192.168.1.72' (ED25519) to the list of known hosts.
    Permission denied, please try again.
    
    
    During handling of the above exception, another exception occurred:
    
    Traceback (most recent call last):
      File "/usr/local/lib/python3.10/site-packages/chaoslib/provider/python.py", line 56, in run_python_activity
        return func(**arguments)
      File "/app/src/lib/chaos_ssh_driver.py", line 153, in inject_packet_loss
        raise RuntimeError(f"Failed to inject packet loss: {e}")
    RuntimeError: Failed to inject packet loss: SSH command failed: Warning: Permanently added '192.168.1.72' (ED25519) to the list of known hosts.
    Permission denied, please try again.
    
    
    During handling of the above exception, another exception occurred:
    
    Traceback (most recent call last):
      File "/usr/local/lib/python3.10/site-packages/chaoslib/activity.py", line 310, in run_activity
        result = run_python_activity(activity, configuration, secrets)
      File "/usr/local/lib/python3.10/site-packages/chaoslib/provider/python.py", line 58, in run_python_activity
        raise ActivityFailed(
      File "/usr/local/lib/python3.10/site-packages/chaoslib/provider/python.py", line 56, in run_python_activity
        return func(**arguments)
      File "/app/src/lib/chaos_ssh_driver.py", line 153, in inject_packet_loss
        raise RuntimeError(f"Failed to inject packet loss: {e}")
    chaoslib.exceptions.ActivityFailed: RuntimeError: Failed to inject packet loss: SSH command failed: Warning: Permanently added '192.168.1.72' (ED25519) to the list of known hosts.
    Permission denied, please try again.
[31m[2025-12-24 23:30:08 ERROR] [activity:268]   => failed: RuntimeError: Failed to inject packet loss: SSH command failed: Warning: Permanently added '192.168.1.72' (ED25519) to the list of known hosts.
    Permission denied, please try again.
[36m[2025-12-24 23:30:08 DEBUG] [__init__:472] No controls to apply on 'activity'
[36m[2025-12-24 23:30:08 DEBUG] [__init__:472] No controls to apply on 'activity'
[32m[2025-12-24 23:30:08 INFO] [activity:232] Action: wait-duration
[36m[2025-12-24 23:30:08 DEBUG] [python:33] Activity 'wait-duration' loaded from '/app/src/lib/chaos_ssh_driver.py'
[36m[2025-12-24 23:30:38 DEBUG] [activity:262]   => succeeded without any result value
[36m[2025-12-24 23:30:38 DEBUG] [__init__:472] No controls to apply on 'activity'
[36m[2025-12-24 23:30:38 DEBUG] [__init__:472] No controls to apply on 'method'
[36m[2025-12-24 23:30:38 DEBUG] [run:696] Running steady-state hypothesis after the method
[32m[2025-12-24 23:30:38 INFO] [hypothesis:205] Steady state hypothesis: O serviço deve estar acessível
[36m[2025-12-24 23:30:38 DEBUG] [__init__:472] No controls to apply on 'hypothesis'
[36m[2025-12-24 23:30:38 DEBUG] [__init__:472] No controls to apply on 'activity'
[32m[2025-12-24 23:30:38 INFO] [activity:232] Probe: service-is-responding
[36m[2025-12-24 23:30:38 DEBUG] [activity:260]   => succeeded with '{'status': 200, 'headers': {'Content-Type': 'application/json', 'Vary': 'Accept-Encoding', 'X-Consul-Default-Acl-Policy': 'allow', 'Date': 'Wed, 24 Dec 2025 23:30:38 GMT', 'Content-Length': '19'}, 'body': '192.168.1.68:8300'}'
[36m[2025-12-24 23:30:38 DEBUG] [__init__:472] No controls to apply on 'activity'
[36m[2025-12-24 23:30:38 DEBUG] [hypothesis:247] allowed tolerance is 200
[32m[2025-12-24 23:30:38 INFO] [hypothesis:260] Steady state hypothesis is met!
[36m[2025-12-24 23:30:38 DEBUG] [__init__:472] No controls to apply on 'hypothesis'
[32m[2025-12-24 23:30:38 INFO] [run:1072] Let's rollback...
[36m[2025-12-24 23:30:38 DEBUG] [__init__:472] No controls to apply on 'rollback'
[32m[2025-12-24 23:30:38 INFO] [rollback:36] Rollback: recover-network
[36m[2025-12-24 23:30:38 DEBUG] [__init__:472] No controls to apply on 'activity'
[32m[2025-12-24 23:30:38 INFO] [activity:232] Action: recover-network
[36m[2025-12-24 23:30:38 DEBUG] [python:33] Activity 'recover-network' loaded from '/app/src/lib/chaos_ssh_driver.py'
[36m[2025-12-24 23:30:38 DEBUG] [activity:262]   => succeeded without any result value
[36m[2025-12-24 23:30:38 DEBUG] [__init__:472] No controls to apply on 'activity'
[36m[2025-12-24 23:30:38 DEBUG] [__init__:472] No controls to apply on 'method'
[36m[2025-12-24 23:30:38 DEBUG] [run:696] Running steady-state hypothesis after the method
[32m[2025-12-24 23:30:38 INFO] [hypothesis:205] Steady state hypothesis: O serviço deve continuar respondendo apesar da perda de pacotes
[36m[2025-12-24 23:30:38 DEBUG] [__init__:472] No controls to apply on 'hypothesis'
[36m[2025-12-24 23:30:38 DEBUG] [__init__:472] No controls to apply on 'activity'
[32m[2025-12-24 23:30:38 INFO] [activity:232] Probe: service-is-responding
[36m[2025-12-24 23:30:38 DEBUG] [activity:260]   => succeeded with '{'status': 200, 'headers': {'Content-Type': 'application/json', 'Vary': 'Accept-Encoding', 'X-Consul-Default-Acl-Policy': 'allow', 'Date': 'Wed, 24 Dec 2025 23:30:38 GMT', 'Content-Length': '19'}, 'body': '192.168.1.68:8300'}'
[36m[2025-12-24 23:30:38 DEBUG] [__init__:472] No controls to apply on 'activity'
[36m[2025-12-24 23:30:38 DEBUG] [hypothesis:247] allowed tolerance is 200
[32m[2025-12-24 23:30:38 INFO] [hypothesis:260] Steady state hypothesis is met!
[36m[2025-12-24 23:30:38 DEBUG] [__init__:472] No controls to apply on 'hypothesis'
[32m[2025-12-24 23:30:38 INFO] [run:1072] Let's rollback...
[36m[2025-12-24 23:30:38 DEBUG] [__init__:472] No controls to apply on 'rollback'
[32m[2025-12-24 23:30:38 INFO] [rollback:36] Rollback: recover-packet-loss
[36m[2025-12-24 23:30:38 DEBUG] [__init__:472] No controls to apply on 'activity'
[32m[2025-12-24 23:30:38 INFO] [activity:232] Action: recover-packet-loss
[36m[2025-12-24 23:30:38 DEBUG] [python:33] Activity 'recover-packet-loss' loaded from '/app/src/lib/chaos_ssh_driver.py'
[36m[2025-12-24 23:30:41 DEBUG] [activity:262]   => succeeded without any result value
[36m[2025-12-24 23:30:41 DEBUG] [__init__:472] No controls to apply on 'activity'
[36m[2025-12-24 23:30:41 DEBUG] [__init__:472] No controls to apply on 'rollback'
[32m[2025-12-24 23:30:41 INFO] [run:598] Experiment ended with status: completed
[36m[2025-12-24 23:30:41 DEBUG] [__init__:472] No controls to apply on 'experiment'
[36m[2025-12-24 23:30:41 DEBUG] [__init__:106] Cleaning up controls
[36m[2025-12-24 23:30:41 DEBUG] [caching:42] Clearing activities cache
[36m[2025-12-24 23:30:42 DEBUG] [activity:262]   => succeeded without any result value
[36m[2025-12-24 23:30:42 DEBUG] [__init__:472] No controls to apply on 'activity'
[36m[2025-12-24 23:30:42 DEBUG] [__init__:472] No controls to apply on 'rollback'
[32m[2025-12-24 23:30:42 INFO] [run:598] Experiment ended with status: completed
[36m[2025-12-24 23:30:42 DEBUG] [__init__:472] No controls to apply on 'experiment'
[36m[2025-12-24 23:30:42 DEBUG] [__init__:106] Cleaning up controls
[36m[2025-12-24 23:30:42 DEBUG] [caching:42] Clearing activities cache
[36m[2025-12-24 23:30:43 DEBUG] [__init__:101] ###############################################################################
[36m[2025-12-24 23:30:43 DEBUG] [__init__:102] Running command 'run'
[36m[2025-12-24 23:30:43 DEBUG] [__init__:106] Using settings file '/root/.chaostoolkit/settings.yaml'
[36m[2025-12-24 23:30:43 DEBUG] [settings:31] The Chaos Toolkit settings file could not be found at '/root/.chaostoolkit/settings.yaml'.
[36m[2025-12-24 23:30:43 DEBUG] [__init__:472] No controls to apply on 'loader'
[36m[2025-12-24 23:30:43 DEBUG] [__init__:472] No controls to apply on 'loader'
[36m[2025-12-24 23:30:43 DEBUG] [caching:24] Building activity cache...
[36m[2025-12-24 23:30:43 DEBUG] [caching:35] Cached 3 activities
[32m[2025-12-24 23:30:43 INFO] [experiment:59] Validating the experiment's syntax
[36m[2025-12-24 23:30:43 DEBUG] [configuration:64] Loading configuration...
[36m[2025-12-24 23:30:43 DEBUG] [secret:79] Loading secrets...
[36m[2025-12-24 23:30:43 DEBUG] [secret:104] Done loading secrets
[32m[2025-12-24 23:30:43 INFO] [experiment:112] Experiment looks valid
[36m[2025-12-24 23:30:43 DEBUG] [caching:42] Clearing activities cache
[36m[2025-12-24 23:30:43 DEBUG] [run:224] Runtime strategies: hypothesis - default / rollbacks - default
[36m[2025-12-24 23:30:43 DEBUG] [caching:24] Building activity cache...
[36m[2025-12-24 23:30:43 DEBUG] [caching:35] Cached 3 activities
[36m[2025-12-24 23:30:43 DEBUG] [configuration:64] Loading configuration...
[36m[2025-12-24 23:30:43 DEBUG] [secret:79] Loading secrets...
[36m[2025-12-24 23:30:43 DEBUG] [secret:104] Done loading secrets
[36m[2025-12-24 23:30:43 DEBUG] [configuration:161] Loading dynamic configuration...
[32m[2025-12-24 23:30:43 INFO] [run:440] Running experiment: Injeção de Latência de Rede via ChaosD Remoto
[36m[2025-12-24 23:30:43 DEBUG] [__init__:67] Initializing controls
[32m[2025-12-24 23:30:43 INFO] [run:471] Steady-state strategy: default
[32m[2025-12-24 23:30:43 INFO] [run:477] Rollbacks strategy: default
[36m[2025-12-24 23:30:43 DEBUG] [__init__:472] No controls to apply on 'experiment'
[36m[2025-12-24 23:30:43 DEBUG] [run:654] Running steady-state hypothesis before the method
[32m[2025-12-24 23:30:43 INFO] [hypothesis:205] Steady state hypothesis: O serviço deve estar acessível
[36m[2025-12-24 23:30:43 DEBUG] [__init__:472] No controls to apply on 'hypothesis'
[36m[2025-12-24 23:30:43 DEBUG] [__init__:472] No controls to apply on 'activity'
[32m[2025-12-24 23:30:43 INFO] [activity:232] Probe: service-is-responding
[36m[2025-12-24 23:30:43 DEBUG] [activity:260]   => succeeded with '{'status': 200, 'headers': {'Content-Type': 'application/json', 'Vary': 'Accept-Encoding', 'X-Consul-Default-Acl-Policy': 'allow', 'Date': 'Wed, 24 Dec 2025 23:30:43 GMT', 'Content-Length': '19'}, 'body': '192.168.1.68:8300'}'
[36m[2025-12-24 23:30:43 DEBUG] [__init__:472] No controls to apply on 'activity'
[36m[2025-12-24 23:30:43 DEBUG] [hypothesis:247] allowed tolerance is 200
[32m[2025-12-24 23:30:43 INFO] [hypothesis:260] Steady state hypothesis is met!
[36m[2025-12-24 23:30:43 DEBUG] [__init__:472] No controls to apply on 'hypothesis'
[32m[2025-12-24 23:30:43 INFO] [run:778] Playing your experiment's method now...
[36m[2025-12-24 23:30:43 DEBUG] [__init__:472] No controls to apply on 'method'
[36m[2025-12-24 23:30:43 DEBUG] [__init__:472] No controls to apply on 'activity'
[32m[2025-12-24 23:30:43 INFO] [activity:232] Action: inject-network-delay
[36m[2025-12-24 23:30:43 DEBUG] [python:33] Activity 'inject-network-delay' loaded from '/app/src/lib/chaos_ssh_driver.py'
[36m[2025-12-24 23:30:44 DEBUG] [activity:260]   => succeeded with 'enp7s0'
[36m[2025-12-24 23:30:44 DEBUG] [__init__:472] No controls to apply on 'activity'
[36m[2025-12-24 23:30:44 DEBUG] [__init__:472] No controls to apply on 'activity'
[32m[2025-12-24 23:30:44 INFO] [activity:232] Action: wait-duration
[36m[2025-12-24 23:30:44 DEBUG] [python:33] Activity 'wait-duration' loaded from '/app/src/lib/chaos_ssh_driver.py'
[36m[2025-12-24 23:30:45 DEBUG] [__init__:101] ###############################################################################
[36m[2025-12-24 23:30:45 DEBUG] [__init__:102] Running command 'run'
[36m[2025-12-24 23:30:45 DEBUG] [__init__:106] Using settings file '/root/.chaostoolkit/settings.yaml'
[36m[2025-12-24 23:30:45 DEBUG] [settings:31] The Chaos Toolkit settings file could not be found at '/root/.chaostoolkit/settings.yaml'.
[36m[2025-12-24 23:30:45 DEBUG] [__init__:472] No controls to apply on 'loader'
[36m[2025-12-24 23:30:45 DEBUG] [__init__:472] No controls to apply on 'loader'
[36m[2025-12-24 23:30:45 DEBUG] [caching:24] Building activity cache...
[36m[2025-12-24 23:30:45 DEBUG] [caching:35] Cached 3 activities
[32m[2025-12-24 23:30:45 INFO] [experiment:59] Validating the experiment's syntax
[36m[2025-12-24 23:30:45 DEBUG] [configuration:64] Loading configuration...
[36m[2025-12-24 23:30:45 DEBUG] [secret:79] Loading secrets...
[36m[2025-12-24 23:30:45 DEBUG] [secret:104] Done loading secrets
[32m[2025-12-24 23:30:45 INFO] [experiment:112] Experiment looks valid
[36m[2025-12-24 23:30:45 DEBUG] [caching:42] Clearing activities cache
[36m[2025-12-24 23:30:45 DEBUG] [run:224] Runtime strategies: hypothesis - default / rollbacks - default
[36m[2025-12-24 23:30:45 DEBUG] [caching:24] Building activity cache...
[36m[2025-12-24 23:30:45 DEBUG] [caching:35] Cached 3 activities
[36m[2025-12-24 23:30:45 DEBUG] [configuration:64] Loading configuration...
[36m[2025-12-24 23:30:45 DEBUG] [secret:79] Loading secrets...
[36m[2025-12-24 23:30:45 DEBUG] [secret:104] Done loading secrets
[36m[2025-12-24 23:30:45 DEBUG] [configuration:161] Loading dynamic configuration...
[32m[2025-12-24 23:30:45 INFO] [run:440] Running experiment: Injeção de Perda de Pacotes
[36m[2025-12-24 23:30:45 DEBUG] [__init__:67] Initializing controls
[32m[2025-12-24 23:30:45 INFO] [run:471] Steady-state strategy: default
[32m[2025-12-24 23:30:45 INFO] [run:477] Rollbacks strategy: default
[36m[2025-12-24 23:30:45 DEBUG] [__init__:472] No controls to apply on 'experiment'
[36m[2025-12-24 23:30:45 DEBUG] [run:654] Running steady-state hypothesis before the method
[32m[2025-12-24 23:30:45 INFO] [hypothesis:205] Steady state hypothesis: O serviço deve continuar respondendo apesar da perda de pacotes
[36m[2025-12-24 23:30:45 DEBUG] [__init__:472] No controls to apply on 'hypothesis'
[36m[2025-12-24 23:30:45 DEBUG] [__init__:472] No controls to apply on 'activity'
[32m[2025-12-24 23:30:45 INFO] [activity:232] Probe: service-is-responding
[36m[2025-12-24 23:30:45 DEBUG] [activity:260]   => succeeded with '{'status': 200, 'headers': {'Content-Type': 'application/json', 'Vary': 'Accept-Encoding', 'X-Consul-Default-Acl-Policy': 'allow', 'Date': 'Wed, 24 Dec 2025 23:30:45 GMT', 'Content-Length': '19'}, 'body': '192.168.1.68:8300'}'
[36m[2025-12-24 23:30:45 DEBUG] [__init__:472] No controls to apply on 'activity'
[36m[2025-12-24 23:30:45 DEBUG] [hypothesis:247] allowed tolerance is 200
[32m[2025-12-24 23:30:45 INFO] [hypothesis:260] Steady state hypothesis is met!
[36m[2025-12-24 23:30:45 DEBUG] [__init__:472] No controls to apply on 'hypothesis'
[32m[2025-12-24 23:30:45 INFO] [run:778] Playing your experiment's method now...
[36m[2025-12-24 23:30:45 DEBUG] [__init__:472] No controls to apply on 'method'
[36m[2025-12-24 23:30:45 DEBUG] [__init__:472] No controls to apply on 'activity'
[32m[2025-12-24 23:30:45 INFO] [activity:232] Action: inject-packet-loss
[36m[2025-12-24 23:30:45 DEBUG] [python:33] Activity 'inject-packet-loss' loaded from '/app/src/lib/chaos_ssh_driver.py'
[36m[2025-12-24 23:30:51 DEBUG] [activity:260]   => succeeded with 'enp7s0'
[36m[2025-12-24 23:30:51 DEBUG] [__init__:472] No controls to apply on 'activity'
[36m[2025-12-24 23:30:51 DEBUG] [__init__:472] No controls to apply on 'activity'
[32m[2025-12-24 23:30:51 INFO] [activity:232] Action: wait-duration
[36m[2025-12-24 23:30:51 DEBUG] [python:33] Activity 'wait-duration' loaded from '/app/src/lib/chaos_ssh_driver.py'
[36m[2025-12-24 23:31:14 DEBUG] [activity:262]   => succeeded without any result value
[36m[2025-12-24 23:31:14 DEBUG] [__init__:472] No controls to apply on 'activity'
[36m[2025-12-24 23:31:14 DEBUG] [__init__:472] No controls to apply on 'method'
[36m[2025-12-24 23:31:14 DEBUG] [run:696] Running steady-state hypothesis after the method
[32m[2025-12-24 23:31:14 INFO] [hypothesis:205] Steady state hypothesis: O serviço deve estar acessível
[36m[2025-12-24 23:31:14 DEBUG] [__init__:472] No controls to apply on 'hypothesis'
[36m[2025-12-24 23:31:14 DEBUG] [__init__:472] No controls to apply on 'activity'
[32m[2025-12-24 23:31:14 INFO] [activity:232] Probe: service-is-responding
[36m[2025-12-24 23:31:15 DEBUG] [activity:260]   => succeeded with '{'status': 200, 'headers': {'Content-Type': 'application/json', 'Vary': 'Accept-Encoding', 'X-Consul-Default-Acl-Policy': 'allow', 'Date': 'Wed, 24 Dec 2025 23:31:14 GMT', 'Content-Length': '19'}, 'body': '192.168.1.68:8300'}'
[36m[2025-12-24 23:31:15 DEBUG] [__init__:472] No controls to apply on 'activity'
[36m[2025-12-24 23:31:15 DEBUG] [hypothesis:247] allowed tolerance is 200
[32m[2025-12-24 23:31:15 INFO] [hypothesis:260] Steady state hypothesis is met!
[36m[2025-12-24 23:31:15 DEBUG] [__init__:472] No controls to apply on 'hypothesis'
[32m[2025-12-24 23:31:15 INFO] [run:1072] Let's rollback...
[36m[2025-12-24 23:31:15 DEBUG] [__init__:472] No controls to apply on 'rollback'
[32m[2025-12-24 23:31:15 INFO] [rollback:36] Rollback: recover-network
[36m[2025-12-24 23:31:15 DEBUG] [__init__:472] No controls to apply on 'activity'
[32m[2025-12-24 23:31:15 INFO] [activity:232] Action: recover-network
[36m[2025-12-24 23:31:15 DEBUG] [python:33] Activity 'recover-network' loaded from '/app/src/lib/chaos_ssh_driver.py'
[36m[2025-12-24 23:31:21 DEBUG] [activity:262]   => succeeded without any result value
[36m[2025-12-24 23:31:21 DEBUG] [__init__:472] No controls to apply on 'activity'
[36m[2025-12-24 23:31:21 DEBUG] [__init__:472] No controls to apply on 'rollback'
[32m[2025-12-24 23:31:21 INFO] [run:598] Experiment ended with status: completed
[36m[2025-12-24 23:31:21 DEBUG] [__init__:472] No controls to apply on 'experiment'
[36m[2025-12-24 23:31:21 DEBUG] [__init__:106] Cleaning up controls
[36m[2025-12-24 23:31:21 DEBUG] [caching:42] Clearing activities cache
[36m[2025-12-24 23:31:21 DEBUG] [activity:262]   => succeeded without any result value
[36m[2025-12-24 23:31:21 DEBUG] [__init__:472] No controls to apply on 'activity'
[36m[2025-12-24 23:31:21 DEBUG] [__init__:472] No controls to apply on 'method'
[36m[2025-12-24 23:31:21 DEBUG] [run:696] Running steady-state hypothesis after the method
[32m[2025-12-24 23:31:21 INFO] [hypothesis:205] Steady state hypothesis: O serviço deve continuar respondendo apesar da perda de pacotes
[36m[2025-12-24 23:31:21 DEBUG] [__init__:472] No controls to apply on 'hypothesis'
[36m[2025-12-24 23:31:21 DEBUG] [__init__:472] No controls to apply on 'activity'
[32m[2025-12-24 23:31:21 INFO] [activity:232] Probe: service-is-responding
[36m[2025-12-24 23:31:23 DEBUG] [activity:260]   => succeeded with '{'status': 200, 'headers': {'Content-Type': 'application/json', 'Vary': 'Accept-Encoding', 'X-Consul-Default-Acl-Policy': 'allow', 'Date': 'Wed, 24 Dec 2025 23:31:22 GMT', 'Content-Length': '19'}, 'body': '192.168.1.68:8300'}'
[36m[2025-12-24 23:31:23 DEBUG] [__init__:472] No controls to apply on 'activity'
[36m[2025-12-24 23:31:23 DEBUG] [hypothesis:247] allowed tolerance is 200
[32m[2025-12-24 23:31:23 INFO] [hypothesis:260] Steady state hypothesis is met!
[36m[2025-12-24 23:31:23 DEBUG] [__init__:472] No controls to apply on 'hypothesis'
[32m[2025-12-24 23:31:23 INFO] [run:1072] Let's rollback...
[36m[2025-12-24 23:31:23 DEBUG] [__init__:472] No controls to apply on 'rollback'
[32m[2025-12-24 23:31:23 INFO] [rollback:36] Rollback: recover-packet-loss
[36m[2025-12-24 23:31:23 DEBUG] [__init__:472] No controls to apply on 'activity'
[32m[2025-12-24 23:31:23 INFO] [activity:232] Action: recover-packet-loss
[36m[2025-12-24 23:31:23 DEBUG] [python:33] Activity 'recover-packet-loss' loaded from '/app/src/lib/chaos_ssh_driver.py'
[36m[2025-12-24 23:31:28 DEBUG] [activity:262]   => succeeded without any result value
[36m[2025-12-24 23:31:28 DEBUG] [__init__:472] No controls to apply on 'activity'
[36m[2025-12-24 23:31:28 DEBUG] [__init__:472] No controls to apply on 'rollback'
[32m[2025-12-24 23:31:28 INFO] [run:598] Experiment ended with status: completed
[36m[2025-12-24 23:31:28 DEBUG] [__init__:472] No controls to apply on 'experiment'
[36m[2025-12-24 23:31:28 DEBUG] [__init__:106] Cleaning up controls
[36m[2025-12-24 23:31:28 DEBUG] [caching:42] Clearing activities cache
[36m[2026-01-05 14:18:18 DEBUG] [__init__:101] ###############################################################################
[36m[2026-01-05 14:18:18 DEBUG] [__init__:102] Running command 'run'
[36m[2026-01-05 14:18:18 DEBUG] [__init__:106] Using settings file '/root/.chaostoolkit/settings.yaml'
[36m[2026-01-05 14:18:19 DEBUG] [settings:31] The Chaos Toolkit settings file could not be found at '/root/.chaostoolkit/settings.yaml'.
[36m[2026-01-05 14:18:19 DEBUG] [__init__:472] No controls to apply on 'loader'
[36m[2026-01-05 14:18:19 DEBUG] [__init__:472] No controls to apply on 'loader'
[36m[2026-01-05 14:18:19 DEBUG] [caching:24] Building activity cache...
[36m[2026-01-05 14:18:19 DEBUG] [caching:35] Cached 3 activities
[32m[2026-01-05 14:18:19 INFO] [experiment:59] Validating the experiment's syntax
[36m[2026-01-05 14:18:19 DEBUG] [configuration:64] Loading configuration...
[36m[2026-01-05 14:18:19 DEBUG] [secret:79] Loading secrets...
[36m[2026-01-05 14:18:19 DEBUG] [secret:104] Done loading secrets
[32m[2026-01-05 14:18:19 INFO] [experiment:112] Experiment looks valid
[36m[2026-01-05 14:18:19 DEBUG] [caching:42] Clearing activities cache
[36m[2026-01-05 14:18:19 DEBUG] [run:224] Runtime strategies: hypothesis - default / rollbacks - default
[36m[2026-01-05 14:18:19 DEBUG] [caching:24] Building activity cache...
[36m[2026-01-05 14:18:19 DEBUG] [caching:35] Cached 3 activities
[36m[2026-01-05 14:18:19 DEBUG] [configuration:64] Loading configuration...
[36m[2026-01-05 14:18:19 DEBUG] [secret:79] Loading secrets...
[36m[2026-01-05 14:18:19 DEBUG] [secret:104] Done loading secrets
[36m[2026-01-05 14:18:19 DEBUG] [configuration:161] Loading dynamic configuration...
[32m[2026-01-05 14:18:19 INFO] [run:440] Running experiment: Injeção de Perda de Pacotes
[36m[2026-01-05 14:18:19 DEBUG] [__init__:67] Initializing controls
[32m[2026-01-05 14:18:19 INFO] [run:471] Steady-state strategy: default
[32m[2026-01-05 14:18:19 INFO] [run:477] Rollbacks strategy: default
[36m[2026-01-05 14:18:19 DEBUG] [__init__:472] No controls to apply on 'experiment'
[36m[2026-01-05 14:18:19 DEBUG] [run:654] Running steady-state hypothesis before the method
[32m[2026-01-05 14:18:19 INFO] [hypothesis:205] Steady state hypothesis: O serviço deve continuar respondendo apesar da perda de pacotes
[36m[2026-01-05 14:18:19 DEBUG] [__init__:472] No controls to apply on 'hypothesis'
[36m[2026-01-05 14:18:19 DEBUG] [__init__:472] No controls to apply on 'activity'
[32m[2026-01-05 14:18:19 INFO] [activity:232] Probe: service-is-responding
[36m[2026-01-05 14:18:19 DEBUG] [activity:260]   => succeeded with '{'status': 200, 'headers': {'Content-Type': 'application/json', 'Vary': 'Accept-Encoding', 'X-Consul-Default-Acl-Policy': 'allow', 'Date': 'Mon, 05 Jan 2026 14:18:19 GMT', 'Content-Length': '19'}, 'body': '192.168.1.68:8300'}'
[36m[2026-01-05 14:18:19 DEBUG] [__init__:472] No controls to apply on 'activity'
[36m[2026-01-05 14:18:19 DEBUG] [hypothesis:247] allowed tolerance is 200
[32m[2026-01-05 14:18:19 INFO] [hypothesis:260] Steady state hypothesis is met!
[36m[2026-01-05 14:18:19 DEBUG] [__init__:472] No controls to apply on 'hypothesis'
[32m[2026-01-05 14:18:19 INFO] [run:778] Playing your experiment's method now...
[36m[2026-01-05 14:18:19 DEBUG] [__init__:472] No controls to apply on 'method'
[36m[2026-01-05 14:18:19 DEBUG] [__init__:472] No controls to apply on 'activity'
[32m[2026-01-05 14:18:19 INFO] [activity:232] Action: inject-packet-loss
[36m[2026-01-05 14:18:19 DEBUG] [python:33] Activity 'inject-packet-loss' loaded from '/app/src/lib/chaos_ssh_driver.py'
[36m[2026-01-05 14:18:20 DEBUG] [activity:260]   => succeeded with 'enp7s0'
[36m[2026-01-05 14:18:20 DEBUG] [__init__:472] No controls to apply on 'activity'
[36m[2026-01-05 14:18:20 DEBUG] [__init__:472] No controls to apply on 'activity'
[32m[2026-01-05 14:18:20 INFO] [activity:232] Action: wait-duration
[36m[2026-01-05 14:18:20 DEBUG] [python:33] Activity 'wait-duration' loaded from '/app/src/lib/chaos_ssh_driver.py'
[36m[2026-01-05 14:18:50 DEBUG] [activity:262]   => succeeded without any result value
[36m[2026-01-05 14:18:50 DEBUG] [__init__:472] No controls to apply on 'activity'
[36m[2026-01-05 14:18:50 DEBUG] [__init__:472] No controls to apply on 'method'
[36m[2026-01-05 14:18:50 DEBUG] [run:696] Running steady-state hypothesis after the method
[32m[2026-01-05 14:18:50 INFO] [hypothesis:205] Steady state hypothesis: O serviço deve continuar respondendo apesar da perda de pacotes
[36m[2026-01-05 14:18:50 DEBUG] [__init__:472] No controls to apply on 'hypothesis'
[36m[2026-01-05 14:18:50 DEBUG] [__init__:472] No controls to apply on 'activity'
[32m[2026-01-05 14:18:50 INFO] [activity:232] Probe: service-is-responding
[36m[2026-01-05 14:18:50 DEBUG] [activity:260]   => succeeded with '{'status': 200, 'headers': {'Content-Type': 'application/json', 'Vary': 'Accept-Encoding', 'X-Consul-Default-Acl-Policy': 'allow', 'Date': 'Mon, 05 Jan 2026 14:18:50 GMT', 'Content-Length': '19'}, 'body': '192.168.1.68:8300'}'
[36m[2026-01-05 14:18:50 DEBUG] [__init__:472] No controls to apply on 'activity'
[36m[2026-01-05 14:18:50 DEBUG] [hypothesis:247] allowed tolerance is 200
[32m[2026-01-05 14:18:50 INFO] [hypothesis:260] Steady state hypothesis is met!
[36m[2026-01-05 14:18:50 DEBUG] [__init__:472] No controls to apply on 'hypothesis'
[32m[2026-01-05 14:18:50 INFO] [run:1072] Let's rollback...
[36m[2026-01-05 14:18:50 DEBUG] [__init__:472] No controls to apply on 'rollback'
[32m[2026-01-05 14:18:50 INFO] [rollback:36] Rollback: recover-packet-loss
[36m[2026-01-05 14:18:50 DEBUG] [__init__:472] No controls to apply on 'activity'
[32m[2026-01-05 14:18:50 INFO] [activity:232] Action: recover-packet-loss
[36m[2026-01-05 14:18:50 DEBUG] [python:33] Activity 'recover-packet-loss' loaded from '/app/src/lib/chaos_ssh_driver.py'
[36m[2026-01-05 14:18:51 DEBUG] [activity:262]   => succeeded without any result value
[36m[2026-01-05 14:18:51 DEBUG] [__init__:472] No controls to apply on 'activity'
[36m[2026-01-05 14:18:51 DEBUG] [__init__:472] No controls to apply on 'rollback'
[32m[2026-01-05 14:18:51 INFO] [run:598] Experiment ended with status: completed
[36m[2026-01-05 14:18:51 DEBUG] [__init__:472] No controls to apply on 'experiment'
[36m[2026-01-05 14:18:51 DEBUG] [__init__:106] Cleaning up controls
[36m[2026-01-05 14:18:51 DEBUG] [caching:42] Clearing activities cache
[36m[2026-01-05 14:23:54 DEBUG] [__init__:101] ###############################################################################
[36m[2026-01-05 14:23:54 DEBUG] [__init__:102] Running command 'run'
[36m[2026-01-05 14:23:54 DEBUG] [__init__:106] Using settings file '/root/.chaostoolkit/settings.yaml'
[36m[2026-01-05 14:23:54 DEBUG] [settings:31] The Chaos Toolkit settings file could not be found at '/root/.chaostoolkit/settings.yaml'.
[36m[2026-01-05 14:23:54 DEBUG] [__init__:472] No controls to apply on 'loader'
[36m[2026-01-05 14:23:54 DEBUG] [__init__:472] No controls to apply on 'loader'
[36m[2026-01-05 14:23:54 DEBUG] [caching:24] Building activity cache...
[36m[2026-01-05 14:23:54 DEBUG] [caching:35] Cached 4 activities
[32m[2026-01-05 14:23:54 INFO] [experiment:59] Validating the experiment's syntax
[36m[2026-01-05 14:23:54 DEBUG] [configuration:64] Loading configuration...
[36m[2026-01-05 14:23:54 DEBUG] [secret:79] Loading secrets...
[36m[2026-01-05 14:23:54 DEBUG] [secret:104] Done loading secrets
[32m[2026-01-05 14:23:54 INFO] [experiment:112] Experiment looks valid
[36m[2026-01-05 14:23:54 DEBUG] [caching:42] Clearing activities cache
[36m[2026-01-05 14:23:54 DEBUG] [run:224] Runtime strategies: hypothesis - default / rollbacks - default
[36m[2026-01-05 14:23:54 DEBUG] [caching:24] Building activity cache...
[36m[2026-01-05 14:23:54 DEBUG] [caching:35] Cached 4 activities
[36m[2026-01-05 14:23:54 DEBUG] [configuration:64] Loading configuration...
[36m[2026-01-05 14:23:54 DEBUG] [secret:79] Loading secrets...
[36m[2026-01-05 14:23:54 DEBUG] [secret:104] Done loading secrets
[36m[2026-01-05 14:23:54 DEBUG] [configuration:161] Loading dynamic configuration...
[32m[2026-01-05 14:23:54 INFO] [run:440] Running experiment: Injeção de Corrupção de Pacotes
[36m[2026-01-05 14:23:54 DEBUG] [__init__:67] Initializing controls
[32m[2026-01-05 14:23:54 INFO] [run:471] Steady-state strategy: default
[32m[2026-01-05 14:23:54 INFO] [run:477] Rollbacks strategy: default
[36m[2026-01-05 14:23:54 DEBUG] [__init__:472] No controls to apply on 'experiment'
[36m[2026-01-05 14:23:54 DEBUG] [run:654] Running steady-state hypothesis before the method
[32m[2026-01-05 14:23:54 INFO] [hypothesis:205] Steady state hypothesis: O serviço deve continuar respondendo apesar da corrupção de pacotes
[36m[2026-01-05 14:23:54 DEBUG] [__init__:472] No controls to apply on 'hypothesis'
[36m[2026-01-05 14:23:54 DEBUG] [__init__:472] No controls to apply on 'activity'
[32m[2026-01-05 14:23:54 INFO] [activity:232] Probe: service-is-responding
[36m[2026-01-05 14:23:54 DEBUG] [activity:260]   => succeeded with '{'status': 200, 'headers': {'Content-Type': 'application/json', 'Vary': 'Accept-Encoding', 'X-Consul-Default-Acl-Policy': 'allow', 'Date': 'Mon, 05 Jan 2026 14:23:54 GMT', 'Content-Length': '19'}, 'body': '192.168.1.68:8300'}'
[36m[2026-01-05 14:23:54 DEBUG] [__init__:472] No controls to apply on 'activity'
[36m[2026-01-05 14:23:54 DEBUG] [hypothesis:247] allowed tolerance is 200
[32m[2026-01-05 14:23:54 INFO] [hypothesis:260] Steady state hypothesis is met!
[36m[2026-01-05 14:23:54 DEBUG] [__init__:472] No controls to apply on 'hypothesis'
[32m[2026-01-05 14:23:54 INFO] [run:778] Playing your experiment's method now...
[36m[2026-01-05 14:23:54 DEBUG] [__init__:472] No controls to apply on 'method'
[36m[2026-01-05 14:23:54 DEBUG] [__init__:472] No controls to apply on 'activity'
[32m[2026-01-05 14:23:54 INFO] [activity:232] Action: inject-packet-corruption
[36m[2026-01-05 14:23:54 DEBUG] [python:33] Activity 'inject-packet-corruption' loaded from '/app/src/lib/chaos_ssh_driver.py'
[36m[2026-01-05 14:23:54 DEBUG] [activity:260]   => succeeded with 'enp7s0'
[36m[2026-01-05 14:23:54 DEBUG] [__init__:472] No controls to apply on 'activity'
[36m[2026-01-05 14:23:54 DEBUG] [__init__:472] No controls to apply on 'activity'
[32m[2026-01-05 14:23:54 INFO] [activity:232] Action: wait-duration
[36m[2026-01-05 14:23:54 DEBUG] [python:33] Activity 'wait-duration' loaded from '/app/src/lib/chaos_ssh_driver.py'
[36m[2026-01-05 14:24:24 DEBUG] [activity:262]   => succeeded without any result value
[36m[2026-01-05 14:24:24 DEBUG] [__init__:472] No controls to apply on 'activity'
[36m[2026-01-05 14:24:24 DEBUG] [__init__:472] No controls to apply on 'activity'
[32m[2026-01-05 14:24:24 INFO] [activity:232] Action: recover-packet-corruption
[36m[2026-01-05 14:24:24 DEBUG] [python:33] Activity 'recover-packet-corruption' loaded from '/app/src/lib/chaos_ssh_driver.py'
[36m[2026-01-05 14:24:24 DEBUG] [activity:262]   => succeeded without any result value
[36m[2026-01-05 14:24:24 DEBUG] [__init__:472] No controls to apply on 'activity'
[36m[2026-01-05 14:24:24 DEBUG] [__init__:472] No controls to apply on 'method'
[36m[2026-01-05 14:24:24 DEBUG] [run:696] Running steady-state hypothesis after the method
[32m[2026-01-05 14:24:24 INFO] [hypothesis:205] Steady state hypothesis: O serviço deve continuar respondendo apesar da corrupção de pacotes
[36m[2026-01-05 14:24:24 DEBUG] [__init__:472] No controls to apply on 'hypothesis'
[36m[2026-01-05 14:24:24 DEBUG] [__init__:472] No controls to apply on 'activity'
[32m[2026-01-05 14:24:24 INFO] [activity:232] Probe: service-is-responding
[36m[2026-01-05 14:24:24 DEBUG] [activity:260]   => succeeded with '{'status': 200, 'headers': {'Content-Type': 'application/json', 'Vary': 'Accept-Encoding', 'X-Consul-Default-Acl-Policy': 'allow', 'Date': 'Mon, 05 Jan 2026 14:24:24 GMT', 'Content-Length': '19'}, 'body': '192.168.1.68:8300'}'
[36m[2026-01-05 14:24:24 DEBUG] [__init__:472] No controls to apply on 'activity'
[36m[2026-01-05 14:24:24 DEBUG] [hypothesis:247] allowed tolerance is 200
[32m[2026-01-05 14:24:24 INFO] [hypothesis:260] Steady state hypothesis is met!
[36m[2026-01-05 14:24:24 DEBUG] [__init__:472] No controls to apply on 'hypothesis'
[32m[2026-01-05 14:24:24 INFO] [run:1072] Let's rollback...
[36m[2026-01-05 14:24:24 DEBUG] [__init__:472] No controls to apply on 'rollback'
[32m[2026-01-05 14:24:24 INFO] [rollback:33] No declared rollbacks, let's move on.
[36m[2026-01-05 14:24:24 DEBUG] [__init__:472] No controls to apply on 'rollback'
[32m[2026-01-05 14:24:24 INFO] [run:598] Experiment ended with status: completed
[36m[2026-01-05 14:24:24 DEBUG] [__init__:472] No controls to apply on 'experiment'
[36m[2026-01-05 14:24:24 DEBUG] [__init__:106] Cleaning up controls
[36m[2026-01-05 14:24:24 DEBUG] [caching:42] Clearing activities cache
[36m[2026-01-05 14:30:54 DEBUG] [__init__:101] ###############################################################################
[36m[2026-01-05 14:30:54 DEBUG] [__init__:102] Running command 'run'
[36m[2026-01-05 14:30:54 DEBUG] [__init__:106] Using settings file '/root/.chaostoolkit/settings.yaml'
[36m[2026-01-05 14:30:54 DEBUG] [settings:31] The Chaos Toolkit settings file could not be found at '/root/.chaostoolkit/settings.yaml'.
[36m[2026-01-05 14:30:54 DEBUG] [__init__:472] No controls to apply on 'loader'
[36m[2026-01-05 14:30:54 DEBUG] [__init__:472] No controls to apply on 'loader'
[36m[2026-01-05 14:30:54 DEBUG] [caching:24] Building activity cache...
[36m[2026-01-05 14:30:54 DEBUG] [caching:35] Cached 4 activities
[32m[2026-01-05 14:30:54 INFO] [experiment:59] Validating the experiment's syntax
[36m[2026-01-05 14:30:54 DEBUG] [configuration:64] Loading configuration...
[36m[2026-01-05 14:30:54 DEBUG] [secret:79] Loading secrets...
[36m[2026-01-05 14:30:54 DEBUG] [secret:104] Done loading secrets
[32m[2026-01-05 14:30:54 INFO] [experiment:112] Experiment looks valid
[36m[2026-01-05 14:30:54 DEBUG] [caching:42] Clearing activities cache
[36m[2026-01-05 14:30:54 DEBUG] [run:224] Runtime strategies: hypothesis - default / rollbacks - default
[36m[2026-01-05 14:30:54 DEBUG] [caching:24] Building activity cache...
[36m[2026-01-05 14:30:54 DEBUG] [caching:35] Cached 4 activities
[36m[2026-01-05 14:30:54 DEBUG] [configuration:64] Loading configuration...
[36m[2026-01-05 14:30:54 DEBUG] [secret:79] Loading secrets...
[36m[2026-01-05 14:30:54 DEBUG] [secret:104] Done loading secrets
[36m[2026-01-05 14:30:54 DEBUG] [configuration:161] Loading dynamic configuration...
[32m[2026-01-05 14:30:54 INFO] [run:440] Running experiment: Injeção de Limite de Largura de Banda
[36m[2026-01-05 14:30:54 DEBUG] [__init__:67] Initializing controls
[32m[2026-01-05 14:30:54 INFO] [run:471] Steady-state strategy: default
[32m[2026-01-05 14:30:54 INFO] [run:477] Rollbacks strategy: default
[36m[2026-01-05 14:30:54 DEBUG] [__init__:472] No controls to apply on 'experiment'
[36m[2026-01-05 14:30:54 DEBUG] [run:654] Running steady-state hypothesis before the method
[32m[2026-01-05 14:30:54 INFO] [hypothesis:205] Steady state hypothesis: O serviço deve continuar respondendo apesar do limite de banda
[36m[2026-01-05 14:30:54 DEBUG] [__init__:472] No controls to apply on 'hypothesis'
[36m[2026-01-05 14:30:54 DEBUG] [__init__:472] No controls to apply on 'activity'
[32m[2026-01-05 14:30:54 INFO] [activity:232] Probe: service-is-responding
[36m[2026-01-05 14:30:54 DEBUG] [activity:260]   => succeeded with '{'status': 200, 'headers': {'Content-Type': 'application/json', 'Vary': 'Accept-Encoding', 'X-Consul-Default-Acl-Policy': 'allow', 'Date': 'Mon, 05 Jan 2026 14:30:54 GMT', 'Content-Length': '19'}, 'body': '192.168.1.68:8300'}'
[36m[2026-01-05 14:30:54 DEBUG] [__init__:472] No controls to apply on 'activity'
[36m[2026-01-05 14:30:54 DEBUG] [hypothesis:247] allowed tolerance is 200
[32m[2026-01-05 14:30:54 INFO] [hypothesis:260] Steady state hypothesis is met!
[36m[2026-01-05 14:30:54 DEBUG] [__init__:472] No controls to apply on 'hypothesis'
[32m[2026-01-05 14:30:54 INFO] [run:778] Playing your experiment's method now...
[36m[2026-01-05 14:30:54 DEBUG] [__init__:472] No controls to apply on 'method'
[36m[2026-01-05 14:30:54 DEBUG] [__init__:472] No controls to apply on 'activity'
[32m[2026-01-05 14:30:54 INFO] [activity:232] Action: inject-bandwidth-limit
[36m[2026-01-05 14:30:54 DEBUG] [python:33] Activity 'inject-bandwidth-limit' loaded from '/app/src/lib/chaos_ssh_driver.py'
[36m[2026-01-05 14:30:54 DEBUG] [activity:260]   => succeeded with 'enp7s0'
[36m[2026-01-05 14:30:54 DEBUG] [__init__:472] No controls to apply on 'activity'
[36m[2026-01-05 14:30:54 DEBUG] [__init__:472] No controls to apply on 'activity'
[32m[2026-01-05 14:30:54 INFO] [activity:232] Action: wait-duration
[36m[2026-01-05 14:30:54 DEBUG] [python:33] Activity 'wait-duration' loaded from '/app/src/lib/chaos_ssh_driver.py'
[36m[2026-01-05 14:31:24 DEBUG] [activity:262]   => succeeded without any result value
[36m[2026-01-05 14:31:24 DEBUG] [__init__:472] No controls to apply on 'activity'
[36m[2026-01-05 14:31:24 DEBUG] [__init__:472] No controls to apply on 'activity'
[32m[2026-01-05 14:31:24 INFO] [activity:232] Action: recover-bandwidth-limit
[36m[2026-01-05 14:31:24 DEBUG] [python:33] Activity 'recover-bandwidth-limit' loaded from '/app/src/lib/chaos_ssh_driver.py'
[36m[2026-01-05 14:31:25 DEBUG] [activity:262]   => succeeded without any result value
[36m[2026-01-05 14:31:25 DEBUG] [__init__:472] No controls to apply on 'activity'
[36m[2026-01-05 14:31:25 DEBUG] [__init__:472] No controls to apply on 'method'
[36m[2026-01-05 14:31:25 DEBUG] [run:696] Running steady-state hypothesis after the method
[32m[2026-01-05 14:31:25 INFO] [hypothesis:205] Steady state hypothesis: O serviço deve continuar respondendo apesar do limite de banda
[36m[2026-01-05 14:31:25 DEBUG] [__init__:472] No controls to apply on 'hypothesis'
[36m[2026-01-05 14:31:25 DEBUG] [__init__:472] No controls to apply on 'activity'
[32m[2026-01-05 14:31:25 INFO] [activity:232] Probe: service-is-responding
[36m[2026-01-05 14:31:25 DEBUG] [activity:260]   => succeeded with '{'status': 200, 'headers': {'Content-Type': 'application/json', 'Vary': 'Accept-Encoding', 'X-Consul-Default-Acl-Policy': 'allow', 'Date': 'Mon, 05 Jan 2026 14:31:25 GMT', 'Content-Length': '19'}, 'body': '192.168.1.68:8300'}'
[36m[2026-01-05 14:31:25 DEBUG] [__init__:472] No controls to apply on 'activity'
[36m[2026-01-05 14:31:25 DEBUG] [hypothesis:247] allowed tolerance is 200
[32m[2026-01-05 14:31:25 INFO] [hypothesis:260] Steady state hypothesis is met!
[36m[2026-01-05 14:31:25 DEBUG] [__init__:472] No controls to apply on 'hypothesis'
[32m[2026-01-05 14:31:25 INFO] [run:1072] Let's rollback...
[36m[2026-01-05 14:31:25 DEBUG] [__init__:472] No controls to apply on 'rollback'
[32m[2026-01-05 14:31:25 INFO] [rollback:33] No declared rollbacks, let's move on.
[36m[2026-01-05 14:31:25 DEBUG] [__init__:472] No controls to apply on 'rollback'
[32m[2026-01-05 14:31:25 INFO] [run:598] Experiment ended with status: completed
[36m[2026-01-05 14:31:25 DEBUG] [__init__:472] No controls to apply on 'experiment'
[36m[2026-01-05 14:31:25 DEBUG] [__init__:106] Cleaning up controls
[36m[2026-01-05 14:31:25 DEBUG] [caching:42] Clearing activities cache
[36m[2026-01-05 14:40:37 DEBUG] [__init__:101] ###############################################################################
[36m[2026-01-05 14:40:37 DEBUG] [__init__:102] Running command 'run'
[36m[2026-01-05 14:40:37 DEBUG] [__init__:106] Using settings file '/root/.chaostoolkit/settings.yaml'
[36m[2026-01-05 14:40:37 DEBUG] [settings:31] The Chaos Toolkit settings file could not be found at '/root/.chaostoolkit/settings.yaml'.
[36m[2026-01-05 14:40:37 DEBUG] [__init__:472] No controls to apply on 'loader'
[36m[2026-01-05 14:40:37 DEBUG] [__init__:472] No controls to apply on 'loader'
[36m[2026-01-05 14:40:37 DEBUG] [caching:24] Building activity cache...
[36m[2026-01-05 14:40:37 DEBUG] [caching:35] Cached 4 activities
[32m[2026-01-05 14:40:37 INFO] [experiment:59] Validating the experiment's syntax
[36m[2026-01-05 14:40:37 DEBUG] [configuration:64] Loading configuration...
[36m[2026-01-05 14:40:37 DEBUG] [secret:79] Loading secrets...
[36m[2026-01-05 14:40:37 DEBUG] [secret:104] Done loading secrets
[32m[2026-01-05 14:40:37 INFO] [experiment:112] Experiment looks valid
[36m[2026-01-05 14:40:37 DEBUG] [caching:42] Clearing activities cache
[36m[2026-01-05 14:40:37 DEBUG] [run:224] Runtime strategies: hypothesis - default / rollbacks - default
[36m[2026-01-05 14:40:37 DEBUG] [caching:24] Building activity cache...
[36m[2026-01-05 14:40:37 DEBUG] [caching:35] Cached 4 activities
[36m[2026-01-05 14:40:37 DEBUG] [configuration:64] Loading configuration...
[36m[2026-01-05 14:40:37 DEBUG] [secret:79] Loading secrets...
[36m[2026-01-05 14:40:37 DEBUG] [secret:104] Done loading secrets
[36m[2026-01-05 14:40:37 DEBUG] [configuration:161] Loading dynamic configuration...
[32m[2026-01-05 14:40:37 INFO] [run:440] Running experiment: Injeção de Limite de Largura de Banda
[36m[2026-01-05 14:40:37 DEBUG] [__init__:67] Initializing controls
[32m[2026-01-05 14:40:37 INFO] [run:471] Steady-state strategy: default
[32m[2026-01-05 14:40:37 INFO] [run:477] Rollbacks strategy: default
[36m[2026-01-05 14:40:37 DEBUG] [__init__:472] No controls to apply on 'experiment'
[36m[2026-01-05 14:40:37 DEBUG] [run:654] Running steady-state hypothesis before the method
[32m[2026-01-05 14:40:37 INFO] [hypothesis:205] Steady state hypothesis: O serviço deve continuar respondendo apesar do limite de banda
[36m[2026-01-05 14:40:37 DEBUG] [__init__:472] No controls to apply on 'hypothesis'
[36m[2026-01-05 14:40:37 DEBUG] [__init__:472] No controls to apply on 'activity'
[32m[2026-01-05 14:40:37 INFO] [activity:232] Probe: service-is-responding
[36m[2026-01-05 14:40:37 DEBUG] [activity:260]   => succeeded with '{'status': 200, 'headers': {'Content-Type': 'application/json', 'Vary': 'Accept-Encoding', 'X-Consul-Default-Acl-Policy': 'allow', 'Date': 'Mon, 05 Jan 2026 14:40:37 GMT', 'Content-Length': '19'}, 'body': '192.168.1.68:8300'}'
[36m[2026-01-05 14:40:37 DEBUG] [__init__:472] No controls to apply on 'activity'
[36m[2026-01-05 14:40:37 DEBUG] [hypothesis:247] allowed tolerance is 200
[32m[2026-01-05 14:40:37 INFO] [hypothesis:260] Steady state hypothesis is met!
[36m[2026-01-05 14:40:37 DEBUG] [__init__:472] No controls to apply on 'hypothesis'
[32m[2026-01-05 14:40:37 INFO] [run:778] Playing your experiment's method now...
[36m[2026-01-05 14:40:37 DEBUG] [__init__:472] No controls to apply on 'method'
[36m[2026-01-05 14:40:37 DEBUG] [__init__:472] No controls to apply on 'activity'
[32m[2026-01-05 14:40:37 INFO] [activity:232] Action: inject-bandwidth-limit
[36m[2026-01-05 14:40:37 DEBUG] [python:33] Activity 'inject-bandwidth-limit' loaded from '/app/src/lib/chaos_ssh_driver.py'
[36m[2026-01-05 14:40:38 DEBUG] [activity:260]   => succeeded with 'enp7s0'
[36m[2026-01-05 14:40:38 DEBUG] [__init__:472] No controls to apply on 'activity'
[36m[2026-01-05 14:40:38 DEBUG] [__init__:472] No controls to apply on 'activity'
[32m[2026-01-05 14:40:38 INFO] [activity:232] Action: wait-duration
[36m[2026-01-05 14:40:38 DEBUG] [python:33] Activity 'wait-duration' loaded from '/app/src/lib/chaos_ssh_driver.py'
[36m[2026-01-05 14:41:08 DEBUG] [activity:262]   => succeeded without any result value
[36m[2026-01-05 14:41:08 DEBUG] [__init__:472] No controls to apply on 'activity'
[36m[2026-01-05 14:41:08 DEBUG] [__init__:472] No controls to apply on 'activity'
[32m[2026-01-05 14:41:08 INFO] [activity:232] Action: recover-bandwidth-limit
[36m[2026-01-05 14:41:08 DEBUG] [python:33] Activity 'recover-bandwidth-limit' loaded from '/app/src/lib/chaos_ssh_driver.py'
[36m[2026-01-05 14:41:18 DEBUG] [activity:262]   => succeeded without any result value
[36m[2026-01-05 14:41:18 DEBUG] [__init__:472] No controls to apply on 'activity'
[36m[2026-01-05 14:41:18 DEBUG] [__init__:472] No controls to apply on 'method'
[36m[2026-01-05 14:41:18 DEBUG] [run:696] Running steady-state hypothesis after the method
[32m[2026-01-05 14:41:18 INFO] [hypothesis:205] Steady state hypothesis: O serviço deve continuar respondendo apesar do limite de banda
[36m[2026-01-05 14:41:18 DEBUG] [__init__:472] No controls to apply on 'hypothesis'
[36m[2026-01-05 14:41:18 DEBUG] [__init__:472] No controls to apply on 'activity'
[32m[2026-01-05 14:41:18 INFO] [activity:232] Probe: service-is-responding
[36m[2026-01-05 14:41:18 DEBUG] [activity:260]   => succeeded with '{'status': 200, 'headers': {'Content-Type': 'application/json', 'Vary': 'Accept-Encoding', 'X-Consul-Default-Acl-Policy': 'allow', 'Date': 'Mon, 05 Jan 2026 14:41:18 GMT', 'Content-Length': '19'}, 'body': '192.168.1.68:8300'}'
[36m[2026-01-05 14:41:18 DEBUG] [__init__:472] No controls to apply on 'activity'
[36m[2026-01-05 14:41:18 DEBUG] [hypothesis:247] allowed tolerance is 200
[32m[2026-01-05 14:41:18 INFO] [hypothesis:260] Steady state hypothesis is met!
[36m[2026-01-05 14:41:18 DEBUG] [__init__:472] No controls to apply on 'hypothesis'
[32m[2026-01-05 14:41:18 INFO] [run:1072] Let's rollback...
[36m[2026-01-05 14:41:18 DEBUG] [__init__:472] No controls to apply on 'rollback'
[32m[2026-01-05 14:41:18 INFO] [rollback:33] No declared rollbacks, let's move on.
[36m[2026-01-05 14:41:18 DEBUG] [__init__:472] No controls to apply on 'rollback'
[32m[2026-01-05 14:41:18 INFO] [run:598] Experiment ended with status: completed
[36m[2026-01-05 14:41:18 DEBUG] [__init__:472] No controls to apply on 'experiment'
[36m[2026-01-05 14:41:18 DEBUG] [__init__:106] Cleaning up controls
[36m[2026-01-05 14:41:18 DEBUG] [caching:42] Clearing activities cache
[36m[2026-01-05 15:23:40 DEBUG] [__init__:101] ###############################################################################
[36m[2026-01-05 15:23:40 DEBUG] [__init__:102] Running command 'run'
[36m[2026-01-05 15:23:40 DEBUG] [__init__:106] Using settings file '/root/.chaostoolkit/settings.yaml'
[36m[2026-01-05 15:23:40 DEBUG] [settings:31] The Chaos Toolkit settings file could not be found at '/root/.chaostoolkit/settings.yaml'.
[36m[2026-01-05 15:23:40 DEBUG] [__init__:472] No controls to apply on 'loader'
[36m[2026-01-05 15:23:40 DEBUG] [__init__:472] No controls to apply on 'loader'
[36m[2026-01-05 15:23:40 DEBUG] [caching:24] Building activity cache...
[36m[2026-01-05 15:23:40 DEBUG] [caching:35] Cached 4 activities
[32m[2026-01-05 15:23:40 INFO] [experiment:59] Validating the experiment's syntax
[36m[2026-01-05 15:23:40 DEBUG] [configuration:64] Loading configuration...
[36m[2026-01-05 15:23:40 DEBUG] [secret:79] Loading secrets...
[36m[2026-01-05 15:23:40 DEBUG] [secret:104] Done loading secrets
[32m[2026-01-05 15:23:40 INFO] [experiment:112] Experiment looks valid
[36m[2026-01-05 15:23:40 DEBUG] [caching:42] Clearing activities cache
[36m[2026-01-05 15:23:40 DEBUG] [run:224] Runtime strategies: hypothesis - default / rollbacks - default
[36m[2026-01-05 15:23:40 DEBUG] [caching:24] Building activity cache...
[36m[2026-01-05 15:23:40 DEBUG] [caching:35] Cached 4 activities
[36m[2026-01-05 15:23:40 DEBUG] [configuration:64] Loading configuration...
[36m[2026-01-05 15:23:40 DEBUG] [secret:79] Loading secrets...
[36m[2026-01-05 15:23:40 DEBUG] [secret:104] Done loading secrets
[36m[2026-01-05 15:23:40 DEBUG] [configuration:161] Loading dynamic configuration...
[32m[2026-01-05 15:23:40 INFO] [run:440] Running experiment: Injeção de Limite de Largura de Banda
[36m[2026-01-05 15:23:40 DEBUG] [__init__:67] Initializing controls
[32m[2026-01-05 15:23:40 INFO] [run:471] Steady-state strategy: default
[32m[2026-01-05 15:23:40 INFO] [run:477] Rollbacks strategy: default
[36m[2026-01-05 15:23:40 DEBUG] [__init__:472] No controls to apply on 'experiment'
[36m[2026-01-05 15:23:40 DEBUG] [run:654] Running steady-state hypothesis before the method
[32m[2026-01-05 15:23:40 INFO] [hypothesis:205] Steady state hypothesis: O serviço deve continuar respondendo apesar do limite de banda
[36m[2026-01-05 15:23:40 DEBUG] [__init__:472] No controls to apply on 'hypothesis'
[36m[2026-01-05 15:23:40 DEBUG] [__init__:472] No controls to apply on 'activity'
[32m[2026-01-05 15:23:40 INFO] [activity:232] Probe: service-is-responding
[36m[2026-01-05 15:23:40 DEBUG] [activity:260]   => succeeded with '{'status': 200, 'headers': {'Content-Type': 'application/json', 'Vary': 'Accept-Encoding', 'X-Consul-Default-Acl-Policy': 'allow', 'Date': 'Mon, 05 Jan 2026 15:23:40 GMT', 'Content-Length': '19'}, 'body': '192.168.1.68:8300'}'
[36m[2026-01-05 15:23:40 DEBUG] [__init__:472] No controls to apply on 'activity'
[36m[2026-01-05 15:23:40 DEBUG] [hypothesis:247] allowed tolerance is 200
[32m[2026-01-05 15:23:40 INFO] [hypothesis:260] Steady state hypothesis is met!
[36m[2026-01-05 15:23:40 DEBUG] [__init__:472] No controls to apply on 'hypothesis'
[32m[2026-01-05 15:23:40 INFO] [run:778] Playing your experiment's method now...
[36m[2026-01-05 15:23:40 DEBUG] [__init__:472] No controls to apply on 'method'
[36m[2026-01-05 15:23:40 DEBUG] [__init__:472] No controls to apply on 'activity'
[32m[2026-01-05 15:23:40 INFO] [activity:232] Action: inject-bandwidth-limit
[36m[2026-01-05 15:23:40 DEBUG] [python:33] Activity 'inject-bandwidth-limit' loaded from '/app/src/lib/chaos_ssh_driver.py'
[36m[2026-01-05 15:23:42 DEBUG] [activity:317] Activity failed
    Traceback (most recent call last):
      File "/app/src/lib/chaos_ssh_driver.py", line 19, in run_ssh_command
        result = subprocess.run(ssh_cmd, capture_output=True, text=True, check=True, timeout=10)
      File "/usr/local/lib/python3.10/subprocess.py", line 526, in run
        raise CalledProcessError(retcode, process.args,
    subprocess.CalledProcessError: Command '['sshpass', '-p', 'sidu', 'ssh', '-o', 'StrictHostKeyChecking=no', '-o', 'UserKnownHostsFile=/dev/null', 'sidu@192.168.1.72', "echo 'sidu' | sudo -S tc qdisc replace dev enp7s0 root tbf rate 1mbps burst 16kbps latency 200ms"]' returned non-zero exit status 1.
    
    During handling of the above exception, another exception occurred:
    
    Traceback (most recent call last):
      File "/app/src/lib/chaos_ssh_driver.py", line 202, in inject_bandwidth_limit
        run_ssh_command(target_host, ssh_user, cmd, ssh_password)
      File "/app/src/lib/chaos_ssh_driver.py", line 22, in run_ssh_command
        raise RuntimeError(f"SSH command failed: {e.stderr}")
    RuntimeError: SSH command failed: Warning: Permanently added '192.168.1.72' (ED25519) to the list of known hosts.
    [sudo] password for sidu: tbf: illegal value for "burst": "16kbps"
    
    
    During handling of the above exception, another exception occurred:
    
    Traceback (most recent call last):
      File "/usr/local/lib/python3.10/site-packages/chaoslib/provider/python.py", line 56, in run_python_activity
        return func(**arguments)
      File "/app/src/lib/chaos_ssh_driver.py", line 205, in inject_bandwidth_limit
        raise RuntimeError(f"Failed to inject bandwidth limit: {e}")
    RuntimeError: Failed to inject bandwidth limit: SSH command failed: Warning: Permanently added '192.168.1.72' (ED25519) to the list of known hosts.
    [sudo] password for sidu: tbf: illegal value for "burst": "16kbps"
    
    
    During handling of the above exception, another exception occurred:
    
    Traceback (most recent call last):
      File "/usr/local/lib/python3.10/site-packages/chaoslib/activity.py", line 310, in run_activity
        result = run_python_activity(activity, configuration, secrets)
      File "/usr/local/lib/python3.10/site-packages/chaoslib/provider/python.py", line 58, in run_python_activity
        raise ActivityFailed(
      File "/usr/local/lib/python3.10/site-packages/chaoslib/provider/python.py", line 56, in run_python_activity
        return func(**arguments)
      File "/app/src/lib/chaos_ssh_driver.py", line 205, in inject_bandwidth_limit
        raise RuntimeError(f"Failed to inject bandwidth limit: {e}")
    chaoslib.exceptions.ActivityFailed: RuntimeError: Failed to inject bandwidth limit: SSH command failed: Warning: Permanently added '192.168.1.72' (ED25519) to the list of known hosts.
    [sudo] password for sidu: tbf: illegal value for "burst": "16kbps"
[31m[2026-01-05 15:23:42 ERROR] [activity:268]   => failed: RuntimeError: Failed to inject bandwidth limit: SSH command failed: Warning: Permanently added '192.168.1.72' (ED25519) to the list of known hosts.
    [sudo] password for sidu: tbf: illegal value for "burst": "16kbps"
[36m[2026-01-05 15:23:42 DEBUG] [__init__:472] No controls to apply on 'activity'
[36m[2026-01-05 15:23:42 DEBUG] [__init__:472] No controls to apply on 'activity'
[32m[2026-01-05 15:23:42 INFO] [activity:232] Action: wait-duration
[36m[2026-01-05 15:23:42 DEBUG] [python:33] Activity 'wait-duration' loaded from '/app/src/lib/chaos_ssh_driver.py'
[36m[2026-01-05 15:24:12 DEBUG] [activity:262]   => succeeded without any result value
[36m[2026-01-05 15:24:12 DEBUG] [__init__:472] No controls to apply on 'activity'
[36m[2026-01-05 15:24:12 DEBUG] [__init__:472] No controls to apply on 'activity'
[32m[2026-01-05 15:24:12 INFO] [activity:232] Action: recover-bandwidth-limit
[36m[2026-01-05 15:24:12 DEBUG] [python:33] Activity 'recover-bandwidth-limit' loaded from '/app/src/lib/chaos_ssh_driver.py'
[36m[2026-01-05 15:24:13 DEBUG] [activity:262]   => succeeded without any result value
[36m[2026-01-05 15:24:13 DEBUG] [__init__:472] No controls to apply on 'activity'
[36m[2026-01-05 15:24:13 DEBUG] [__init__:472] No controls to apply on 'method'
[36m[2026-01-05 15:24:13 DEBUG] [run:696] Running steady-state hypothesis after the method
[32m[2026-01-05 15:24:13 INFO] [hypothesis:205] Steady state hypothesis: O serviço deve continuar respondendo apesar do limite de banda
[36m[2026-01-05 15:24:13 DEBUG] [__init__:472] No controls to apply on 'hypothesis'
[36m[2026-01-05 15:24:13 DEBUG] [__init__:472] No controls to apply on 'activity'
[32m[2026-01-05 15:24:13 INFO] [activity:232] Probe: service-is-responding
[36m[2026-01-05 15:24:14 DEBUG] [activity:260]   => succeeded with '{'status': 200, 'headers': {'Content-Type': 'application/json', 'Vary': 'Accept-Encoding', 'X-Consul-Default-Acl-Policy': 'allow', 'Date': 'Mon, 05 Jan 2026 15:24:14 GMT', 'Content-Length': '19'}, 'body': '192.168.1.68:8300'}'
[36m[2026-01-05 15:24:14 DEBUG] [__init__:472] No controls to apply on 'activity'
[36m[2026-01-05 15:24:14 DEBUG] [hypothesis:247] allowed tolerance is 200
[32m[2026-01-05 15:24:14 INFO] [hypothesis:260] Steady state hypothesis is met!
[36m[2026-01-05 15:24:14 DEBUG] [__init__:472] No controls to apply on 'hypothesis'
[32m[2026-01-05 15:24:14 INFO] [run:1072] Let's rollback...
[36m[2026-01-05 15:24:14 DEBUG] [__init__:472] No controls to apply on 'rollback'
[32m[2026-01-05 15:24:14 INFO] [rollback:33] No declared rollbacks, let's move on.
[36m[2026-01-05 15:24:14 DEBUG] [__init__:472] No controls to apply on 'rollback'
[32m[2026-01-05 15:24:14 INFO] [run:598] Experiment ended with status: completed
[36m[2026-01-05 15:24:14 DEBUG] [__init__:472] No controls to apply on 'experiment'
[36m[2026-01-05 15:24:14 DEBUG] [__init__:106] Cleaning up controls
[36m[2026-01-05 15:24:14 DEBUG] [caching:42] Clearing activities cache
[36m[2026-01-05 15:28:40 DEBUG] [__init__:101] ###############################################################################
[36m[2026-01-05 15:28:40 DEBUG] [__init__:102] Running command 'run'
[36m[2026-01-05 15:28:40 DEBUG] [__init__:106] Using settings file '/root/.chaostoolkit/settings.yaml'
[36m[2026-01-05 15:28:41 DEBUG] [settings:31] The Chaos Toolkit settings file could not be found at '/root/.chaostoolkit/settings.yaml'.
[36m[2026-01-05 15:28:41 DEBUG] [__init__:472] No controls to apply on 'loader'
[36m[2026-01-05 15:28:41 DEBUG] [__init__:472] No controls to apply on 'loader'
[36m[2026-01-05 15:28:41 DEBUG] [caching:24] Building activity cache...
[36m[2026-01-05 15:28:41 DEBUG] [caching:35] Cached 4 activities
[32m[2026-01-05 15:28:41 INFO] [experiment:59] Validating the experiment's syntax
[36m[2026-01-05 15:28:41 DEBUG] [configuration:64] Loading configuration...
[36m[2026-01-05 15:28:41 DEBUG] [secret:79] Loading secrets...
[36m[2026-01-05 15:28:41 DEBUG] [secret:104] Done loading secrets
[32m[2026-01-05 15:28:41 INFO] [experiment:112] Experiment looks valid
[36m[2026-01-05 15:28:41 DEBUG] [caching:42] Clearing activities cache
[36m[2026-01-05 15:28:41 DEBUG] [run:224] Runtime strategies: hypothesis - default / rollbacks - default
[36m[2026-01-05 15:28:41 DEBUG] [caching:24] Building activity cache...
[36m[2026-01-05 15:28:41 DEBUG] [caching:35] Cached 4 activities
[36m[2026-01-05 15:28:41 DEBUG] [configuration:64] Loading configuration...
[36m[2026-01-05 15:28:41 DEBUG] [secret:79] Loading secrets...
[36m[2026-01-05 15:28:41 DEBUG] [secret:104] Done loading secrets
[36m[2026-01-05 15:28:41 DEBUG] [configuration:161] Loading dynamic configuration...
[32m[2026-01-05 15:28:41 INFO] [run:440] Running experiment: Injeção de Limite de Largura de Banda
[36m[2026-01-05 15:28:41 DEBUG] [__init__:67] Initializing controls
[32m[2026-01-05 15:28:41 INFO] [run:471] Steady-state strategy: default
[32m[2026-01-05 15:28:41 INFO] [run:477] Rollbacks strategy: default
[36m[2026-01-05 15:28:41 DEBUG] [__init__:472] No controls to apply on 'experiment'
[36m[2026-01-05 15:28:41 DEBUG] [run:654] Running steady-state hypothesis before the method
[32m[2026-01-05 15:28:41 INFO] [hypothesis:205] Steady state hypothesis: O serviço deve continuar respondendo apesar do limite de banda
[36m[2026-01-05 15:28:41 DEBUG] [__init__:472] No controls to apply on 'hypothesis'
[36m[2026-01-05 15:28:41 DEBUG] [__init__:472] No controls to apply on 'activity'
[32m[2026-01-05 15:28:41 INFO] [activity:232] Probe: service-is-responding
[36m[2026-01-05 15:28:41 DEBUG] [activity:260]   => succeeded with '{'status': 200, 'headers': {'Content-Type': 'application/json', 'Vary': 'Accept-Encoding', 'X-Consul-Default-Acl-Policy': 'allow', 'Date': 'Mon, 05 Jan 2026 15:28:41 GMT', 'Content-Length': '19'}, 'body': '192.168.1.68:8300'}'
[36m[2026-01-05 15:28:41 DEBUG] [__init__:472] No controls to apply on 'activity'
[36m[2026-01-05 15:28:41 DEBUG] [hypothesis:247] allowed tolerance is 200
[32m[2026-01-05 15:28:41 INFO] [hypothesis:260] Steady state hypothesis is met!
[36m[2026-01-05 15:28:41 DEBUG] [__init__:472] No controls to apply on 'hypothesis'
[32m[2026-01-05 15:28:41 INFO] [run:778] Playing your experiment's method now...
[36m[2026-01-05 15:28:41 DEBUG] [__init__:472] No controls to apply on 'method'
[36m[2026-01-05 15:28:41 DEBUG] [__init__:472] No controls to apply on 'activity'
[32m[2026-01-05 15:28:41 INFO] [activity:232] Action: inject-bandwidth-limit
[36m[2026-01-05 15:28:41 DEBUG] [python:33] Activity 'inject-bandwidth-limit' loaded from '/app/src/lib/chaos_ssh_driver.py'
[36m[2026-01-05 15:28:42 DEBUG] [activity:317] Activity failed
    Traceback (most recent call last):
      File "/app/src/lib/chaos_ssh_driver.py", line 19, in run_ssh_command
        result = subprocess.run(ssh_cmd, capture_output=True, text=True, check=True, timeout=10)
      File "/usr/local/lib/python3.10/subprocess.py", line 526, in run
        raise CalledProcessError(retcode, process.args,
    subprocess.CalledProcessError: Command '['sshpass', '-p', 'sidu', 'ssh', '-o', 'StrictHostKeyChecking=no', '-o', 'UserKnownHostsFile=/dev/null', 'sidu@192.168.1.72', "echo 'sidu' | sudo -S tc qdisc replace dev enp7s0 root tbf rate 1mbit burst 32kbps latency 200ms"]' returned non-zero exit status 1.
    
    During handling of the above exception, another exception occurred:
    
    Traceback (most recent call last):
      File "/app/src/lib/chaos_ssh_driver.py", line 202, in inject_bandwidth_limit
        run_ssh_command(target_host, ssh_user, cmd, ssh_password)
      File "/app/src/lib/chaos_ssh_driver.py", line 22, in run_ssh_command
        raise RuntimeError(f"SSH command failed: {e.stderr}")
    RuntimeError: SSH command failed: Warning: Permanently added '192.168.1.72' (ED25519) to the list of known hosts.
    [sudo] password for sidu: tbf: illegal value for "burst": "32kbps"
    
    
    During handling of the above exception, another exception occurred:
    
    Traceback (most recent call last):
      File "/usr/local/lib/python3.10/site-packages/chaoslib/provider/python.py", line 56, in run_python_activity
        return func(**arguments)
      File "/app/src/lib/chaos_ssh_driver.py", line 205, in inject_bandwidth_limit
        raise RuntimeError(f"Failed to inject bandwidth limit: {e}")
    RuntimeError: Failed to inject bandwidth limit: SSH command failed: Warning: Permanently added '192.168.1.72' (ED25519) to the list of known hosts.
    [sudo] password for sidu: tbf: illegal value for "burst": "32kbps"
    
    
    During handling of the above exception, another exception occurred:
    
    Traceback (most recent call last):
      File "/usr/local/lib/python3.10/site-packages/chaoslib/activity.py", line 310, in run_activity
        result = run_python_activity(activity, configuration, secrets)
      File "/usr/local/lib/python3.10/site-packages/chaoslib/provider/python.py", line 58, in run_python_activity
        raise ActivityFailed(
      File "/usr/local/lib/python3.10/site-packages/chaoslib/provider/python.py", line 56, in run_python_activity
        return func(**arguments)
      File "/app/src/lib/chaos_ssh_driver.py", line 205, in inject_bandwidth_limit
        raise RuntimeError(f"Failed to inject bandwidth limit: {e}")
    chaoslib.exceptions.ActivityFailed: RuntimeError: Failed to inject bandwidth limit: SSH command failed: Warning: Permanently added '192.168.1.72' (ED25519) to the list of known hosts.
    [sudo] password for sidu: tbf: illegal value for "burst": "32kbps"
[31m[2026-01-05 15:28:42 ERROR] [activity:268]   => failed: RuntimeError: Failed to inject bandwidth limit: SSH command failed: Warning: Permanently added '192.168.1.72' (ED25519) to the list of known hosts.
    [sudo] password for sidu: tbf: illegal value for "burst": "32kbps"
[36m[2026-01-05 15:28:42 DEBUG] [__init__:472] No controls to apply on 'activity'
[36m[2026-01-05 15:28:42 DEBUG] [__init__:472] No controls to apply on 'activity'
[32m[2026-01-05 15:28:42 INFO] [activity:232] Action: wait-duration
[36m[2026-01-05 15:28:42 DEBUG] [python:33] Activity 'wait-duration' loaded from '/app/src/lib/chaos_ssh_driver.py'
[33m[2026-01-05 15:29:09 WARNING] [exit:163] Caught SIGTERM signal, interrupting experiment now
[36m[2026-01-05 15:29:09 DEBUG] [activity:317] Activity failed
    Traceback (most recent call last):
      File "/usr/local/lib/python3.10/site-packages/chaoslib/provider/python.py", line 56, in run_python_activity
        return func(**arguments)
      File "/app/src/lib/chaos_ssh_driver.py", line 120, in wait_seconds
        time.sleep(s)
      File "/usr/local/lib/python3.10/site-packages/chaoslib/exit.py", line 164, in _terminate_now
        raise InterruptExecution("SIGTERM signal received")
    chaoslib.exceptions.InterruptExecution: SIGTERM signal received
    
    During handling of the above exception, another exception occurred:
    
    Traceback (most recent call last):
      File "/usr/local/lib/python3.10/site-packages/chaoslib/activity.py", line 310, in run_activity
        result = run_python_activity(activity, configuration, secrets)
      File "/usr/local/lib/python3.10/site-packages/chaoslib/provider/python.py", line 58, in run_python_activity
        raise ActivityFailed(
      File "/usr/local/lib/python3.10/site-packages/chaoslib/provider/python.py", line 56, in run_python_activity
        return func(**arguments)
      File "/app/src/lib/chaos_ssh_driver.py", line 120, in wait_seconds
        time.sleep(s)
      File "/usr/local/lib/python3.10/site-packages/chaoslib/exit.py", line 164, in _terminate_now
        raise InterruptExecution("SIGTERM signal received")
    chaoslib.exceptions.ActivityFailed: chaoslib.exceptions.InterruptExecution: SIGTERM signal received
[31m[2026-01-05 15:29:09 ERROR] [activity:268]   => failed: chaoslib.exceptions.InterruptExecution: SIGTERM signal received
[36m[2026-01-05 15:29:09 DEBUG] [__init__:472] No controls to apply on 'activity'
[36m[2026-01-05 15:29:09 DEBUG] [__init__:472] No controls to apply on 'activity'
[32m[2026-01-05 15:29:09 INFO] [activity:232] Action: recover-bandwidth-limit
[36m[2026-01-05 15:29:09 DEBUG] [python:33] Activity 'recover-bandwidth-limit' loaded from '/app/src/lib/chaos_ssh_driver.py'
[36m[2026-01-05 15:29:32 DEBUG] [__init__:101] ###############################################################################
[36m[2026-01-05 15:29:32 DEBUG] [__init__:102] Running command 'run'
[36m[2026-01-05 15:29:32 DEBUG] [__init__:106] Using settings file '/root/.chaostoolkit/settings.yaml'
[36m[2026-01-05 15:29:32 DEBUG] [settings:31] The Chaos Toolkit settings file could not be found at '/root/.chaostoolkit/settings.yaml'.
[36m[2026-01-05 15:29:32 DEBUG] [__init__:472] No controls to apply on 'loader'
[36m[2026-01-05 15:29:32 DEBUG] [__init__:472] No controls to apply on 'loader'
[36m[2026-01-05 15:29:32 DEBUG] [caching:24] Building activity cache...
[36m[2026-01-05 15:29:32 DEBUG] [caching:35] Cached 4 activities
[32m[2026-01-05 15:29:32 INFO] [experiment:59] Validating the experiment's syntax
[36m[2026-01-05 15:29:32 DEBUG] [configuration:64] Loading configuration...
[36m[2026-01-05 15:29:32 DEBUG] [secret:79] Loading secrets...
[36m[2026-01-05 15:29:32 DEBUG] [secret:104] Done loading secrets
[32m[2026-01-05 15:29:32 INFO] [experiment:112] Experiment looks valid
[36m[2026-01-05 15:29:32 DEBUG] [caching:42] Clearing activities cache
[36m[2026-01-05 15:29:32 DEBUG] [run:224] Runtime strategies: hypothesis - default / rollbacks - default
[36m[2026-01-05 15:29:32 DEBUG] [caching:24] Building activity cache...
[36m[2026-01-05 15:29:32 DEBUG] [caching:35] Cached 4 activities
[36m[2026-01-05 15:29:32 DEBUG] [configuration:64] Loading configuration...
[36m[2026-01-05 15:29:32 DEBUG] [secret:79] Loading secrets...
[36m[2026-01-05 15:29:32 DEBUG] [secret:104] Done loading secrets
[36m[2026-01-05 15:29:32 DEBUG] [configuration:161] Loading dynamic configuration...
[32m[2026-01-05 15:29:32 INFO] [run:440] Running experiment: Injeção de Limite de Largura de Banda
[36m[2026-01-05 15:29:32 DEBUG] [__init__:67] Initializing controls
[32m[2026-01-05 15:29:32 INFO] [run:471] Steady-state strategy: default
[32m[2026-01-05 15:29:32 INFO] [run:477] Rollbacks strategy: default
[36m[2026-01-05 15:29:32 DEBUG] [__init__:472] No controls to apply on 'experiment'
[36m[2026-01-05 15:29:32 DEBUG] [run:654] Running steady-state hypothesis before the method
[32m[2026-01-05 15:29:32 INFO] [hypothesis:205] Steady state hypothesis: O serviço deve continuar respondendo apesar do limite de banda
[36m[2026-01-05 15:29:32 DEBUG] [__init__:472] No controls to apply on 'hypothesis'
[36m[2026-01-05 15:29:32 DEBUG] [__init__:472] No controls to apply on 'activity'
[32m[2026-01-05 15:29:32 INFO] [activity:232] Probe: service-is-responding
[36m[2026-01-05 15:29:34 DEBUG] [activity:317] Activity failed
    Traceback (most recent call last):
      File "/usr/local/lib/python3.10/site-packages/urllib3/connection.py", line 204, in _new_conn
        sock = connection.create_connection(
      File "/usr/local/lib/python3.10/site-packages/urllib3/util/connection.py", line 85, in create_connection
        raise err
      File "/usr/local/lib/python3.10/site-packages/urllib3/util/connection.py", line 73, in create_connection
        sock.connect(sa)
    TimeoutError: timed out
    
    The above exception was the direct cause of the following exception:
    
    Traceback (most recent call last):
      File "/usr/local/lib/python3.10/site-packages/urllib3/connectionpool.py", line 787, in urlopen
        response = self._make_request(
      File "/usr/local/lib/python3.10/site-packages/urllib3/connectionpool.py", line 493, in _make_request
        conn.request(
      File "/usr/local/lib/python3.10/site-packages/urllib3/connection.py", line 500, in request
        self.endheaders()
      File "/usr/local/lib/python3.10/http/client.py", line 1278, in endheaders
        self._send_output(message_body, encode_chunked=encode_chunked)
      File "/usr/local/lib/python3.10/http/client.py", line 1038, in _send_output
        self.send(msg)
      File "/usr/local/lib/python3.10/http/client.py", line 976, in send
        self.connect()
      File "/usr/local/lib/python3.10/site-packages/urllib3/connection.py", line 331, in connect
        self.sock = self._new_conn()
      File "/usr/local/lib/python3.10/site-packages/urllib3/connection.py", line 213, in _new_conn
        raise ConnectTimeoutError(
    urllib3.exceptions.ConnectTimeoutError: (<HTTPConnection(host='192.168.1.72', port=8500) at 0x7f7f0ca51030>, 'Connection to 192.168.1.72 timed out. (connect timeout=2)')
    
    The above exception was the direct cause of the following exception:
    
    Traceback (most recent call last):
      File "/usr/local/lib/python3.10/site-packages/requests/adapters.py", line 644, in send
        resp = conn.urlopen(
      File "/usr/local/lib/python3.10/site-packages/urllib3/connectionpool.py", line 841, in urlopen
        retries = retries.increment(
      File "/usr/local/lib/python3.10/site-packages/urllib3/util/retry.py", line 519, in increment
        raise MaxRetryError(_pool, url, reason) from reason  # type: ignore[arg-type]
    urllib3.exceptions.MaxRetryError: HTTPConnectionPool(host='192.168.1.72', port=8500): Max retries exceeded with url: /v1/status/leader (Caused by ConnectTimeoutError(<HTTPConnection(host='192.168.1.72', port=8500) at 0x7f7f0ca51030>, 'Connection to 192.168.1.72 timed out. (connect timeout=2)'))
    
    During handling of the above exception, another exception occurred:
    
    Traceback (most recent call last):
      File "/usr/local/lib/python3.10/site-packages/chaoslib/provider/http.py", line 51, in run_http_activity
        r = s.get(
      File "/usr/local/lib/python3.10/site-packages/requests/sessions.py", line 602, in get
        return self.request("GET", url, **kwargs)
      File "/usr/local/lib/python3.10/site-packages/requests/sessions.py", line 589, in request
        resp = self.send(prep, **send_kwargs)
      File "/usr/local/lib/python3.10/site-packages/requests/sessions.py", line 703, in send
        r = adapter.send(request, **kwargs)
      File "/usr/local/lib/python3.10/site-packages/requests/adapters.py", line 665, in send
        raise ConnectTimeout(e, request=request)
    requests.exceptions.ConnectTimeout: HTTPConnectionPool(host='192.168.1.72', port=8500): Max retries exceeded with url: /v1/status/leader (Caused by ConnectTimeoutError(<HTTPConnection(host='192.168.1.72', port=8500) at 0x7f7f0ca51030>, 'Connection to 192.168.1.72 timed out. (connect timeout=2)'))
    
    During handling of the above exception, another exception occurred:
    
    Traceback (most recent call last):
      File "/usr/local/lib/python3.10/site-packages/chaoslib/activity.py", line 314, in run_activity
        result = run_http_activity(activity, configuration, secrets)
      File "/usr/local/lib/python3.10/site-packages/chaoslib/provider/http.py", line 101, in run_http_activity
        raise ActivityFailed(f"failed to connect to {url}: {str(cex)}")
    chaoslib.exceptions.ActivityFailed: failed to connect to http://192.168.1.72:8500/v1/status/leader: HTTPConnectionPool(host='192.168.1.72', port=8500): Max retries exceeded with url: /v1/status/leader (Caused by ConnectTimeoutError(<HTTPConnection(host='192.168.1.72', port=8500) at 0x7f7f0ca51030>, 'Connection to 192.168.1.72 timed out. (connect timeout=2)'))
[31m[2026-01-05 15:29:34 ERROR] [activity:268]   => failed: failed to connect to http://192.168.1.72:8500/v1/status/leader: HTTPConnectionPool(host='192.168.1.72', port=8500): Max retries exceeded with url: /v1/status/leader (Caused by ConnectTimeoutError(<HTTPConnection(host='192.168.1.72', port=8500) at 0x7f7f0ca51030>, 'Connection to 192.168.1.72 timed out. (connect timeout=2)'))
[36m[2026-01-05 15:29:34 DEBUG] [__init__:472] No controls to apply on 'activity'
[33m[2026-01-05 15:29:34 WARNING] [hypothesis:232] Probe terminated unexpectedly, so its tolerance could not be validated
[36m[2026-01-05 15:29:34 DEBUG] [__init__:472] No controls to apply on 'hypothesis'
[31m[2026-01-05 15:29:34 CRITICAL] [run:674] Steady state probe 'service-is-responding' is not in the given tolerance so failing this experiment
[32m[2026-01-05 15:29:34 INFO] [run:598] Experiment ended with status: failed
[36m[2026-01-05 15:29:34 DEBUG] [__init__:472] No controls to apply on 'experiment'
[36m[2026-01-05 15:29:34 DEBUG] [__init__:106] Cleaning up controls
[36m[2026-01-05 15:29:34 DEBUG] [caching:42] Clearing activities cache
[36m[2026-01-05 15:33:51 DEBUG] [__init__:101] ###############################################################################
[36m[2026-01-05 15:33:51 DEBUG] [__init__:102] Running command 'run'
[36m[2026-01-05 15:33:51 DEBUG] [__init__:106] Using settings file '/root/.chaostoolkit/settings.yaml'
[36m[2026-01-05 15:33:51 DEBUG] [settings:31] The Chaos Toolkit settings file could not be found at '/root/.chaostoolkit/settings.yaml'.
[36m[2026-01-05 15:33:51 DEBUG] [__init__:472] No controls to apply on 'loader'
[36m[2026-01-05 15:33:51 DEBUG] [__init__:472] No controls to apply on 'loader'
[36m[2026-01-05 15:33:51 DEBUG] [caching:24] Building activity cache...
[36m[2026-01-05 15:33:51 DEBUG] [caching:35] Cached 4 activities
[32m[2026-01-05 15:33:51 INFO] [experiment:59] Validating the experiment's syntax
[36m[2026-01-05 15:33:51 DEBUG] [configuration:64] Loading configuration...
[36m[2026-01-05 15:33:51 DEBUG] [secret:79] Loading secrets...
[36m[2026-01-05 15:33:51 DEBUG] [secret:104] Done loading secrets
[32m[2026-01-05 15:33:51 INFO] [experiment:112] Experiment looks valid
[36m[2026-01-05 15:33:51 DEBUG] [caching:42] Clearing activities cache
[36m[2026-01-05 15:33:51 DEBUG] [run:224] Runtime strategies: hypothesis - default / rollbacks - default
[36m[2026-01-05 15:33:51 DEBUG] [caching:24] Building activity cache...
[36m[2026-01-05 15:33:51 DEBUG] [caching:35] Cached 4 activities
[36m[2026-01-05 15:33:51 DEBUG] [configuration:64] Loading configuration...
[36m[2026-01-05 15:33:51 DEBUG] [secret:79] Loading secrets...
[36m[2026-01-05 15:33:51 DEBUG] [secret:104] Done loading secrets
[36m[2026-01-05 15:33:51 DEBUG] [configuration:161] Loading dynamic configuration...
[32m[2026-01-05 15:33:51 INFO] [run:440] Running experiment: Injeção de Limite de Largura de Banda
[36m[2026-01-05 15:33:51 DEBUG] [__init__:67] Initializing controls
[32m[2026-01-05 15:33:51 INFO] [run:471] Steady-state strategy: default
[32m[2026-01-05 15:33:51 INFO] [run:477] Rollbacks strategy: default
[36m[2026-01-05 15:33:51 DEBUG] [__init__:472] No controls to apply on 'experiment'
[36m[2026-01-05 15:33:51 DEBUG] [run:654] Running steady-state hypothesis before the method
[32m[2026-01-05 15:33:51 INFO] [hypothesis:205] Steady state hypothesis: O serviço deve continuar respondendo apesar do limite de banda
[36m[2026-01-05 15:33:51 DEBUG] [__init__:472] No controls to apply on 'hypothesis'
[36m[2026-01-05 15:33:51 DEBUG] [__init__:472] No controls to apply on 'activity'
[32m[2026-01-05 15:33:51 INFO] [activity:232] Probe: service-is-responding
[36m[2026-01-05 15:33:51 DEBUG] [activity:260]   => succeeded with '{'status': 200, 'headers': {'Content-Type': 'application/json', 'Vary': 'Accept-Encoding', 'X-Consul-Default-Acl-Policy': 'allow', 'Date': 'Mon, 05 Jan 2026 15:33:51 GMT', 'Content-Length': '19'}, 'body': '192.168.1.68:8300'}'
[36m[2026-01-05 15:33:51 DEBUG] [__init__:472] No controls to apply on 'activity'
[36m[2026-01-05 15:33:51 DEBUG] [hypothesis:247] allowed tolerance is 200
[32m[2026-01-05 15:33:51 INFO] [hypothesis:260] Steady state hypothesis is met!
[36m[2026-01-05 15:33:51 DEBUG] [__init__:472] No controls to apply on 'hypothesis'
[32m[2026-01-05 15:33:51 INFO] [run:778] Playing your experiment's method now...
[36m[2026-01-05 15:33:51 DEBUG] [__init__:472] No controls to apply on 'method'
[36m[2026-01-05 15:33:51 DEBUG] [__init__:472] No controls to apply on 'activity'
[32m[2026-01-05 15:33:51 INFO] [activity:232] Action: inject-bandwidth-limit
[36m[2026-01-05 15:33:51 DEBUG] [python:33] Activity 'inject-bandwidth-limit' loaded from '/app/src/lib/chaos_ssh_driver.py'
[36m[2026-01-05 15:33:54 DEBUG] [activity:260]   => succeeded with 'enp7s0'
[36m[2026-01-05 15:33:54 DEBUG] [__init__:472] No controls to apply on 'activity'
[36m[2026-01-05 15:33:54 DEBUG] [__init__:472] No controls to apply on 'activity'
[32m[2026-01-05 15:33:54 INFO] [activity:232] Action: wait-duration
[36m[2026-01-05 15:33:54 DEBUG] [python:33] Activity 'wait-duration' loaded from '/app/src/lib/chaos_ssh_driver.py'
[36m[2026-01-05 15:34:24 DEBUG] [activity:262]   => succeeded without any result value
[36m[2026-01-05 15:34:24 DEBUG] [__init__:472] No controls to apply on 'activity'
[36m[2026-01-05 15:34:24 DEBUG] [__init__:472] No controls to apply on 'activity'
[32m[2026-01-05 15:34:24 INFO] [activity:232] Action: recover-bandwidth-limit
[36m[2026-01-05 15:34:24 DEBUG] [python:33] Activity 'recover-bandwidth-limit' loaded from '/app/src/lib/chaos_ssh_driver.py'
[36m[2026-01-05 15:34:26 DEBUG] [activity:262]   => succeeded without any result value
[36m[2026-01-05 15:34:26 DEBUG] [__init__:472] No controls to apply on 'activity'
[36m[2026-01-05 15:34:26 DEBUG] [__init__:472] No controls to apply on 'method'
[36m[2026-01-05 15:34:26 DEBUG] [run:696] Running steady-state hypothesis after the method
[32m[2026-01-05 15:34:26 INFO] [hypothesis:205] Steady state hypothesis: O serviço deve continuar respondendo apesar do limite de banda
[36m[2026-01-05 15:34:26 DEBUG] [__init__:472] No controls to apply on 'hypothesis'
[36m[2026-01-05 15:34:26 DEBUG] [__init__:472] No controls to apply on 'activity'
[32m[2026-01-05 15:34:26 INFO] [activity:232] Probe: service-is-responding
[36m[2026-01-05 15:34:26 DEBUG] [activity:260]   => succeeded with '{'status': 200, 'headers': {'Content-Type': 'application/json', 'Vary': 'Accept-Encoding', 'X-Consul-Default-Acl-Policy': 'allow', 'Date': 'Mon, 05 Jan 2026 15:34:26 GMT', 'Content-Length': '19'}, 'body': '192.168.1.68:8300'}'
[36m[2026-01-05 15:34:26 DEBUG] [__init__:472] No controls to apply on 'activity'
[36m[2026-01-05 15:34:26 DEBUG] [hypothesis:247] allowed tolerance is 200
[32m[2026-01-05 15:34:26 INFO] [hypothesis:260] Steady state hypothesis is met!
[36m[2026-01-05 15:34:26 DEBUG] [__init__:472] No controls to apply on 'hypothesis'
[32m[2026-01-05 15:34:26 INFO] [run:1072] Let's rollback...
[36m[2026-01-05 15:34:26 DEBUG] [__init__:472] No controls to apply on 'rollback'
[32m[2026-01-05 15:34:26 INFO] [rollback:33] No declared rollbacks, let's move on.
[36m[2026-01-05 15:34:26 DEBUG] [__init__:472] No controls to apply on 'rollback'
[32m[2026-01-05 15:34:26 INFO] [run:598] Experiment ended with status: completed
[36m[2026-01-05 15:34:26 DEBUG] [__init__:472] No controls to apply on 'experiment'
[36m[2026-01-05 15:34:26 DEBUG] [__init__:106] Cleaning up controls
[36m[2026-01-05 15:34:26 DEBUG] [caching:42] Clearing activities cache
[36m[2026-01-05 15:35:44 DEBUG] [__init__:101] ###############################################################################
[36m[2026-01-05 15:35:44 DEBUG] [__init__:102] Running command 'run'
[36m[2026-01-05 15:35:44 DEBUG] [__init__:106] Using settings file '/root/.chaostoolkit/settings.yaml'
[36m[2026-01-05 15:35:44 DEBUG] [settings:31] The Chaos Toolkit settings file could not be found at '/root/.chaostoolkit/settings.yaml'.
[36m[2026-01-05 15:35:44 DEBUG] [__init__:472] No controls to apply on 'loader'
[36m[2026-01-05 15:35:44 DEBUG] [__init__:472] No controls to apply on 'loader'
[36m[2026-01-05 15:35:44 DEBUG] [caching:24] Building activity cache...
[36m[2026-01-05 15:35:44 DEBUG] [caching:35] Cached 4 activities
[32m[2026-01-05 15:35:44 INFO] [experiment:59] Validating the experiment's syntax
[36m[2026-01-05 15:35:44 DEBUG] [configuration:64] Loading configuration...
[36m[2026-01-05 15:35:44 DEBUG] [secret:79] Loading secrets...
[36m[2026-01-05 15:35:44 DEBUG] [secret:104] Done loading secrets
[32m[2026-01-05 15:35:44 INFO] [experiment:112] Experiment looks valid
[36m[2026-01-05 15:35:44 DEBUG] [caching:42] Clearing activities cache
[36m[2026-01-05 15:35:44 DEBUG] [run:224] Runtime strategies: hypothesis - default / rollbacks - default
[36m[2026-01-05 15:35:44 DEBUG] [caching:24] Building activity cache...
[36m[2026-01-05 15:35:44 DEBUG] [caching:35] Cached 4 activities
[36m[2026-01-05 15:35:44 DEBUG] [configuration:64] Loading configuration...
[36m[2026-01-05 15:35:44 DEBUG] [secret:79] Loading secrets...
[36m[2026-01-05 15:35:44 DEBUG] [secret:104] Done loading secrets
[36m[2026-01-05 15:35:44 DEBUG] [configuration:161] Loading dynamic configuration...
[32m[2026-01-05 15:35:44 INFO] [run:440] Running experiment: Injeção de Limite de Largura de Banda
[36m[2026-01-05 15:35:44 DEBUG] [__init__:67] Initializing controls
[32m[2026-01-05 15:35:44 INFO] [run:471] Steady-state strategy: default
[32m[2026-01-05 15:35:44 INFO] [run:477] Rollbacks strategy: default
[36m[2026-01-05 15:35:44 DEBUG] [__init__:472] No controls to apply on 'experiment'
[36m[2026-01-05 15:35:44 DEBUG] [run:654] Running steady-state hypothesis before the method
[32m[2026-01-05 15:35:44 INFO] [hypothesis:205] Steady state hypothesis: O serviço deve continuar respondendo apesar do limite de banda
[36m[2026-01-05 15:35:44 DEBUG] [__init__:472] No controls to apply on 'hypothesis'
[36m[2026-01-05 15:35:44 DEBUG] [__init__:472] No controls to apply on 'activity'
[32m[2026-01-05 15:35:44 INFO] [activity:232] Probe: service-is-responding
[36m[2026-01-05 15:35:44 DEBUG] [activity:260]   => succeeded with '{'status': 200, 'headers': {'Content-Type': 'application/json', 'Vary': 'Accept-Encoding', 'X-Consul-Default-Acl-Policy': 'allow', 'Date': 'Mon, 05 Jan 2026 15:35:44 GMT', 'Content-Length': '19'}, 'body': '192.168.1.68:8300'}'
[36m[2026-01-05 15:35:44 DEBUG] [__init__:472] No controls to apply on 'activity'
[36m[2026-01-05 15:35:44 DEBUG] [hypothesis:247] allowed tolerance is 200
[32m[2026-01-05 15:35:44 INFO] [hypothesis:260] Steady state hypothesis is met!
[36m[2026-01-05 15:35:44 DEBUG] [__init__:472] No controls to apply on 'hypothesis'
[32m[2026-01-05 15:35:44 INFO] [run:778] Playing your experiment's method now...
[36m[2026-01-05 15:35:44 DEBUG] [__init__:472] No controls to apply on 'method'
[36m[2026-01-05 15:35:44 DEBUG] [__init__:472] No controls to apply on 'activity'
[32m[2026-01-05 15:35:44 INFO] [activity:232] Action: inject-bandwidth-limit
[36m[2026-01-05 15:35:44 DEBUG] [python:33] Activity 'inject-bandwidth-limit' loaded from '/app/src/lib/chaos_ssh_driver.py'
[36m[2026-01-05 15:35:46 DEBUG] [activity:260]   => succeeded with 'enp7s0'
[36m[2026-01-05 15:35:46 DEBUG] [__init__:472] No controls to apply on 'activity'
[36m[2026-01-05 15:35:46 DEBUG] [__init__:472] No controls to apply on 'activity'
[32m[2026-01-05 15:35:46 INFO] [activity:232] Action: wait-duration
[36m[2026-01-05 15:35:46 DEBUG] [python:33] Activity 'wait-duration' loaded from '/app/src/lib/chaos_ssh_driver.py'
[36m[2026-01-05 15:36:16 DEBUG] [activity:262]   => succeeded without any result value
[36m[2026-01-05 15:36:16 DEBUG] [__init__:472] No controls to apply on 'activity'
[36m[2026-01-05 15:36:16 DEBUG] [__init__:472] No controls to apply on 'activity'
[32m[2026-01-05 15:36:16 INFO] [activity:232] Action: recover-bandwidth-limit
[36m[2026-01-05 15:36:16 DEBUG] [python:33] Activity 'recover-bandwidth-limit' loaded from '/app/src/lib/chaos_ssh_driver.py'
[36m[2026-01-05 15:36:17 DEBUG] [activity:262]   => succeeded without any result value
[36m[2026-01-05 15:36:17 DEBUG] [__init__:472] No controls to apply on 'activity'
[36m[2026-01-05 15:36:17 DEBUG] [__init__:472] No controls to apply on 'method'
[36m[2026-01-05 15:36:17 DEBUG] [run:696] Running steady-state hypothesis after the method
[32m[2026-01-05 15:36:17 INFO] [hypothesis:205] Steady state hypothesis: O serviço deve continuar respondendo apesar do limite de banda
[36m[2026-01-05 15:36:17 DEBUG] [__init__:472] No controls to apply on 'hypothesis'
[36m[2026-01-05 15:36:17 DEBUG] [__init__:472] No controls to apply on 'activity'
[32m[2026-01-05 15:36:17 INFO] [activity:232] Probe: service-is-responding
[36m[2026-01-05 15:36:17 DEBUG] [activity:260]   => succeeded with '{'status': 200, 'headers': {'Content-Type': 'application/json', 'Vary': 'Accept-Encoding', 'X-Consul-Default-Acl-Policy': 'allow', 'Date': 'Mon, 05 Jan 2026 15:36:17 GMT', 'Content-Length': '19'}, 'body': '192.168.1.68:8300'}'
[36m[2026-01-05 15:36:17 DEBUG] [__init__:472] No controls to apply on 'activity'
[36m[2026-01-05 15:36:17 DEBUG] [hypothesis:247] allowed tolerance is 200
[32m[2026-01-05 15:36:17 INFO] [hypothesis:260] Steady state hypothesis is met!
[36m[2026-01-05 15:36:17 DEBUG] [__init__:472] No controls to apply on 'hypothesis'
[32m[2026-01-05 15:36:17 INFO] [run:1072] Let's rollback...
[36m[2026-01-05 15:36:17 DEBUG] [__init__:472] No controls to apply on 'rollback'
[32m[2026-01-05 15:36:17 INFO] [rollback:33] No declared rollbacks, let's move on.
[36m[2026-01-05 15:36:17 DEBUG] [__init__:472] No controls to apply on 'rollback'
[32m[2026-01-05 15:36:17 INFO] [run:598] Experiment ended with status: completed
[36m[2026-01-05 15:36:17 DEBUG] [__init__:472] No controls to apply on 'experiment'
[36m[2026-01-05 15:36:17 DEBUG] [__init__:106] Cleaning up controls
[36m[2026-01-05 15:36:17 DEBUG] [caching:42] Clearing activities cache
[36m[2026-01-05 15:38:00 DEBUG] [__init__:101] ###############################################################################
[36m[2026-01-05 15:38:00 DEBUG] [__init__:102] Running command 'run'
[36m[2026-01-05 15:38:00 DEBUG] [__init__:106] Using settings file '/root/.chaostoolkit/settings.yaml'
[36m[2026-01-05 15:38:00 DEBUG] [settings:31] The Chaos Toolkit settings file could not be found at '/root/.chaostoolkit/settings.yaml'.
[36m[2026-01-05 15:38:00 DEBUG] [__init__:472] No controls to apply on 'loader'
[36m[2026-01-05 15:38:00 DEBUG] [__init__:472] No controls to apply on 'loader'
[36m[2026-01-05 15:38:00 DEBUG] [caching:24] Building activity cache...
[36m[2026-01-05 15:38:00 DEBUG] [caching:35] Cached 3 activities
[32m[2026-01-05 15:38:00 INFO] [experiment:59] Validating the experiment's syntax
[36m[2026-01-05 15:38:00 DEBUG] [configuration:64] Loading configuration...
[36m[2026-01-05 15:38:00 DEBUG] [secret:79] Loading secrets...
[36m[2026-01-05 15:38:00 DEBUG] [secret:104] Done loading secrets
[32m[2026-01-05 15:38:00 INFO] [experiment:112] Experiment looks valid
[36m[2026-01-05 15:38:00 DEBUG] [caching:42] Clearing activities cache
[36m[2026-01-05 15:38:00 DEBUG] [run:224] Runtime strategies: hypothesis - default / rollbacks - default
[36m[2026-01-05 15:38:00 DEBUG] [caching:24] Building activity cache...
[36m[2026-01-05 15:38:00 DEBUG] [caching:35] Cached 3 activities
[36m[2026-01-05 15:38:00 DEBUG] [configuration:64] Loading configuration...
[36m[2026-01-05 15:38:00 DEBUG] [secret:79] Loading secrets...
[36m[2026-01-05 15:38:00 DEBUG] [secret:104] Done loading secrets
[36m[2026-01-05 15:38:00 DEBUG] [configuration:161] Loading dynamic configuration...
[32m[2026-01-05 15:38:00 INFO] [run:440] Running experiment: Injeção de Latência de Rede via ChaosD Remoto
[36m[2026-01-05 15:38:00 DEBUG] [__init__:67] Initializing controls
[32m[2026-01-05 15:38:00 INFO] [run:471] Steady-state strategy: default
[32m[2026-01-05 15:38:00 INFO] [run:477] Rollbacks strategy: default
[36m[2026-01-05 15:38:00 DEBUG] [__init__:472] No controls to apply on 'experiment'
[36m[2026-01-05 15:38:00 DEBUG] [run:654] Running steady-state hypothesis before the method
[32m[2026-01-05 15:38:00 INFO] [hypothesis:205] Steady state hypothesis: O serviço deve estar acessível
[36m[2026-01-05 15:38:00 DEBUG] [__init__:472] No controls to apply on 'hypothesis'
[36m[2026-01-05 15:38:00 DEBUG] [__init__:472] No controls to apply on 'activity'
[32m[2026-01-05 15:38:00 INFO] [activity:232] Probe: service-is-responding
[36m[2026-01-05 15:38:00 DEBUG] [activity:260]   => succeeded with '{'status': 200, 'headers': {'Content-Type': 'application/json', 'Vary': 'Accept-Encoding', 'X-Consul-Default-Acl-Policy': 'allow', 'Date': 'Mon, 05 Jan 2026 15:38:00 GMT', 'Content-Length': '19'}, 'body': '192.168.1.68:8300'}'
[36m[2026-01-05 15:38:00 DEBUG] [__init__:472] No controls to apply on 'activity'
[36m[2026-01-05 15:38:00 DEBUG] [hypothesis:247] allowed tolerance is 200
[32m[2026-01-05 15:38:00 INFO] [hypothesis:260] Steady state hypothesis is met!
[36m[2026-01-05 15:38:00 DEBUG] [__init__:472] No controls to apply on 'hypothesis'
[32m[2026-01-05 15:38:00 INFO] [run:778] Playing your experiment's method now...
[36m[2026-01-05 15:38:00 DEBUG] [__init__:472] No controls to apply on 'method'
[36m[2026-01-05 15:38:00 DEBUG] [__init__:472] No controls to apply on 'activity'
[32m[2026-01-05 15:38:00 INFO] [activity:232] Action: inject-network-delay
[36m[2026-01-05 15:38:00 DEBUG] [python:33] Activity 'inject-network-delay' loaded from '/app/src/lib/chaos_ssh_driver.py'
[36m[2026-01-05 15:38:01 DEBUG] [activity:260]   => succeeded with 'enp7s0'
[36m[2026-01-05 15:38:01 DEBUG] [__init__:472] No controls to apply on 'activity'
[36m[2026-01-05 15:38:01 DEBUG] [__init__:472] No controls to apply on 'activity'
[32m[2026-01-05 15:38:01 INFO] [activity:232] Action: wait-duration
[36m[2026-01-05 15:38:01 DEBUG] [python:33] Activity 'wait-duration' loaded from '/app/src/lib/chaos_ssh_driver.py'
[36m[2026-01-05 15:38:02 DEBUG] [__init__:101] ###############################################################################
[36m[2026-01-05 15:38:02 DEBUG] [__init__:102] Running command 'run'
[36m[2026-01-05 15:38:02 DEBUG] [__init__:106] Using settings file '/root/.chaostoolkit/settings.yaml'
[36m[2026-01-05 15:38:02 DEBUG] [settings:31] The Chaos Toolkit settings file could not be found at '/root/.chaostoolkit/settings.yaml'.
[36m[2026-01-05 15:38:02 DEBUG] [__init__:472] No controls to apply on 'loader'
[36m[2026-01-05 15:38:02 DEBUG] [__init__:472] No controls to apply on 'loader'
[36m[2026-01-05 15:38:02 DEBUG] [caching:24] Building activity cache...
[36m[2026-01-05 15:38:02 DEBUG] [caching:35] Cached 4 activities
[32m[2026-01-05 15:38:02 INFO] [experiment:59] Validating the experiment's syntax
[36m[2026-01-05 15:38:02 DEBUG] [configuration:64] Loading configuration...
[36m[2026-01-05 15:38:02 DEBUG] [secret:79] Loading secrets...
[36m[2026-01-05 15:38:02 DEBUG] [secret:104] Done loading secrets
[32m[2026-01-05 15:38:02 INFO] [experiment:112] Experiment looks valid
[36m[2026-01-05 15:38:02 DEBUG] [caching:42] Clearing activities cache
[36m[2026-01-05 15:38:02 DEBUG] [run:224] Runtime strategies: hypothesis - default / rollbacks - default
[36m[2026-01-05 15:38:02 DEBUG] [caching:24] Building activity cache...
[36m[2026-01-05 15:38:02 DEBUG] [caching:35] Cached 4 activities
[36m[2026-01-05 15:38:02 DEBUG] [configuration:64] Loading configuration...
[36m[2026-01-05 15:38:02 DEBUG] [secret:79] Loading secrets...
[36m[2026-01-05 15:38:02 DEBUG] [secret:104] Done loading secrets
[36m[2026-01-05 15:38:02 DEBUG] [configuration:161] Loading dynamic configuration...
[32m[2026-01-05 15:38:02 INFO] [run:440] Running experiment: Injeção de Limite de Largura de Banda
[36m[2026-01-05 15:38:02 DEBUG] [__init__:67] Initializing controls
[32m[2026-01-05 15:38:02 INFO] [run:471] Steady-state strategy: default
[32m[2026-01-05 15:38:02 INFO] [run:477] Rollbacks strategy: default
[36m[2026-01-05 15:38:02 DEBUG] [__init__:472] No controls to apply on 'experiment'
[36m[2026-01-05 15:38:02 DEBUG] [run:654] Running steady-state hypothesis before the method
[32m[2026-01-05 15:38:02 INFO] [hypothesis:205] Steady state hypothesis: O serviço deve continuar respondendo apesar do limite de banda
[36m[2026-01-05 15:38:02 DEBUG] [__init__:472] No controls to apply on 'hypothesis'
[36m[2026-01-05 15:38:02 DEBUG] [__init__:472] No controls to apply on 'activity'
[32m[2026-01-05 15:38:02 INFO] [activity:232] Probe: service-is-responding
[36m[2026-01-05 15:38:03 DEBUG] [activity:260]   => succeeded with '{'status': 200, 'headers': {'Content-Type': 'application/json', 'Vary': 'Accept-Encoding', 'X-Consul-Default-Acl-Policy': 'allow', 'Date': 'Mon, 05 Jan 2026 15:38:03 GMT', 'Content-Length': '19'}, 'body': '192.168.1.68:8300'}'
[36m[2026-01-05 15:38:03 DEBUG] [__init__:472] No controls to apply on 'activity'
[36m[2026-01-05 15:38:03 DEBUG] [hypothesis:247] allowed tolerance is 200
[32m[2026-01-05 15:38:03 INFO] [hypothesis:260] Steady state hypothesis is met!
[36m[2026-01-05 15:38:03 DEBUG] [__init__:472] No controls to apply on 'hypothesis'
[32m[2026-01-05 15:38:03 INFO] [run:778] Playing your experiment's method now...
[36m[2026-01-05 15:38:03 DEBUG] [__init__:472] No controls to apply on 'method'
[36m[2026-01-05 15:38:03 DEBUG] [__init__:472] No controls to apply on 'activity'
[32m[2026-01-05 15:38:03 INFO] [activity:232] Action: inject-bandwidth-limit
[36m[2026-01-05 15:38:03 DEBUG] [python:33] Activity 'inject-bandwidth-limit' loaded from '/app/src/lib/chaos_ssh_driver.py'
[36m[2026-01-05 15:38:05 DEBUG] [activity:260]   => succeeded with 'enp7s0'
[36m[2026-01-05 15:38:05 DEBUG] [__init__:472] No controls to apply on 'activity'
[36m[2026-01-05 15:38:05 DEBUG] [__init__:472] No controls to apply on 'activity'
[32m[2026-01-05 15:38:05 INFO] [activity:232] Action: wait-duration
[36m[2026-01-05 15:38:05 DEBUG] [python:33] Activity 'wait-duration' loaded from '/app/src/lib/chaos_ssh_driver.py'
[36m[2026-01-05 15:38:31 DEBUG] [activity:262]   => succeeded without any result value
[36m[2026-01-05 15:38:31 DEBUG] [__init__:472] No controls to apply on 'activity'
[36m[2026-01-05 15:38:31 DEBUG] [__init__:472] No controls to apply on 'method'
[36m[2026-01-05 15:38:31 DEBUG] [run:696] Running steady-state hypothesis after the method
[32m[2026-01-05 15:38:31 INFO] [hypothesis:205] Steady state hypothesis: O serviço deve estar acessível
[36m[2026-01-05 15:38:31 DEBUG] [__init__:472] No controls to apply on 'hypothesis'
[36m[2026-01-05 15:38:31 DEBUG] [__init__:472] No controls to apply on 'activity'
[32m[2026-01-05 15:38:31 INFO] [activity:232] Probe: service-is-responding
[36m[2026-01-05 15:38:31 DEBUG] [activity:260]   => succeeded with '{'status': 200, 'headers': {'Content-Type': 'application/json', 'Vary': 'Accept-Encoding', 'X-Consul-Default-Acl-Policy': 'allow', 'Date': 'Mon, 05 Jan 2026 15:38:31 GMT', 'Content-Length': '19'}, 'body': '192.168.1.68:8300'}'
[36m[2026-01-05 15:38:31 DEBUG] [__init__:472] No controls to apply on 'activity'
[36m[2026-01-05 15:38:31 DEBUG] [hypothesis:247] allowed tolerance is 200
[32m[2026-01-05 15:38:31 INFO] [hypothesis:260] Steady state hypothesis is met!
[36m[2026-01-05 15:38:31 DEBUG] [__init__:472] No controls to apply on 'hypothesis'
[32m[2026-01-05 15:38:31 INFO] [run:1072] Let's rollback...
[36m[2026-01-05 15:38:31 DEBUG] [__init__:472] No controls to apply on 'rollback'
[32m[2026-01-05 15:38:31 INFO] [rollback:36] Rollback: recover-network
[36m[2026-01-05 15:38:31 DEBUG] [__init__:472] No controls to apply on 'activity'
[32m[2026-01-05 15:38:31 INFO] [activity:232] Action: recover-network
[36m[2026-01-05 15:38:31 DEBUG] [python:33] Activity 'recover-network' loaded from '/app/src/lib/chaos_ssh_driver.py'
[36m[2026-01-05 15:38:33 DEBUG] [activity:262]   => succeeded without any result value
[36m[2026-01-05 15:38:33 DEBUG] [__init__:472] No controls to apply on 'activity'
[36m[2026-01-05 15:38:33 DEBUG] [__init__:472] No controls to apply on 'rollback'
[32m[2026-01-05 15:38:33 INFO] [run:598] Experiment ended with status: completed
[36m[2026-01-05 15:38:33 DEBUG] [__init__:472] No controls to apply on 'experiment'
[36m[2026-01-05 15:38:33 DEBUG] [__init__:106] Cleaning up controls
[36m[2026-01-05 15:38:33 DEBUG] [caching:42] Clearing activities cache
[36m[2026-01-05 15:38:35 DEBUG] [activity:262]   => succeeded without any result value
[36m[2026-01-05 15:38:35 DEBUG] [__init__:472] No controls to apply on 'activity'
[36m[2026-01-05 15:38:35 DEBUG] [__init__:472] No controls to apply on 'activity'
[32m[2026-01-05 15:38:35 INFO] [activity:232] Action: recover-bandwidth-limit
[36m[2026-01-05 15:38:35 DEBUG] [python:33] Activity 'recover-bandwidth-limit' loaded from '/app/src/lib/chaos_ssh_driver.py'
[36m[2026-01-05 15:38:37 DEBUG] [activity:262]   => succeeded without any result value
[36m[2026-01-05 15:38:37 DEBUG] [__init__:472] No controls to apply on 'activity'
[36m[2026-01-05 15:38:37 DEBUG] [__init__:472] No controls to apply on 'method'
[36m[2026-01-05 15:38:37 DEBUG] [run:696] Running steady-state hypothesis after the method
[32m[2026-01-05 15:38:37 INFO] [hypothesis:205] Steady state hypothesis: O serviço deve continuar respondendo apesar do limite de banda
[36m[2026-01-05 15:38:37 DEBUG] [__init__:472] No controls to apply on 'hypothesis'
[36m[2026-01-05 15:38:37 DEBUG] [__init__:472] No controls to apply on 'activity'
[32m[2026-01-05 15:38:37 INFO] [activity:232] Probe: service-is-responding
[36m[2026-01-05 15:38:37 DEBUG] [activity:260]   => succeeded with '{'status': 200, 'headers': {'Content-Type': 'application/json', 'Vary': 'Accept-Encoding', 'X-Consul-Default-Acl-Policy': 'allow', 'Date': 'Mon, 05 Jan 2026 15:38:37 GMT', 'Content-Length': '19'}, 'body': '192.168.1.68:8300'}'
[36m[2026-01-05 15:38:37 DEBUG] [__init__:472] No controls to apply on 'activity'
[36m[2026-01-05 15:38:37 DEBUG] [hypothesis:247] allowed tolerance is 200
[32m[2026-01-05 15:38:37 INFO] [hypothesis:260] Steady state hypothesis is met!
[36m[2026-01-05 15:38:37 DEBUG] [__init__:472] No controls to apply on 'hypothesis'
[32m[2026-01-05 15:38:37 INFO] [run:1072] Let's rollback...
[36m[2026-01-05 15:38:37 DEBUG] [__init__:472] No controls to apply on 'rollback'
[32m[2026-01-05 15:38:37 INFO] [rollback:33] No declared rollbacks, let's move on.
[36m[2026-01-05 15:38:37 DEBUG] [__init__:472] No controls to apply on 'rollback'
[32m[2026-01-05 15:38:37 INFO] [run:598] Experiment ended with status: completed
[36m[2026-01-05 15:38:37 DEBUG] [__init__:472] No controls to apply on 'experiment'
[36m[2026-01-05 15:38:37 DEBUG] [__init__:106] Cleaning up controls
[36m[2026-01-05 15:38:37 DEBUG] [caching:42] Clearing activities cache
[36m[2026-01-05 15:39:16 DEBUG] [__init__:101] ###############################################################################
[36m[2026-01-05 15:39:16 DEBUG] [__init__:102] Running command 'run'
[36m[2026-01-05 15:39:16 DEBUG] [__init__:106] Using settings file '/root/.chaostoolkit/settings.yaml'
[36m[2026-01-05 15:39:16 DEBUG] [settings:31] The Chaos Toolkit settings file could not be found at '/root/.chaostoolkit/settings.yaml'.
[36m[2026-01-05 15:39:16 DEBUG] [__init__:472] No controls to apply on 'loader'
[36m[2026-01-05 15:39:16 DEBUG] [__init__:472] No controls to apply on 'loader'
[36m[2026-01-05 15:39:16 DEBUG] [caching:24] Building activity cache...
[36m[2026-01-05 15:39:16 DEBUG] [caching:35] Cached 3 activities
[32m[2026-01-05 15:39:16 INFO] [experiment:59] Validating the experiment's syntax
[36m[2026-01-05 15:39:16 DEBUG] [configuration:64] Loading configuration...
[36m[2026-01-05 15:39:16 DEBUG] [secret:79] Loading secrets...
[36m[2026-01-05 15:39:16 DEBUG] [secret:104] Done loading secrets
[32m[2026-01-05 15:39:16 INFO] [experiment:112] Experiment looks valid
[36m[2026-01-05 15:39:16 DEBUG] [caching:42] Clearing activities cache
[36m[2026-01-05 15:39:16 DEBUG] [run:224] Runtime strategies: hypothesis - default / rollbacks - default
[36m[2026-01-05 15:39:16 DEBUG] [caching:24] Building activity cache...
[36m[2026-01-05 15:39:16 DEBUG] [caching:35] Cached 3 activities
[36m[2026-01-05 15:39:16 DEBUG] [configuration:64] Loading configuration...
[36m[2026-01-05 15:39:16 DEBUG] [secret:79] Loading secrets...
[36m[2026-01-05 15:39:16 DEBUG] [secret:104] Done loading secrets
[36m[2026-01-05 15:39:16 DEBUG] [configuration:161] Loading dynamic configuration...
[32m[2026-01-05 15:39:16 INFO] [run:440] Running experiment: Injeção de Latência de Rede via ChaosD Remoto
[36m[2026-01-05 15:39:16 DEBUG] [__init__:67] Initializing controls
[32m[2026-01-05 15:39:16 INFO] [run:471] Steady-state strategy: default
[32m[2026-01-05 15:39:16 INFO] [run:477] Rollbacks strategy: default
[36m[2026-01-05 15:39:16 DEBUG] [__init__:472] No controls to apply on 'experiment'
[36m[2026-01-05 15:39:16 DEBUG] [run:654] Running steady-state hypothesis before the method
[32m[2026-01-05 15:39:16 INFO] [hypothesis:205] Steady state hypothesis: O serviço deve estar acessível
[36m[2026-01-05 15:39:16 DEBUG] [__init__:472] No controls to apply on 'hypothesis'
[36m[2026-01-05 15:39:16 DEBUG] [__init__:472] No controls to apply on 'activity'
[32m[2026-01-05 15:39:16 INFO] [activity:232] Probe: service-is-responding
[36m[2026-01-05 15:39:16 DEBUG] [activity:260]   => succeeded with '{'status': 200, 'headers': {'Content-Type': 'application/json', 'Vary': 'Accept-Encoding', 'X-Consul-Default-Acl-Policy': 'allow', 'Date': 'Mon, 05 Jan 2026 15:39:16 GMT', 'Content-Length': '19'}, 'body': '192.168.1.68:8300'}'
[36m[2026-01-05 15:39:16 DEBUG] [__init__:472] No controls to apply on 'activity'
[36m[2026-01-05 15:39:16 DEBUG] [hypothesis:247] allowed tolerance is 200
[32m[2026-01-05 15:39:16 INFO] [hypothesis:260] Steady state hypothesis is met!
[36m[2026-01-05 15:39:16 DEBUG] [__init__:472] No controls to apply on 'hypothesis'
[32m[2026-01-05 15:39:16 INFO] [run:778] Playing your experiment's method now...
[36m[2026-01-05 15:39:16 DEBUG] [__init__:472] No controls to apply on 'method'
[36m[2026-01-05 15:39:16 DEBUG] [__init__:472] No controls to apply on 'activity'
[32m[2026-01-05 15:39:16 INFO] [activity:232] Action: inject-network-delay
[36m[2026-01-05 15:39:16 DEBUG] [python:33] Activity 'inject-network-delay' loaded from '/app/src/lib/chaos_ssh_driver.py'
[36m[2026-01-05 15:39:18 DEBUG] [__init__:101] ###############################################################################
[36m[2026-01-05 15:39:18 DEBUG] [__init__:102] Running command 'run'
[36m[2026-01-05 15:39:18 DEBUG] [__init__:106] Using settings file '/root/.chaostoolkit/settings.yaml'
[36m[2026-01-05 15:39:18 DEBUG] [settings:31] The Chaos Toolkit settings file could not be found at '/root/.chaostoolkit/settings.yaml'.
[36m[2026-01-05 15:39:18 DEBUG] [__init__:472] No controls to apply on 'loader'
[36m[2026-01-05 15:39:18 DEBUG] [__init__:472] No controls to apply on 'loader'
[36m[2026-01-05 15:39:18 DEBUG] [caching:24] Building activity cache...
[36m[2026-01-05 15:39:18 DEBUG] [caching:35] Cached 4 activities
[32m[2026-01-05 15:39:18 INFO] [experiment:59] Validating the experiment's syntax
[36m[2026-01-05 15:39:18 DEBUG] [configuration:64] Loading configuration...
[36m[2026-01-05 15:39:18 DEBUG] [secret:79] Loading secrets...
[36m[2026-01-05 15:39:18 DEBUG] [secret:104] Done loading secrets
[32m[2026-01-05 15:39:18 INFO] [experiment:112] Experiment looks valid
[36m[2026-01-05 15:39:18 DEBUG] [caching:42] Clearing activities cache
[36m[2026-01-05 15:39:18 DEBUG] [run:224] Runtime strategies: hypothesis - default / rollbacks - default
[36m[2026-01-05 15:39:18 DEBUG] [caching:24] Building activity cache...
[36m[2026-01-05 15:39:18 DEBUG] [caching:35] Cached 4 activities
[36m[2026-01-05 15:39:18 DEBUG] [configuration:64] Loading configuration...
[36m[2026-01-05 15:39:18 DEBUG] [secret:79] Loading secrets...
[36m[2026-01-05 15:39:18 DEBUG] [secret:104] Done loading secrets
[36m[2026-01-05 15:39:18 DEBUG] [configuration:161] Loading dynamic configuration...
[32m[2026-01-05 15:39:18 INFO] [run:440] Running experiment: Injeção de Limite de Largura de Banda
[36m[2026-01-05 15:39:18 DEBUG] [__init__:67] Initializing controls
[32m[2026-01-05 15:39:18 INFO] [run:471] Steady-state strategy: default
[32m[2026-01-05 15:39:18 INFO] [run:477] Rollbacks strategy: default
[36m[2026-01-05 15:39:18 DEBUG] [__init__:472] No controls to apply on 'experiment'
[36m[2026-01-05 15:39:18 DEBUG] [run:654] Running steady-state hypothesis before the method
[32m[2026-01-05 15:39:18 INFO] [hypothesis:205] Steady state hypothesis: O serviço deve continuar respondendo apesar do limite de banda
[36m[2026-01-05 15:39:18 DEBUG] [__init__:472] No controls to apply on 'hypothesis'
[36m[2026-01-05 15:39:18 DEBUG] [__init__:472] No controls to apply on 'activity'
[32m[2026-01-05 15:39:18 INFO] [activity:232] Probe: service-is-responding
[36m[2026-01-05 15:39:19 DEBUG] [activity:260]   => succeeded with '{'status': 200, 'headers': {'Content-Type': 'application/json', 'Vary': 'Accept-Encoding', 'X-Consul-Default-Acl-Policy': 'allow', 'Date': 'Mon, 05 Jan 2026 15:39:18 GMT', 'Content-Length': '19'}, 'body': '192.168.1.68:8300'}'
[36m[2026-01-05 15:39:19 DEBUG] [__init__:472] No controls to apply on 'activity'
[36m[2026-01-05 15:39:19 DEBUG] [hypothesis:247] allowed tolerance is 200
[32m[2026-01-05 15:39:19 INFO] [hypothesis:260] Steady state hypothesis is met!
[36m[2026-01-05 15:39:19 DEBUG] [__init__:472] No controls to apply on 'hypothesis'
[32m[2026-01-05 15:39:19 INFO] [run:778] Playing your experiment's method now...
[36m[2026-01-05 15:39:19 DEBUG] [__init__:472] No controls to apply on 'method'
[36m[2026-01-05 15:39:19 DEBUG] [__init__:472] No controls to apply on 'activity'
[32m[2026-01-05 15:39:19 INFO] [activity:232] Action: inject-bandwidth-limit
[36m[2026-01-05 15:39:19 DEBUG] [python:33] Activity 'inject-bandwidth-limit' loaded from '/app/src/lib/chaos_ssh_driver.py'
[36m[2026-01-05 15:39:20 DEBUG] [activity:260]   => succeeded with 'enp7s0'
[36m[2026-01-05 15:39:20 DEBUG] [__init__:472] No controls to apply on 'activity'
[36m[2026-01-05 15:39:20 DEBUG] [__init__:472] No controls to apply on 'activity'
[32m[2026-01-05 15:39:20 INFO] [activity:232] Action: wait-duration
[36m[2026-01-05 15:39:20 DEBUG] [python:33] Activity 'wait-duration' loaded from '/app/src/lib/chaos_ssh_driver.py'
[36m[2026-01-05 15:39:22 DEBUG] [activity:260]   => succeeded with 'enp7s0'
[36m[2026-01-05 15:39:22 DEBUG] [__init__:472] No controls to apply on 'activity'
[36m[2026-01-05 15:39:22 DEBUG] [__init__:472] No controls to apply on 'activity'
[32m[2026-01-05 15:39:22 INFO] [activity:232] Action: wait-duration
[36m[2026-01-05 15:39:22 DEBUG] [python:33] Activity 'wait-duration' loaded from '/app/src/lib/chaos_ssh_driver.py'
[36m[2026-01-05 15:39:50 DEBUG] [activity:262]   => succeeded without any result value
[36m[2026-01-05 15:39:50 DEBUG] [__init__:472] No controls to apply on 'activity'
[36m[2026-01-05 15:39:50 DEBUG] [__init__:472] No controls to apply on 'method'
[36m[2026-01-05 15:39:50 DEBUG] [run:696] Running steady-state hypothesis after the method
[32m[2026-01-05 15:39:50 INFO] [hypothesis:205] Steady state hypothesis: O serviço deve estar acessível
[36m[2026-01-05 15:39:50 DEBUG] [__init__:472] No controls to apply on 'hypothesis'
[36m[2026-01-05 15:39:50 DEBUG] [__init__:472] No controls to apply on 'activity'
[32m[2026-01-05 15:39:50 INFO] [activity:232] Probe: service-is-responding
[36m[2026-01-05 15:39:50 DEBUG] [activity:260]   => succeeded with '{'status': 200, 'headers': {'Content-Type': 'application/json', 'Vary': 'Accept-Encoding', 'X-Consul-Default-Acl-Policy': 'allow', 'Date': 'Mon, 05 Jan 2026 15:39:50 GMT', 'Content-Length': '19'}, 'body': '192.168.1.68:8300'}'
[36m[2026-01-05 15:39:50 DEBUG] [__init__:472] No controls to apply on 'activity'
[36m[2026-01-05 15:39:50 DEBUG] [hypothesis:247] allowed tolerance is 200
[32m[2026-01-05 15:39:50 INFO] [hypothesis:260] Steady state hypothesis is met!
[36m[2026-01-05 15:39:50 DEBUG] [__init__:472] No controls to apply on 'hypothesis'
[32m[2026-01-05 15:39:50 INFO] [run:1072] Let's rollback...
[36m[2026-01-05 15:39:50 DEBUG] [__init__:472] No controls to apply on 'rollback'
[32m[2026-01-05 15:39:50 INFO] [rollback:36] Rollback: recover-network
[36m[2026-01-05 15:39:50 DEBUG] [__init__:472] No controls to apply on 'activity'
[32m[2026-01-05 15:39:50 INFO] [activity:232] Action: recover-network
[36m[2026-01-05 15:39:50 DEBUG] [python:33] Activity 'recover-network' loaded from '/app/src/lib/chaos_ssh_driver.py'
[36m[2026-01-05 15:39:52 DEBUG] [activity:262]   => succeeded without any result value
[36m[2026-01-05 15:39:52 DEBUG] [__init__:472] No controls to apply on 'activity'
[36m[2026-01-05 15:39:52 DEBUG] [__init__:472] No controls to apply on 'rollback'
[32m[2026-01-05 15:39:52 INFO] [run:598] Experiment ended with status: completed
[36m[2026-01-05 15:39:52 DEBUG] [__init__:472] No controls to apply on 'experiment'
[36m[2026-01-05 15:39:52 DEBUG] [__init__:106] Cleaning up controls
[36m[2026-01-05 15:39:52 DEBUG] [caching:42] Clearing activities cache
[36m[2026-01-05 15:39:52 DEBUG] [activity:262]   => succeeded without any result value
[36m[2026-01-05 15:39:52 DEBUG] [__init__:472] No controls to apply on 'activity'
[36m[2026-01-05 15:39:52 DEBUG] [__init__:472] No controls to apply on 'activity'
[32m[2026-01-05 15:39:52 INFO] [activity:232] Action: recover-bandwidth-limit
[36m[2026-01-05 15:39:52 DEBUG] [python:33] Activity 'recover-bandwidth-limit' loaded from '/app/src/lib/chaos_ssh_driver.py'
[36m[2026-01-05 15:39:54 DEBUG] [activity:262]   => succeeded without any result value
[36m[2026-01-05 15:39:54 DEBUG] [__init__:472] No controls to apply on 'activity'
[36m[2026-01-05 15:39:54 DEBUG] [__init__:472] No controls to apply on 'method'
[36m[2026-01-05 15:39:54 DEBUG] [run:696] Running steady-state hypothesis after the method
[32m[2026-01-05 15:39:54 INFO] [hypothesis:205] Steady state hypothesis: O serviço deve continuar respondendo apesar do limite de banda
[36m[2026-01-05 15:39:54 DEBUG] [__init__:472] No controls to apply on 'hypothesis'
[36m[2026-01-05 15:39:54 DEBUG] [__init__:472] No controls to apply on 'activity'
[32m[2026-01-05 15:39:54 INFO] [activity:232] Probe: service-is-responding
[36m[2026-01-05 15:39:54 DEBUG] [activity:260]   => succeeded with '{'status': 200, 'headers': {'Content-Type': 'application/json', 'Vary': 'Accept-Encoding', 'X-Consul-Default-Acl-Policy': 'allow', 'Date': 'Mon, 05 Jan 2026 15:39:54 GMT', 'Content-Length': '19'}, 'body': '192.168.1.68:8300'}'
[36m[2026-01-05 15:39:54 DEBUG] [__init__:472] No controls to apply on 'activity'
[36m[2026-01-05 15:39:54 DEBUG] [hypothesis:247] allowed tolerance is 200
[32m[2026-01-05 15:39:54 INFO] [hypothesis:260] Steady state hypothesis is met!
[36m[2026-01-05 15:39:54 DEBUG] [__init__:472] No controls to apply on 'hypothesis'
[32m[2026-01-05 15:39:54 INFO] [run:1072] Let's rollback...
[36m[2026-01-05 15:39:54 DEBUG] [__init__:472] No controls to apply on 'rollback'
[32m[2026-01-05 15:39:54 INFO] [rollback:33] No declared rollbacks, let's move on.
[36m[2026-01-05 15:39:54 DEBUG] [__init__:472] No controls to apply on 'rollback'
[32m[2026-01-05 15:39:54 INFO] [run:598] Experiment ended with status: completed
[36m[2026-01-05 15:39:54 DEBUG] [__init__:472] No controls to apply on 'experiment'
[36m[2026-01-05 15:39:54 DEBUG] [__init__:106] Cleaning up controls
[36m[2026-01-05 15:39:54 DEBUG] [caching:42] Clearing activities cache
[36m[2026-01-05 15:44:55 DEBUG] [__init__:101] ###############################################################################
[36m[2026-01-05 15:44:55 DEBUG] [__init__:102] Running command 'run'
[36m[2026-01-05 15:44:55 DEBUG] [__init__:106] Using settings file '/root/.chaostoolkit/settings.yaml'
[36m[2026-01-05 15:44:55 DEBUG] [settings:31] The Chaos Toolkit settings file could not be found at '/root/.chaostoolkit/settings.yaml'.
[36m[2026-01-05 15:44:55 DEBUG] [__init__:472] No controls to apply on 'loader'
[36m[2026-01-05 15:44:55 DEBUG] [__init__:472] No controls to apply on 'loader'
[36m[2026-01-05 15:44:55 DEBUG] [caching:24] Building activity cache...
[36m[2026-01-05 15:44:55 DEBUG] [caching:35] Cached 2 activities
[32m[2026-01-05 15:44:55 INFO] [experiment:59] Validating the experiment's syntax
[36m[2026-01-05 15:44:55 DEBUG] [configuration:64] Loading configuration...
[36m[2026-01-05 15:44:55 DEBUG] [secret:79] Loading secrets...
[36m[2026-01-05 15:44:55 DEBUG] [secret:104] Done loading secrets
[32m[2026-01-05 15:44:55 INFO] [experiment:112] Experiment looks valid
[36m[2026-01-05 15:44:55 DEBUG] [caching:42] Clearing activities cache
[36m[2026-01-05 15:44:55 DEBUG] [run:224] Runtime strategies: hypothesis - default / rollbacks - default
[36m[2026-01-05 15:44:55 DEBUG] [caching:24] Building activity cache...
[36m[2026-01-05 15:44:55 DEBUG] [caching:35] Cached 2 activities
[36m[2026-01-05 15:44:55 DEBUG] [configuration:64] Loading configuration...
[36m[2026-01-05 15:44:55 DEBUG] [secret:79] Loading secrets...
[36m[2026-01-05 15:44:55 DEBUG] [secret:104] Done loading secrets
[36m[2026-01-05 15:44:55 DEBUG] [configuration:161] Loading dynamic configuration...
[32m[2026-01-05 15:44:55 INFO] [run:440] Running experiment: Injeção de Duplicação de Pacotes
[36m[2026-01-05 15:44:55 DEBUG] [__init__:67] Initializing controls
[32m[2026-01-05 15:44:55 INFO] [run:471] Steady-state strategy: default
[32m[2026-01-05 15:44:55 INFO] [run:477] Rollbacks strategy: default
[32m[2026-01-05 15:44:55 INFO] [run:485] No steady state hypothesis defined. That's ok, just exploring.
[36m[2026-01-05 15:44:55 DEBUG] [__init__:472] No controls to apply on 'experiment'
[32m[2026-01-05 15:44:55 INFO] [run:778] Playing your experiment's method now...
[36m[2026-01-05 15:44:55 DEBUG] [__init__:472] No controls to apply on 'method'
[36m[2026-01-05 15:44:55 DEBUG] [__init__:472] No controls to apply on 'activity'
[32m[2026-01-05 15:44:55 INFO] [activity:232] Action: inject-packet-duplication
[36m[2026-01-05 15:44:55 DEBUG] [python:33] Activity 'inject-packet-duplication' loaded from '/app/src/lib/chaos_ssh_driver.py'
[36m[2026-01-05 15:44:55 DEBUG] [activity:260]   => succeeded with 'enp7s0'
[36m[2026-01-05 15:44:55 DEBUG] [__init__:472] No controls to apply on 'activity'
[36m[2026-01-05 15:44:55 DEBUG] [__init__:472] No controls to apply on 'activity'
[32m[2026-01-05 15:44:55 INFO] [activity:232] Action: wait-duration
[36m[2026-01-05 15:44:55 DEBUG] [python:33] Activity 'wait-duration' loaded from '/app/src/lib/chaos_ssh_driver.py'
[36m[2026-01-05 15:44:57 DEBUG] [__init__:101] ###############################################################################
[36m[2026-01-05 15:44:57 DEBUG] [__init__:102] Running command 'run'
[36m[2026-01-05 15:44:57 DEBUG] [__init__:106] Using settings file '/root/.chaostoolkit/settings.yaml'
[36m[2026-01-05 15:44:57 DEBUG] [settings:31] The Chaos Toolkit settings file could not be found at '/root/.chaostoolkit/settings.yaml'.
[36m[2026-01-05 15:44:57 DEBUG] [__init__:472] No controls to apply on 'loader'
[36m[2026-01-05 15:44:57 DEBUG] [__init__:472] No controls to apply on 'loader'
[36m[2026-01-05 15:44:57 DEBUG] [caching:24] Building activity cache...
[36m[2026-01-05 15:44:57 DEBUG] [caching:35] Cached 2 activities
[32m[2026-01-05 15:44:57 INFO] [experiment:59] Validating the experiment's syntax
[36m[2026-01-05 15:44:57 DEBUG] [configuration:64] Loading configuration...
[36m[2026-01-05 15:44:57 DEBUG] [secret:79] Loading secrets...
[36m[2026-01-05 15:44:57 DEBUG] [secret:104] Done loading secrets
[32m[2026-01-05 15:44:57 INFO] [experiment:112] Experiment looks valid
[36m[2026-01-05 15:44:57 DEBUG] [caching:42] Clearing activities cache
[36m[2026-01-05 15:44:57 DEBUG] [run:224] Runtime strategies: hypothesis - default / rollbacks - default
[36m[2026-01-05 15:44:57 DEBUG] [caching:24] Building activity cache...
[36m[2026-01-05 15:44:57 DEBUG] [caching:35] Cached 2 activities
[36m[2026-01-05 15:44:57 DEBUG] [configuration:64] Loading configuration...
[36m[2026-01-05 15:44:57 DEBUG] [secret:79] Loading secrets...
[36m[2026-01-05 15:44:57 DEBUG] [secret:104] Done loading secrets
[36m[2026-01-05 15:44:57 DEBUG] [configuration:161] Loading dynamic configuration...
[32m[2026-01-05 15:44:57 INFO] [run:440] Running experiment: Injeção de Reordenação de Pacotes
[36m[2026-01-05 15:44:57 DEBUG] [__init__:67] Initializing controls
[32m[2026-01-05 15:44:57 INFO] [run:471] Steady-state strategy: default
[32m[2026-01-05 15:44:57 INFO] [run:477] Rollbacks strategy: default
[32m[2026-01-05 15:44:57 INFO] [run:485] No steady state hypothesis defined. That's ok, just exploring.
[36m[2026-01-05 15:44:57 DEBUG] [__init__:472] No controls to apply on 'experiment'
[32m[2026-01-05 15:44:57 INFO] [run:778] Playing your experiment's method now...
[36m[2026-01-05 15:44:57 DEBUG] [__init__:472] No controls to apply on 'method'
[36m[2026-01-05 15:44:57 DEBUG] [__init__:472] No controls to apply on 'activity'
[32m[2026-01-05 15:44:57 INFO] [activity:232] Action: inject-packet-reordering
[36m[2026-01-05 15:44:57 DEBUG] [python:33] Activity 'inject-packet-reordering' loaded from '/app/src/lib/chaos_ssh_driver.py'
[36m[2026-01-05 15:44:57 DEBUG] [activity:260]   => succeeded with 'enp7s0'
[36m[2026-01-05 15:44:57 DEBUG] [__init__:472] No controls to apply on 'activity'
[36m[2026-01-05 15:44:57 DEBUG] [__init__:472] No controls to apply on 'activity'
[32m[2026-01-05 15:44:57 INFO] [activity:232] Action: wait-duration
[36m[2026-01-05 15:44:57 DEBUG] [python:33] Activity 'wait-duration' loaded from '/app/src/lib/chaos_ssh_driver.py'
[36m[2026-01-05 15:45:25 DEBUG] [activity:262]   => succeeded without any result value
[36m[2026-01-05 15:45:25 DEBUG] [__init__:472] No controls to apply on 'activity'
[36m[2026-01-05 15:45:25 DEBUG] [__init__:472] No controls to apply on 'method'
[32m[2026-01-05 15:45:25 INFO] [run:1072] Let's rollback...
[36m[2026-01-05 15:45:25 DEBUG] [__init__:472] No controls to apply on 'rollback'
[32m[2026-01-05 15:45:25 INFO] [rollback:36] Rollback: recover-packet-duplication
[36m[2026-01-05 15:45:25 DEBUG] [__init__:472] No controls to apply on 'activity'
[32m[2026-01-05 15:45:25 INFO] [activity:232] Action: recover-packet-duplication
[36m[2026-01-05 15:45:25 DEBUG] [python:33] Activity 'recover-packet-duplication' loaded from '/app/src/lib/chaos_ssh_driver.py'
[36m[2026-01-05 15:45:26 DEBUG] [activity:262]   => succeeded without any result value
[36m[2026-01-05 15:45:26 DEBUG] [__init__:472] No controls to apply on 'activity'
[36m[2026-01-05 15:45:26 DEBUG] [__init__:472] No controls to apply on 'rollback'
[32m[2026-01-05 15:45:26 INFO] [run:598] Experiment ended with status: completed
[36m[2026-01-05 15:45:26 DEBUG] [__init__:472] No controls to apply on 'experiment'
[36m[2026-01-05 15:45:26 DEBUG] [__init__:106] Cleaning up controls
[36m[2026-01-05 15:45:26 DEBUG] [caching:42] Clearing activities cache
[36m[2026-01-05 15:45:27 DEBUG] [activity:262]   => succeeded without any result value
[36m[2026-01-05 15:45:27 DEBUG] [__init__:472] No controls to apply on 'activity'
[36m[2026-01-05 15:45:27 DEBUG] [__init__:472] No controls to apply on 'method'
[32m[2026-01-05 15:45:27 INFO] [run:1072] Let's rollback...
[36m[2026-01-05 15:45:27 DEBUG] [__init__:472] No controls to apply on 'rollback'
[32m[2026-01-05 15:45:27 INFO] [rollback:36] Rollback: recover-packet-reordering
[36m[2026-01-05 15:45:27 DEBUG] [__init__:472] No controls to apply on 'activity'
[32m[2026-01-05 15:45:27 INFO] [activity:232] Action: recover-packet-reordering
[36m[2026-01-05 15:45:27 DEBUG] [python:33] Activity 'recover-packet-reordering' loaded from '/app/src/lib/chaos_ssh_driver.py'
[36m[2026-01-05 15:45:27 DEBUG] [activity:262]   => succeeded without any result value
[36m[2026-01-05 15:45:27 DEBUG] [__init__:472] No controls to apply on 'activity'
[36m[2026-01-05 15:45:27 DEBUG] [__init__:472] No controls to apply on 'rollback'
[32m[2026-01-05 15:45:27 INFO] [run:598] Experiment ended with status: completed
[36m[2026-01-05 15:45:27 DEBUG] [__init__:472] No controls to apply on 'experiment'
[36m[2026-01-05 15:45:27 DEBUG] [__init__:106] Cleaning up controls
[36m[2026-01-05 15:45:27 DEBUG] [caching:42] Clearing activities cache
[36m[2026-01-05 15:46:52 DEBUG] [__init__:101] ###############################################################################
[36m[2026-01-05 15:46:52 DEBUG] [__init__:102] Running command 'run'
[36m[2026-01-05 15:46:52 DEBUG] [__init__:106] Using settings file '/root/.chaostoolkit/settings.yaml'
[36m[2026-01-05 15:46:52 DEBUG] [settings:31] The Chaos Toolkit settings file could not be found at '/root/.chaostoolkit/settings.yaml'.
[36m[2026-01-05 15:46:52 DEBUG] [__init__:472] No controls to apply on 'loader'
[36m[2026-01-05 15:46:52 DEBUG] [__init__:472] No controls to apply on 'loader'
[36m[2026-01-05 15:46:52 DEBUG] [caching:24] Building activity cache...
[36m[2026-01-05 15:46:52 DEBUG] [caching:35] Cached 2 activities
[32m[2026-01-05 15:46:52 INFO] [experiment:59] Validating the experiment's syntax
[36m[2026-01-05 15:46:52 DEBUG] [configuration:64] Loading configuration...
[36m[2026-01-05 15:46:52 DEBUG] [secret:79] Loading secrets...
[36m[2026-01-05 15:46:52 DEBUG] [secret:104] Done loading secrets
[32m[2026-01-05 15:46:52 INFO] [experiment:112] Experiment looks valid
[36m[2026-01-05 15:46:52 DEBUG] [caching:42] Clearing activities cache
[36m[2026-01-05 15:46:52 DEBUG] [run:224] Runtime strategies: hypothesis - default / rollbacks - default
[36m[2026-01-05 15:46:52 DEBUG] [caching:24] Building activity cache...
[36m[2026-01-05 15:46:52 DEBUG] [caching:35] Cached 2 activities
[36m[2026-01-05 15:46:52 DEBUG] [configuration:64] Loading configuration...
[36m[2026-01-05 15:46:52 DEBUG] [secret:79] Loading secrets...
[36m[2026-01-05 15:46:52 DEBUG] [secret:104] Done loading secrets
[36m[2026-01-05 15:46:52 DEBUG] [configuration:161] Loading dynamic configuration...
[32m[2026-01-05 15:46:52 INFO] [run:440] Running experiment: Injeção de Duplicação de Pacotes
[36m[2026-01-05 15:46:52 DEBUG] [__init__:67] Initializing controls
[32m[2026-01-05 15:46:52 INFO] [run:471] Steady-state strategy: default
[32m[2026-01-05 15:46:52 INFO] [run:477] Rollbacks strategy: default
[32m[2026-01-05 15:46:52 INFO] [run:485] No steady state hypothesis defined. That's ok, just exploring.
[36m[2026-01-05 15:46:52 DEBUG] [__init__:472] No controls to apply on 'experiment'
[32m[2026-01-05 15:46:52 INFO] [run:778] Playing your experiment's method now...
[36m[2026-01-05 15:46:52 DEBUG] [__init__:472] No controls to apply on 'method'
[36m[2026-01-05 15:46:52 DEBUG] [__init__:472] No controls to apply on 'activity'
[32m[2026-01-05 15:46:52 INFO] [activity:232] Action: inject-packet-duplication
[36m[2026-01-05 15:46:52 DEBUG] [python:33] Activity 'inject-packet-duplication' loaded from '/app/src/lib/chaos_ssh_driver.py'
[36m[2026-01-05 15:46:52 DEBUG] [activity:260]   => succeeded with 'enp7s0'
[36m[2026-01-05 15:46:52 DEBUG] [__init__:472] No controls to apply on 'activity'
[36m[2026-01-05 15:46:52 DEBUG] [__init__:472] No controls to apply on 'activity'
[32m[2026-01-05 15:46:52 INFO] [activity:232] Action: wait-duration
[36m[2026-01-05 15:46:52 DEBUG] [python:33] Activity 'wait-duration' loaded from '/app/src/lib/chaos_ssh_driver.py'
[36m[2026-01-05 15:47:22 DEBUG] [activity:262]   => succeeded without any result value
[36m[2026-01-05 15:47:22 DEBUG] [__init__:472] No controls to apply on 'activity'
[36m[2026-01-05 15:47:22 DEBUG] [__init__:472] No controls to apply on 'method'
[32m[2026-01-05 15:47:22 INFO] [run:1072] Let's rollback...
[36m[2026-01-05 15:47:22 DEBUG] [__init__:472] No controls to apply on 'rollback'
[32m[2026-01-05 15:47:22 INFO] [rollback:36] Rollback: recover-packet-duplication
[36m[2026-01-05 15:47:22 DEBUG] [__init__:472] No controls to apply on 'activity'
[32m[2026-01-05 15:47:22 INFO] [activity:232] Action: recover-packet-duplication
[36m[2026-01-05 15:47:22 DEBUG] [python:33] Activity 'recover-packet-duplication' loaded from '/app/src/lib/chaos_ssh_driver.py'
[36m[2026-01-05 15:47:23 DEBUG] [activity:262]   => succeeded without any result value
[36m[2026-01-05 15:47:23 DEBUG] [__init__:472] No controls to apply on 'activity'
[36m[2026-01-05 15:47:23 DEBUG] [__init__:472] No controls to apply on 'rollback'
[32m[2026-01-05 15:47:23 INFO] [run:598] Experiment ended with status: completed
[36m[2026-01-05 15:47:23 DEBUG] [__init__:472] No controls to apply on 'experiment'
[36m[2026-01-05 15:47:23 DEBUG] [__init__:106] Cleaning up controls
[36m[2026-01-05 15:47:23 DEBUG] [caching:42] Clearing activities cache
[36m[2026-01-05 15:49:29 DEBUG] [__init__:101] ###############################################################################
[36m[2026-01-05 15:49:29 DEBUG] [__init__:102] Running command 'run'
[36m[2026-01-05 15:49:29 DEBUG] [__init__:106] Using settings file '/root/.chaostoolkit/settings.yaml'
[36m[2026-01-05 15:49:29 DEBUG] [settings:31] The Chaos Toolkit settings file could not be found at '/root/.chaostoolkit/settings.yaml'.
[36m[2026-01-05 15:49:29 DEBUG] [__init__:472] No controls to apply on 'loader'
[36m[2026-01-05 15:49:29 DEBUG] [__init__:472] No controls to apply on 'loader'
[36m[2026-01-05 15:49:29 DEBUG] [caching:24] Building activity cache...
[36m[2026-01-05 15:49:29 DEBUG] [caching:35] Cached 2 activities
[32m[2026-01-05 15:49:29 INFO] [experiment:59] Validating the experiment's syntax
[36m[2026-01-05 15:49:29 DEBUG] [configuration:64] Loading configuration...
[36m[2026-01-05 15:49:29 DEBUG] [secret:79] Loading secrets...
[36m[2026-01-05 15:49:29 DEBUG] [secret:104] Done loading secrets
[32m[2026-01-05 15:49:29 INFO] [experiment:112] Experiment looks valid
[36m[2026-01-05 15:49:29 DEBUG] [caching:42] Clearing activities cache
[36m[2026-01-05 15:49:29 DEBUG] [run:224] Runtime strategies: hypothesis - default / rollbacks - default
[36m[2026-01-05 15:49:29 DEBUG] [caching:24] Building activity cache...
[36m[2026-01-05 15:49:29 DEBUG] [caching:35] Cached 2 activities
[36m[2026-01-05 15:49:29 DEBUG] [configuration:64] Loading configuration...
[36m[2026-01-05 15:49:29 DEBUG] [secret:79] Loading secrets...
[36m[2026-01-05 15:49:29 DEBUG] [secret:104] Done loading secrets
[36m[2026-01-05 15:49:29 DEBUG] [configuration:161] Loading dynamic configuration...
[32m[2026-01-05 15:49:29 INFO] [run:440] Running experiment: Injeção de Duplicação de Pacotes
[36m[2026-01-05 15:49:29 DEBUG] [__init__:67] Initializing controls
[32m[2026-01-05 15:49:29 INFO] [run:471] Steady-state strategy: default
[32m[2026-01-05 15:49:29 INFO] [run:477] Rollbacks strategy: default
[32m[2026-01-05 15:49:29 INFO] [run:485] No steady state hypothesis defined. That's ok, just exploring.
[36m[2026-01-05 15:49:29 DEBUG] [__init__:472] No controls to apply on 'experiment'
[32m[2026-01-05 15:49:29 INFO] [run:778] Playing your experiment's method now...
[36m[2026-01-05 15:49:29 DEBUG] [__init__:472] No controls to apply on 'method'
[36m[2026-01-05 15:49:29 DEBUG] [__init__:472] No controls to apply on 'activity'
[32m[2026-01-05 15:49:29 INFO] [activity:232] Action: inject-packet-duplication
[36m[2026-01-05 15:49:29 DEBUG] [python:33] Activity 'inject-packet-duplication' loaded from '/app/src/lib/chaos_ssh_driver.py'
[36m[2026-01-05 15:49:29 DEBUG] [activity:260]   => succeeded with 'enp7s0'
[36m[2026-01-05 15:49:29 DEBUG] [__init__:472] No controls to apply on 'activity'
[36m[2026-01-05 15:49:29 DEBUG] [__init__:472] No controls to apply on 'activity'
[32m[2026-01-05 15:49:29 INFO] [activity:232] Action: wait-duration
[36m[2026-01-05 15:49:29 DEBUG] [python:33] Activity 'wait-duration' loaded from '/app/src/lib/chaos_ssh_driver.py'
[36m[2026-01-05 15:49:31 DEBUG] [__init__:101] ###############################################################################
[36m[2026-01-05 15:49:31 DEBUG] [__init__:102] Running command 'run'
[36m[2026-01-05 15:49:31 DEBUG] [__init__:106] Using settings file '/root/.chaostoolkit/settings.yaml'
[36m[2026-01-05 15:49:31 DEBUG] [settings:31] The Chaos Toolkit settings file could not be found at '/root/.chaostoolkit/settings.yaml'.
[36m[2026-01-05 15:49:31 DEBUG] [__init__:472] No controls to apply on 'loader'
[36m[2026-01-05 15:49:31 DEBUG] [__init__:472] No controls to apply on 'loader'
[36m[2026-01-05 15:49:31 DEBUG] [caching:24] Building activity cache...
[36m[2026-01-05 15:49:31 DEBUG] [caching:35] Cached 2 activities
[32m[2026-01-05 15:49:31 INFO] [experiment:59] Validating the experiment's syntax
[36m[2026-01-05 15:49:31 DEBUG] [configuration:64] Loading configuration...
[36m[2026-01-05 15:49:31 DEBUG] [secret:79] Loading secrets...
[36m[2026-01-05 15:49:31 DEBUG] [secret:104] Done loading secrets
[32m[2026-01-05 15:49:31 INFO] [experiment:112] Experiment looks valid
[36m[2026-01-05 15:49:31 DEBUG] [caching:42] Clearing activities cache
[36m[2026-01-05 15:49:31 DEBUG] [run:224] Runtime strategies: hypothesis - default / rollbacks - default
[36m[2026-01-05 15:49:31 DEBUG] [caching:24] Building activity cache...
[36m[2026-01-05 15:49:31 DEBUG] [caching:35] Cached 2 activities
[36m[2026-01-05 15:49:31 DEBUG] [configuration:64] Loading configuration...
[36m[2026-01-05 15:49:31 DEBUG] [secret:79] Loading secrets...
[36m[2026-01-05 15:49:31 DEBUG] [secret:104] Done loading secrets
[36m[2026-01-05 15:49:31 DEBUG] [configuration:161] Loading dynamic configuration...
[32m[2026-01-05 15:49:31 INFO] [run:440] Running experiment: Injeção de Reordenação de Pacotes
[36m[2026-01-05 15:49:31 DEBUG] [__init__:67] Initializing controls
[32m[2026-01-05 15:49:31 INFO] [run:471] Steady-state strategy: default
[32m[2026-01-05 15:49:31 INFO] [run:477] Rollbacks strategy: default
[32m[2026-01-05 15:49:31 INFO] [run:485] No steady state hypothesis defined. That's ok, just exploring.
[36m[2026-01-05 15:49:31 DEBUG] [__init__:472] No controls to apply on 'experiment'
[32m[2026-01-05 15:49:31 INFO] [run:778] Playing your experiment's method now...
[36m[2026-01-05 15:49:31 DEBUG] [__init__:472] No controls to apply on 'method'
[36m[2026-01-05 15:49:31 DEBUG] [__init__:472] No controls to apply on 'activity'
[32m[2026-01-05 15:49:31 INFO] [activity:232] Action: inject-packet-reordering
[36m[2026-01-05 15:49:31 DEBUG] [python:33] Activity 'inject-packet-reordering' loaded from '/app/src/lib/chaos_ssh_driver.py'
[36m[2026-01-05 15:49:31 DEBUG] [activity:260]   => succeeded with 'enp7s0'
[36m[2026-01-05 15:49:31 DEBUG] [__init__:472] No controls to apply on 'activity'
[36m[2026-01-05 15:49:31 DEBUG] [__init__:472] No controls to apply on 'activity'
[32m[2026-01-05 15:49:31 INFO] [activity:232] Action: wait-duration
[36m[2026-01-05 15:49:31 DEBUG] [python:33] Activity 'wait-duration' loaded from '/app/src/lib/chaos_ssh_driver.py'
[36m[2026-01-05 15:49:59 DEBUG] [activity:262]   => succeeded without any result value
[36m[2026-01-05 15:49:59 DEBUG] [__init__:472] No controls to apply on 'activity'
[36m[2026-01-05 15:49:59 DEBUG] [__init__:472] No controls to apply on 'method'
[32m[2026-01-05 15:49:59 INFO] [run:1072] Let's rollback...
[36m[2026-01-05 15:49:59 DEBUG] [__init__:472] No controls to apply on 'rollback'
[32m[2026-01-05 15:49:59 INFO] [rollback:36] Rollback: recover-packet-duplication
[36m[2026-01-05 15:49:59 DEBUG] [__init__:472] No controls to apply on 'activity'
[32m[2026-01-05 15:49:59 INFO] [activity:232] Action: recover-packet-duplication
[36m[2026-01-05 15:49:59 DEBUG] [python:33] Activity 'recover-packet-duplication' loaded from '/app/src/lib/chaos_ssh_driver.py'
[36m[2026-01-05 15:49:59 DEBUG] [activity:262]   => succeeded without any result value
[36m[2026-01-05 15:49:59 DEBUG] [__init__:472] No controls to apply on 'activity'
[36m[2026-01-05 15:49:59 DEBUG] [__init__:472] No controls to apply on 'rollback'
[32m[2026-01-05 15:49:59 INFO] [run:598] Experiment ended with status: completed
[36m[2026-01-05 15:49:59 DEBUG] [__init__:472] No controls to apply on 'experiment'
[36m[2026-01-05 15:49:59 DEBUG] [__init__:106] Cleaning up controls
[36m[2026-01-05 15:49:59 DEBUG] [caching:42] Clearing activities cache
[36m[2026-01-05 15:50:01 DEBUG] [activity:262]   => succeeded without any result value
[36m[2026-01-05 15:50:01 DEBUG] [__init__:472] No controls to apply on 'activity'
[36m[2026-01-05 15:50:01 DEBUG] [__init__:472] No controls to apply on 'method'
[32m[2026-01-05 15:50:01 INFO] [run:1072] Let's rollback...
[36m[2026-01-05 15:50:01 DEBUG] [__init__:472] No controls to apply on 'rollback'
[32m[2026-01-05 15:50:01 INFO] [rollback:36] Rollback: recover-packet-reordering
[36m[2026-01-05 15:50:01 DEBUG] [__init__:472] No controls to apply on 'activity'
[32m[2026-01-05 15:50:01 INFO] [activity:232] Action: recover-packet-reordering
[36m[2026-01-05 15:50:01 DEBUG] [python:33] Activity 'recover-packet-reordering' loaded from '/app/src/lib/chaos_ssh_driver.py'
[36m[2026-01-05 15:50:01 DEBUG] [activity:262]   => succeeded without any result value
[36m[2026-01-05 15:50:01 DEBUG] [__init__:472] No controls to apply on 'activity'
[36m[2026-01-05 15:50:01 DEBUG] [__init__:472] No controls to apply on 'rollback'
[32m[2026-01-05 15:50:01 INFO] [run:598] Experiment ended with status: completed
[36m[2026-01-05 15:50:01 DEBUG] [__init__:472] No controls to apply on 'experiment'
[36m[2026-01-05 15:50:01 DEBUG] [__init__:106] Cleaning up controls
[36m[2026-01-05 15:50:01 DEBUG] [caching:42] Clearing activities cache
[36m[2026-01-05 15:55:46 DEBUG] [__init__:101] ###############################################################################
[36m[2026-01-05 15:55:46 DEBUG] [__init__:102] Running command 'run'
[36m[2026-01-05 15:55:46 DEBUG] [__init__:106] Using settings file '/root/.chaostoolkit/settings.yaml'
[36m[2026-01-05 15:55:46 DEBUG] [settings:31] The Chaos Toolkit settings file could not be found at '/root/.chaostoolkit/settings.yaml'.
[36m[2026-01-05 15:55:46 DEBUG] [__init__:472] No controls to apply on 'loader'
[36m[2026-01-05 15:55:46 DEBUG] [__init__:472] No controls to apply on 'loader'
[36m[2026-01-05 15:55:46 DEBUG] [caching:24] Building activity cache...
[36m[2026-01-05 15:55:46 DEBUG] [caching:35] Cached 2 activities
[32m[2026-01-05 15:55:46 INFO] [experiment:59] Validating the experiment's syntax
[36m[2026-01-05 15:55:46 DEBUG] [configuration:64] Loading configuration...
[36m[2026-01-05 15:55:46 DEBUG] [secret:79] Loading secrets...
[36m[2026-01-05 15:55:46 DEBUG] [secret:104] Done loading secrets
[32m[2026-01-05 15:55:46 INFO] [experiment:112] Experiment looks valid
[36m[2026-01-05 15:55:46 DEBUG] [caching:42] Clearing activities cache
[36m[2026-01-05 15:55:46 DEBUG] [run:224] Runtime strategies: hypothesis - default / rollbacks - default
[36m[2026-01-05 15:55:46 DEBUG] [caching:24] Building activity cache...
[36m[2026-01-05 15:55:46 DEBUG] [caching:35] Cached 2 activities
[36m[2026-01-05 15:55:46 DEBUG] [configuration:64] Loading configuration...
[36m[2026-01-05 15:55:46 DEBUG] [secret:79] Loading secrets...
[36m[2026-01-05 15:55:46 DEBUG] [secret:104] Done loading secrets
[36m[2026-01-05 15:55:46 DEBUG] [configuration:161] Loading dynamic configuration...
[32m[2026-01-05 15:55:46 INFO] [run:440] Running experiment: Injeção de Duplicação de Pacotes
[36m[2026-01-05 15:55:46 DEBUG] [__init__:67] Initializing controls
[32m[2026-01-05 15:55:46 INFO] [run:471] Steady-state strategy: default
[32m[2026-01-05 15:55:46 INFO] [run:477] Rollbacks strategy: default
[32m[2026-01-05 15:55:46 INFO] [run:485] No steady state hypothesis defined. That's ok, just exploring.
[36m[2026-01-05 15:55:46 DEBUG] [__init__:472] No controls to apply on 'experiment'
[32m[2026-01-05 15:55:46 INFO] [run:778] Playing your experiment's method now...
[36m[2026-01-05 15:55:46 DEBUG] [__init__:472] No controls to apply on 'method'
[36m[2026-01-05 15:55:46 DEBUG] [__init__:472] No controls to apply on 'activity'
[32m[2026-01-05 15:55:46 INFO] [activity:232] Action: inject-packet-duplication
[36m[2026-01-05 15:55:46 DEBUG] [python:33] Activity 'inject-packet-duplication' loaded from '/app/src/lib/chaos_ssh_driver.py'
[36m[2026-01-05 15:55:46 DEBUG] [activity:317] Activity failed
    Traceback (most recent call last):
      File "/app/src/lib/chaos_ssh_driver.py", line 19, in run_ssh_command
        result = subprocess.run(ssh_cmd, capture_output=True, text=True, check=True, timeout=10)
      File "/usr/local/lib/python3.10/subprocess.py", line 526, in run
        raise CalledProcessError(retcode, process.args,
    subprocess.CalledProcessError: Command '['ssh', '-o', 'StrictHostKeyChecking=no', '-o', 'UserKnownHostsFile=/dev/null', '-o', 'BatchMode=yes', 'sidu@192.168.1.72', 'sudo tc qdisc replace dev enp7s0 root netem duplicate 50%']' returned non-zero exit status 255.
    
    During handling of the above exception, another exception occurred:
    
    Traceback (most recent call last):
      File "/app/src/lib/chaos_ssh_driver.py", line 242, in inject_packet_duplication
        run_ssh_command(target_host, ssh_user, cmd, ssh_password)
      File "/app/src/lib/chaos_ssh_driver.py", line 22, in run_ssh_command
        raise RuntimeError(f"SSH command failed: {e.stderr}")
    RuntimeError: SSH command failed: Warning: Permanently added '192.168.1.72' (ED25519) to the list of known hosts.
    sidu@192.168.1.72: Permission denied (publickey,password).
    
    
    During handling of the above exception, another exception occurred:
    
    Traceback (most recent call last):
      File "/usr/local/lib/python3.10/site-packages/chaoslib/provider/python.py", line 56, in run_python_activity
        return func(**arguments)
      File "/app/src/lib/chaos_ssh_driver.py", line 245, in inject_packet_duplication
        raise RuntimeError(f"Failed to inject packet duplication: {e}")
    RuntimeError: Failed to inject packet duplication: SSH command failed: Warning: Permanently added '192.168.1.72' (ED25519) to the list of known hosts.
    sidu@192.168.1.72: Permission denied (publickey,password).
    
    
    During handling of the above exception, another exception occurred:
    
    Traceback (most recent call last):
      File "/usr/local/lib/python3.10/site-packages/chaoslib/activity.py", line 310, in run_activity
        result = run_python_activity(activity, configuration, secrets)
      File "/usr/local/lib/python3.10/site-packages/chaoslib/provider/python.py", line 58, in run_python_activity
        raise ActivityFailed(
      File "/usr/local/lib/python3.10/site-packages/chaoslib/provider/python.py", line 56, in run_python_activity
        return func(**arguments)
      File "/app/src/lib/chaos_ssh_driver.py", line 245, in inject_packet_duplication
        raise RuntimeError(f"Failed to inject packet duplication: {e}")
    chaoslib.exceptions.ActivityFailed: RuntimeError: Failed to inject packet duplication: SSH command failed: Warning: Permanently added '192.168.1.72' (ED25519) to the list of known hosts.
    sidu@192.168.1.72: Permission denied (publickey,password).
[31m[2026-01-05 15:55:46 ERROR] [activity:268]   => failed: RuntimeError: Failed to inject packet duplication: SSH command failed: Warning: Permanently added '192.168.1.72' (ED25519) to the list of known hosts.
    sidu@192.168.1.72: Permission denied (publickey,password).
[36m[2026-01-05 15:55:46 DEBUG] [__init__:472] No controls to apply on 'activity'
[36m[2026-01-05 15:55:46 DEBUG] [__init__:472] No controls to apply on 'activity'
[32m[2026-01-05 15:55:46 INFO] [activity:232] Action: wait-duration
[36m[2026-01-05 15:55:46 DEBUG] [python:33] Activity 'wait-duration' loaded from '/app/src/lib/chaos_ssh_driver.py'
[36m[2026-01-05 15:55:48 DEBUG] [__init__:101] ###############################################################################
[36m[2026-01-05 15:55:48 DEBUG] [__init__:102] Running command 'run'
[36m[2026-01-05 15:55:48 DEBUG] [__init__:106] Using settings file '/root/.chaostoolkit/settings.yaml'
[36m[2026-01-05 15:55:48 DEBUG] [settings:31] The Chaos Toolkit settings file could not be found at '/root/.chaostoolkit/settings.yaml'.
[36m[2026-01-05 15:55:48 DEBUG] [__init__:472] No controls to apply on 'loader'
[36m[2026-01-05 15:55:48 DEBUG] [__init__:472] No controls to apply on 'loader'
[36m[2026-01-05 15:55:48 DEBUG] [caching:24] Building activity cache...
[36m[2026-01-05 15:55:48 DEBUG] [caching:35] Cached 2 activities
[32m[2026-01-05 15:55:48 INFO] [experiment:59] Validating the experiment's syntax
[36m[2026-01-05 15:55:48 DEBUG] [configuration:64] Loading configuration...
[36m[2026-01-05 15:55:48 DEBUG] [secret:79] Loading secrets...
[36m[2026-01-05 15:55:48 DEBUG] [secret:104] Done loading secrets
[32m[2026-01-05 15:55:48 INFO] [experiment:112] Experiment looks valid
[36m[2026-01-05 15:55:48 DEBUG] [caching:42] Clearing activities cache
[36m[2026-01-05 15:55:48 DEBUG] [run:224] Runtime strategies: hypothesis - default / rollbacks - default
[36m[2026-01-05 15:55:48 DEBUG] [caching:24] Building activity cache...
[36m[2026-01-05 15:55:48 DEBUG] [caching:35] Cached 2 activities
[36m[2026-01-05 15:55:48 DEBUG] [configuration:64] Loading configuration...
[36m[2026-01-05 15:55:48 DEBUG] [secret:79] Loading secrets...
[36m[2026-01-05 15:55:48 DEBUG] [secret:104] Done loading secrets
[36m[2026-01-05 15:55:48 DEBUG] [configuration:161] Loading dynamic configuration...
[32m[2026-01-05 15:55:48 INFO] [run:440] Running experiment: Injeção de Reordenação de Pacotes
[36m[2026-01-05 15:55:48 DEBUG] [__init__:67] Initializing controls
[32m[2026-01-05 15:55:48 INFO] [run:471] Steady-state strategy: default
[32m[2026-01-05 15:55:48 INFO] [run:477] Rollbacks strategy: default
[32m[2026-01-05 15:55:48 INFO] [run:485] No steady state hypothesis defined. That's ok, just exploring.
[36m[2026-01-05 15:55:48 DEBUG] [__init__:472] No controls to apply on 'experiment'
[32m[2026-01-05 15:55:48 INFO] [run:778] Playing your experiment's method now...
[36m[2026-01-05 15:55:48 DEBUG] [__init__:472] No controls to apply on 'method'
[36m[2026-01-05 15:55:48 DEBUG] [__init__:472] No controls to apply on 'activity'
[32m[2026-01-05 15:55:48 INFO] [activity:232] Action: inject-packet-reordering
[36m[2026-01-05 15:55:48 DEBUG] [python:33] Activity 'inject-packet-reordering' loaded from '/app/src/lib/chaos_ssh_driver.py'
[36m[2026-01-05 15:55:48 DEBUG] [activity:317] Activity failed
    Traceback (most recent call last):
      File "/app/src/lib/chaos_ssh_driver.py", line 19, in run_ssh_command
        result = subprocess.run(ssh_cmd, capture_output=True, text=True, check=True, timeout=10)
      File "/usr/local/lib/python3.10/subprocess.py", line 526, in run
        raise CalledProcessError(retcode, process.args,
    subprocess.CalledProcessError: Command '['ssh', '-o', 'StrictHostKeyChecking=no', '-o', 'UserKnownHostsFile=/dev/null', '-o', 'BatchMode=yes', 'sidu@192.168.1.72', 'sudo tc qdisc replace dev enp7s0 root netem delay 10ms reorder 20 50%']' returned non-zero exit status 255.
    
    During handling of the above exception, another exception occurred:
    
    Traceback (most recent call last):
      File "/app/src/lib/chaos_ssh_driver.py", line 282, in inject_packet_reordering
        run_ssh_command(target_host, ssh_user, cmd, ssh_password)
      File "/app/src/lib/chaos_ssh_driver.py", line 22, in run_ssh_command
        raise RuntimeError(f"SSH command failed: {e.stderr}")
    RuntimeError: SSH command failed: Warning: Permanently added '192.168.1.72' (ED25519) to the list of known hosts.
    sidu@192.168.1.72: Permission denied (publickey,password).
    
    
    During handling of the above exception, another exception occurred:
    
    Traceback (most recent call last):
      File "/usr/local/lib/python3.10/site-packages/chaoslib/provider/python.py", line 56, in run_python_activity
        return func(**arguments)
      File "/app/src/lib/chaos_ssh_driver.py", line 285, in inject_packet_reordering
        raise RuntimeError(f"Failed to inject packet reordering: {e}")
    RuntimeError: Failed to inject packet reordering: SSH command failed: Warning: Permanently added '192.168.1.72' (ED25519) to the list of known hosts.
    sidu@192.168.1.72: Permission denied (publickey,password).
    
    
    During handling of the above exception, another exception occurred:
    
    Traceback (most recent call last):
      File "/usr/local/lib/python3.10/site-packages/chaoslib/activity.py", line 310, in run_activity
        result = run_python_activity(activity, configuration, secrets)
      File "/usr/local/lib/python3.10/site-packages/chaoslib/provider/python.py", line 58, in run_python_activity
        raise ActivityFailed(
      File "/usr/local/lib/python3.10/site-packages/chaoslib/provider/python.py", line 56, in run_python_activity
        return func(**arguments)
      File "/app/src/lib/chaos_ssh_driver.py", line 285, in inject_packet_reordering
        raise RuntimeError(f"Failed to inject packet reordering: {e}")
    chaoslib.exceptions.ActivityFailed: RuntimeError: Failed to inject packet reordering: SSH command failed: Warning: Permanently added '192.168.1.72' (ED25519) to the list of known hosts.
    sidu@192.168.1.72: Permission denied (publickey,password).
[31m[2026-01-05 15:55:48 ERROR] [activity:268]   => failed: RuntimeError: Failed to inject packet reordering: SSH command failed: Warning: Permanently added '192.168.1.72' (ED25519) to the list of known hosts.
    sidu@192.168.1.72: Permission denied (publickey,password).
[36m[2026-01-05 15:55:48 DEBUG] [__init__:472] No controls to apply on 'activity'
[36m[2026-01-05 15:55:48 DEBUG] [__init__:472] No controls to apply on 'activity'
[32m[2026-01-05 15:55:48 INFO] [activity:232] Action: wait-duration
[36m[2026-01-05 15:55:48 DEBUG] [python:33] Activity 'wait-duration' loaded from '/app/src/lib/chaos_ssh_driver.py'
[36m[2026-01-05 15:55:50 DEBUG] [__init__:101] ###############################################################################
[36m[2026-01-05 15:55:50 DEBUG] [__init__:102] Running command 'run'
[36m[2026-01-05 15:55:50 DEBUG] [__init__:106] Using settings file '/root/.chaostoolkit/settings.yaml'
[36m[2026-01-05 15:55:50 DEBUG] [settings:31] The Chaos Toolkit settings file could not be found at '/root/.chaostoolkit/settings.yaml'.
[36m[2026-01-05 15:55:50 DEBUG] [__init__:472] No controls to apply on 'loader'
[36m[2026-01-05 15:55:50 DEBUG] [__init__:472] No controls to apply on 'loader'
[36m[2026-01-05 15:55:50 DEBUG] [caching:24] Building activity cache...
[36m[2026-01-05 15:55:50 DEBUG] [caching:35] Cached 2 activities
[32m[2026-01-05 15:55:50 INFO] [experiment:59] Validating the experiment's syntax
[36m[2026-01-05 15:55:50 DEBUG] [configuration:64] Loading configuration...
[36m[2026-01-05 15:55:50 DEBUG] [secret:79] Loading secrets...
[36m[2026-01-05 15:55:50 DEBUG] [secret:104] Done loading secrets
[32m[2026-01-05 15:55:50 INFO] [experiment:112] Experiment looks valid
[36m[2026-01-05 15:55:50 DEBUG] [caching:42] Clearing activities cache
[36m[2026-01-05 15:55:50 DEBUG] [run:224] Runtime strategies: hypothesis - default / rollbacks - default
[36m[2026-01-05 15:55:50 DEBUG] [caching:24] Building activity cache...
[36m[2026-01-05 15:55:50 DEBUG] [caching:35] Cached 2 activities
[36m[2026-01-05 15:55:50 DEBUG] [configuration:64] Loading configuration...
[36m[2026-01-05 15:55:50 DEBUG] [secret:79] Loading secrets...
[36m[2026-01-05 15:55:50 DEBUG] [secret:104] Done loading secrets
[36m[2026-01-05 15:55:50 DEBUG] [configuration:161] Loading dynamic configuration...
[32m[2026-01-05 15:55:50 INFO] [run:440] Running experiment: Injeção de Duplicação de Pacotes
[36m[2026-01-05 15:55:50 DEBUG] [__init__:67] Initializing controls
[32m[2026-01-05 15:55:50 INFO] [run:471] Steady-state strategy: default
[32m[2026-01-05 15:55:50 INFO] [run:477] Rollbacks strategy: default
[32m[2026-01-05 15:55:50 INFO] [run:485] No steady state hypothesis defined. That's ok, just exploring.
[36m[2026-01-05 15:55:50 DEBUG] [__init__:472] No controls to apply on 'experiment'
[32m[2026-01-05 15:55:50 INFO] [run:778] Playing your experiment's method now...
[36m[2026-01-05 15:55:50 DEBUG] [__init__:472] No controls to apply on 'method'
[36m[2026-01-05 15:55:50 DEBUG] [__init__:472] No controls to apply on 'activity'
[32m[2026-01-05 15:55:50 INFO] [activity:232] Action: inject-packet-duplication
[36m[2026-01-05 15:55:50 DEBUG] [python:33] Activity 'inject-packet-duplication' loaded from '/app/src/lib/chaos_ssh_driver.py'
[36m[2026-01-05 15:55:51 DEBUG] [activity:260]   => succeeded with 'enp7s0'
[36m[2026-01-05 15:55:51 DEBUG] [__init__:472] No controls to apply on 'activity'
[36m[2026-01-05 15:55:51 DEBUG] [__init__:472] No controls to apply on 'activity'
[32m[2026-01-05 15:55:51 INFO] [activity:232] Action: wait-duration
[36m[2026-01-05 15:55:51 DEBUG] [python:33] Activity 'wait-duration' loaded from '/app/src/lib/chaos_ssh_driver.py'
[36m[2026-01-05 15:55:52 DEBUG] [__init__:101] ###############################################################################
[36m[2026-01-05 15:55:52 DEBUG] [__init__:102] Running command 'run'
[36m[2026-01-05 15:55:52 DEBUG] [__init__:106] Using settings file '/root/.chaostoolkit/settings.yaml'
[36m[2026-01-05 15:55:52 DEBUG] [settings:31] The Chaos Toolkit settings file could not be found at '/root/.chaostoolkit/settings.yaml'.
[36m[2026-01-05 15:55:52 DEBUG] [__init__:472] No controls to apply on 'loader'
[36m[2026-01-05 15:55:52 DEBUG] [__init__:472] No controls to apply on 'loader'
[36m[2026-01-05 15:55:52 DEBUG] [caching:24] Building activity cache...
[36m[2026-01-05 15:55:52 DEBUG] [caching:35] Cached 2 activities
[32m[2026-01-05 15:55:52 INFO] [experiment:59] Validating the experiment's syntax
[36m[2026-01-05 15:55:52 DEBUG] [configuration:64] Loading configuration...
[36m[2026-01-05 15:55:52 DEBUG] [secret:79] Loading secrets...
[36m[2026-01-05 15:55:52 DEBUG] [secret:104] Done loading secrets
[32m[2026-01-05 15:55:52 INFO] [experiment:112] Experiment looks valid
[36m[2026-01-05 15:55:52 DEBUG] [caching:42] Clearing activities cache
[36m[2026-01-05 15:55:52 DEBUG] [run:224] Runtime strategies: hypothesis - default / rollbacks - default
[36m[2026-01-05 15:55:52 DEBUG] [caching:24] Building activity cache...
[36m[2026-01-05 15:55:52 DEBUG] [caching:35] Cached 2 activities
[36m[2026-01-05 15:55:52 DEBUG] [configuration:64] Loading configuration...
[36m[2026-01-05 15:55:52 DEBUG] [secret:79] Loading secrets...
[36m[2026-01-05 15:55:52 DEBUG] [secret:104] Done loading secrets
[36m[2026-01-05 15:55:52 DEBUG] [configuration:161] Loading dynamic configuration...
[32m[2026-01-05 15:55:52 INFO] [run:440] Running experiment: Injeção de Reordenação de Pacotes
[36m[2026-01-05 15:55:52 DEBUG] [__init__:67] Initializing controls
[32m[2026-01-05 15:55:52 INFO] [run:471] Steady-state strategy: default
[32m[2026-01-05 15:55:52 INFO] [run:477] Rollbacks strategy: default
[32m[2026-01-05 15:55:52 INFO] [run:485] No steady state hypothesis defined. That's ok, just exploring.
[36m[2026-01-05 15:55:52 DEBUG] [__init__:472] No controls to apply on 'experiment'
[32m[2026-01-05 15:55:52 INFO] [run:778] Playing your experiment's method now...
[36m[2026-01-05 15:55:52 DEBUG] [__init__:472] No controls to apply on 'method'
[36m[2026-01-05 15:55:52 DEBUG] [__init__:472] No controls to apply on 'activity'
[32m[2026-01-05 15:55:52 INFO] [activity:232] Action: inject-packet-reordering
[36m[2026-01-05 15:55:52 DEBUG] [python:33] Activity 'inject-packet-reordering' loaded from '/app/src/lib/chaos_ssh_driver.py'
[36m[2026-01-05 15:55:52 DEBUG] [activity:260]   => succeeded with 'enp7s0'
[36m[2026-01-05 15:55:52 DEBUG] [__init__:472] No controls to apply on 'activity'
[36m[2026-01-05 15:55:52 DEBUG] [__init__:472] No controls to apply on 'activity'
[32m[2026-01-05 15:55:52 INFO] [activity:232] Action: wait-duration
[36m[2026-01-05 15:55:52 DEBUG] [python:33] Activity 'wait-duration' loaded from '/app/src/lib/chaos_ssh_driver.py'
[36m[2026-01-05 15:56:16 DEBUG] [activity:262]   => succeeded without any result value
[36m[2026-01-05 15:56:16 DEBUG] [__init__:472] No controls to apply on 'activity'
[36m[2026-01-05 15:56:16 DEBUG] [__init__:472] No controls to apply on 'method'
[32m[2026-01-05 15:56:16 INFO] [run:1072] Let's rollback...
[36m[2026-01-05 15:56:16 DEBUG] [__init__:472] No controls to apply on 'rollback'
[32m[2026-01-05 15:56:16 INFO] [rollback:36] Rollback: recover-packet-duplication
[36m[2026-01-05 15:56:16 DEBUG] [__init__:472] No controls to apply on 'activity'
[32m[2026-01-05 15:56:16 INFO] [activity:232] Action: recover-packet-duplication
[36m[2026-01-05 15:56:16 DEBUG] [python:33] Activity 'recover-packet-duplication' loaded from '/app/src/lib/chaos_ssh_driver.py'
[36m[2026-01-05 15:56:16 DEBUG] [activity:262]   => succeeded without any result value
[36m[2026-01-05 15:56:16 DEBUG] [__init__:472] No controls to apply on 'activity'
[36m[2026-01-05 15:56:16 DEBUG] [__init__:472] No controls to apply on 'rollback'
[32m[2026-01-05 15:56:16 INFO] [run:598] Experiment ended with status: completed
[36m[2026-01-05 15:56:16 DEBUG] [__init__:472] No controls to apply on 'experiment'
[36m[2026-01-05 15:56:16 DEBUG] [__init__:106] Cleaning up controls
[36m[2026-01-05 15:56:16 DEBUG] [caching:42] Clearing activities cache
[36m[2026-01-05 15:56:18 DEBUG] [activity:262]   => succeeded without any result value
[36m[2026-01-05 15:56:18 DEBUG] [__init__:472] No controls to apply on 'activity'
[36m[2026-01-05 15:56:18 DEBUG] [__init__:472] No controls to apply on 'method'
[32m[2026-01-05 15:56:18 INFO] [run:1072] Let's rollback...
[36m[2026-01-05 15:56:18 DEBUG] [__init__:472] No controls to apply on 'rollback'
[32m[2026-01-05 15:56:18 INFO] [rollback:36] Rollback: recover-packet-reordering
[36m[2026-01-05 15:56:18 DEBUG] [__init__:472] No controls to apply on 'activity'
[32m[2026-01-05 15:56:18 INFO] [activity:232] Action: recover-packet-reordering
[36m[2026-01-05 15:56:18 DEBUG] [python:33] Activity 'recover-packet-reordering' loaded from '/app/src/lib/chaos_ssh_driver.py'
[36m[2026-01-05 15:56:18 DEBUG] [activity:262]   => succeeded without any result value
[36m[2026-01-05 15:56:18 DEBUG] [__init__:472] No controls to apply on 'activity'
[36m[2026-01-05 15:56:18 DEBUG] [__init__:472] No controls to apply on 'rollback'
[32m[2026-01-05 15:56:18 INFO] [run:598] Experiment ended with status: completed
[36m[2026-01-05 15:56:18 DEBUG] [__init__:472] No controls to apply on 'experiment'
[36m[2026-01-05 15:56:18 DEBUG] [__init__:106] Cleaning up controls
[36m[2026-01-05 15:56:18 DEBUG] [caching:42] Clearing activities cache
[36m[2026-01-05 15:56:21 DEBUG] [activity:262]   => succeeded without any result value
[36m[2026-01-05 15:56:21 DEBUG] [__init__:472] No controls to apply on 'activity'
[36m[2026-01-05 15:56:21 DEBUG] [__init__:472] No controls to apply on 'method'
[32m[2026-01-05 15:56:21 INFO] [run:1072] Let's rollback...
[36m[2026-01-05 15:56:21 DEBUG] [__init__:472] No controls to apply on 'rollback'
[32m[2026-01-05 15:56:21 INFO] [rollback:36] Rollback: recover-packet-duplication
[36m[2026-01-05 15:56:21 DEBUG] [__init__:472] No controls to apply on 'activity'
[32m[2026-01-05 15:56:21 INFO] [activity:232] Action: recover-packet-duplication
[36m[2026-01-05 15:56:21 DEBUG] [python:33] Activity 'recover-packet-duplication' loaded from '/app/src/lib/chaos_ssh_driver.py'
[36m[2026-01-05 15:56:21 DEBUG] [activity:262]   => succeeded without any result value
[36m[2026-01-05 15:56:21 DEBUG] [__init__:472] No controls to apply on 'activity'
[36m[2026-01-05 15:56:21 DEBUG] [__init__:472] No controls to apply on 'rollback'
[32m[2026-01-05 15:56:21 INFO] [run:598] Experiment ended with status: completed
[36m[2026-01-05 15:56:21 DEBUG] [__init__:472] No controls to apply on 'experiment'
[36m[2026-01-05 15:56:21 DEBUG] [__init__:106] Cleaning up controls
[36m[2026-01-05 15:56:21 DEBUG] [caching:42] Clearing activities cache
[36m[2026-01-05 15:56:22 DEBUG] [activity:262]   => succeeded without any result value
[36m[2026-01-05 15:56:22 DEBUG] [__init__:472] No controls to apply on 'activity'
[36m[2026-01-05 15:56:22 DEBUG] [__init__:472] No controls to apply on 'method'
[32m[2026-01-05 15:56:22 INFO] [run:1072] Let's rollback...
[36m[2026-01-05 15:56:22 DEBUG] [__init__:472] No controls to apply on 'rollback'
[32m[2026-01-05 15:56:22 INFO] [rollback:36] Rollback: recover-packet-reordering
[36m[2026-01-05 15:56:22 DEBUG] [__init__:472] No controls to apply on 'activity'
[32m[2026-01-05 15:56:22 INFO] [activity:232] Action: recover-packet-reordering
[36m[2026-01-05 15:56:22 DEBUG] [python:33] Activity 'recover-packet-reordering' loaded from '/app/src/lib/chaos_ssh_driver.py'
[36m[2026-01-05 15:56:23 DEBUG] [activity:262]   => succeeded without any result value
[36m[2026-01-05 15:56:23 DEBUG] [__init__:472] No controls to apply on 'activity'
[36m[2026-01-05 15:56:23 DEBUG] [__init__:472] No controls to apply on 'rollback'
[32m[2026-01-05 15:56:23 INFO] [run:598] Experiment ended with status: completed
[36m[2026-01-05 15:56:23 DEBUG] [__init__:472] No controls to apply on 'experiment'
[36m[2026-01-05 15:56:23 DEBUG] [__init__:106] Cleaning up controls
[36m[2026-01-05 15:56:23 DEBUG] [caching:42] Clearing activities cache
[36m[2026-01-05 16:00:14 DEBUG] [__init__:101] ###############################################################################
[36m[2026-01-05 16:00:14 DEBUG] [__init__:102] Running command 'run'
[36m[2026-01-05 16:00:14 DEBUG] [__init__:106] Using settings file '/root/.chaostoolkit/settings.yaml'
[36m[2026-01-05 16:00:15 DEBUG] [settings:31] The Chaos Toolkit settings file could not be found at '/root/.chaostoolkit/settings.yaml'.
[36m[2026-01-05 16:00:15 DEBUG] [__init__:472] No controls to apply on 'loader'
[36m[2026-01-05 16:00:15 DEBUG] [__init__:472] No controls to apply on 'loader'
[36m[2026-01-05 16:00:15 DEBUG] [caching:24] Building activity cache...
[36m[2026-01-05 16:00:15 DEBUG] [caching:35] Cached 2 activities
[32m[2026-01-05 16:00:15 INFO] [experiment:59] Validating the experiment's syntax
[36m[2026-01-05 16:00:15 DEBUG] [configuration:64] Loading configuration...
[36m[2026-01-05 16:00:15 DEBUG] [secret:79] Loading secrets...
[36m[2026-01-05 16:00:15 DEBUG] [secret:104] Done loading secrets
[32m[2026-01-05 16:00:15 INFO] [experiment:112] Experiment looks valid
[36m[2026-01-05 16:00:15 DEBUG] [caching:42] Clearing activities cache
[36m[2026-01-05 16:00:15 DEBUG] [run:224] Runtime strategies: hypothesis - default / rollbacks - default
[36m[2026-01-05 16:00:15 DEBUG] [caching:24] Building activity cache...
[36m[2026-01-05 16:00:15 DEBUG] [caching:35] Cached 2 activities
[36m[2026-01-05 16:00:15 DEBUG] [configuration:64] Loading configuration...
[36m[2026-01-05 16:00:15 DEBUG] [secret:79] Loading secrets...
[36m[2026-01-05 16:00:15 DEBUG] [secret:104] Done loading secrets
[36m[2026-01-05 16:00:15 DEBUG] [configuration:161] Loading dynamic configuration...
[32m[2026-01-05 16:00:15 INFO] [run:440] Running experiment: Injeção de Duplicação de Pacotes
[36m[2026-01-05 16:00:15 DEBUG] [__init__:67] Initializing controls
[32m[2026-01-05 16:00:15 INFO] [run:471] Steady-state strategy: default
[32m[2026-01-05 16:00:15 INFO] [run:477] Rollbacks strategy: default
[32m[2026-01-05 16:00:15 INFO] [run:485] No steady state hypothesis defined. That's ok, just exploring.
[36m[2026-01-05 16:00:15 DEBUG] [__init__:472] No controls to apply on 'experiment'
[32m[2026-01-05 16:00:15 INFO] [run:778] Playing your experiment's method now...
[36m[2026-01-05 16:00:15 DEBUG] [__init__:472] No controls to apply on 'method'
[36m[2026-01-05 16:00:15 DEBUG] [__init__:472] No controls to apply on 'activity'
[32m[2026-01-05 16:00:15 INFO] [activity:232] Action: inject-packet-duplication
[36m[2026-01-05 16:00:15 DEBUG] [python:33] Activity 'inject-packet-duplication' loaded from '/app/src/lib/chaos_ssh_driver.py'
[36m[2026-01-05 16:00:15 DEBUG] [activity:317] Activity failed
    Traceback (most recent call last):
      File "/app/src/lib/chaos_ssh_driver.py", line 19, in run_ssh_command
        result = subprocess.run(ssh_cmd, capture_output=True, text=True, check=True, timeout=10)
      File "/usr/local/lib/python3.10/subprocess.py", line 526, in run
        raise CalledProcessError(retcode, process.args,
    subprocess.CalledProcessError: Command '['ssh', '-o', 'StrictHostKeyChecking=no', '-o', 'UserKnownHostsFile=/dev/null', '-o', 'BatchMode=yes', 'sidu@192.168.1.72', 'sudo tc qdisc replace dev enp7s0 root netem duplicate 50%']' returned non-zero exit status 255.
    
    During handling of the above exception, another exception occurred:
    
    Traceback (most recent call last):
      File "/app/src/lib/chaos_ssh_driver.py", line 242, in inject_packet_duplication
        run_ssh_command(target_host, ssh_user, cmd, ssh_password)
      File "/app/src/lib/chaos_ssh_driver.py", line 22, in run_ssh_command
        raise RuntimeError(f"SSH command failed: {e.stderr}")
    RuntimeError: SSH command failed: Warning: Permanently added '192.168.1.72' (ED25519) to the list of known hosts.
    sidu@192.168.1.72: Permission denied (publickey,password).
    
    
    During handling of the above exception, another exception occurred:
    
    Traceback (most recent call last):
      File "/usr/local/lib/python3.10/site-packages/chaoslib/provider/python.py", line 56, in run_python_activity
        return func(**arguments)
      File "/app/src/lib/chaos_ssh_driver.py", line 245, in inject_packet_duplication
        raise RuntimeError(f"Failed to inject packet duplication: {e}")
    RuntimeError: Failed to inject packet duplication: SSH command failed: Warning: Permanently added '192.168.1.72' (ED25519) to the list of known hosts.
    sidu@192.168.1.72: Permission denied (publickey,password).
    
    
    During handling of the above exception, another exception occurred:
    
    Traceback (most recent call last):
      File "/usr/local/lib/python3.10/site-packages/chaoslib/activity.py", line 310, in run_activity
        result = run_python_activity(activity, configuration, secrets)
      File "/usr/local/lib/python3.10/site-packages/chaoslib/provider/python.py", line 58, in run_python_activity
        raise ActivityFailed(
      File "/usr/local/lib/python3.10/site-packages/chaoslib/provider/python.py", line 56, in run_python_activity
        return func(**arguments)
      File "/app/src/lib/chaos_ssh_driver.py", line 245, in inject_packet_duplication
        raise RuntimeError(f"Failed to inject packet duplication: {e}")
    chaoslib.exceptions.ActivityFailed: RuntimeError: Failed to inject packet duplication: SSH command failed: Warning: Permanently added '192.168.1.72' (ED25519) to the list of known hosts.
    sidu@192.168.1.72: Permission denied (publickey,password).
[31m[2026-01-05 16:00:15 ERROR] [activity:268]   => failed: RuntimeError: Failed to inject packet duplication: SSH command failed: Warning: Permanently added '192.168.1.72' (ED25519) to the list of known hosts.
    sidu@192.168.1.72: Permission denied (publickey,password).
[36m[2026-01-05 16:00:15 DEBUG] [__init__:472] No controls to apply on 'activity'
[36m[2026-01-05 16:00:15 DEBUG] [__init__:472] No controls to apply on 'activity'
[32m[2026-01-05 16:00:15 INFO] [activity:232] Action: wait-duration
[36m[2026-01-05 16:00:15 DEBUG] [python:33] Activity 'wait-duration' loaded from '/app/src/lib/chaos_ssh_driver.py'
[36m[2026-01-05 16:00:17 DEBUG] [__init__:101] ###############################################################################
[36m[2026-01-05 16:00:17 DEBUG] [__init__:102] Running command 'run'
[36m[2026-01-05 16:00:17 DEBUG] [__init__:106] Using settings file '/root/.chaostoolkit/settings.yaml'
[36m[2026-01-05 16:00:17 DEBUG] [settings:31] The Chaos Toolkit settings file could not be found at '/root/.chaostoolkit/settings.yaml'.
[36m[2026-01-05 16:00:17 DEBUG] [__init__:472] No controls to apply on 'loader'
[36m[2026-01-05 16:00:17 DEBUG] [__init__:472] No controls to apply on 'loader'
[36m[2026-01-05 16:00:17 DEBUG] [caching:24] Building activity cache...
[36m[2026-01-05 16:00:17 DEBUG] [caching:35] Cached 2 activities
[32m[2026-01-05 16:00:17 INFO] [experiment:59] Validating the experiment's syntax
[36m[2026-01-05 16:00:17 DEBUG] [configuration:64] Loading configuration...
[36m[2026-01-05 16:00:17 DEBUG] [secret:79] Loading secrets...
[36m[2026-01-05 16:00:17 DEBUG] [secret:104] Done loading secrets
[32m[2026-01-05 16:00:17 INFO] [experiment:112] Experiment looks valid
[36m[2026-01-05 16:00:17 DEBUG] [caching:42] Clearing activities cache
[36m[2026-01-05 16:00:17 DEBUG] [run:224] Runtime strategies: hypothesis - default / rollbacks - default
[36m[2026-01-05 16:00:17 DEBUG] [caching:24] Building activity cache...
[36m[2026-01-05 16:00:17 DEBUG] [caching:35] Cached 2 activities
[36m[2026-01-05 16:00:17 DEBUG] [configuration:64] Loading configuration...
[36m[2026-01-05 16:00:17 DEBUG] [secret:79] Loading secrets...
[36m[2026-01-05 16:00:17 DEBUG] [secret:104] Done loading secrets
[36m[2026-01-05 16:00:17 DEBUG] [configuration:161] Loading dynamic configuration...
[32m[2026-01-05 16:00:17 INFO] [run:440] Running experiment: Injeção de Reordenação de Pacotes
[36m[2026-01-05 16:00:17 DEBUG] [__init__:67] Initializing controls
[32m[2026-01-05 16:00:17 INFO] [run:471] Steady-state strategy: default
[32m[2026-01-05 16:00:17 INFO] [run:477] Rollbacks strategy: default
[32m[2026-01-05 16:00:17 INFO] [run:485] No steady state hypothesis defined. That's ok, just exploring.
[36m[2026-01-05 16:00:17 DEBUG] [__init__:472] No controls to apply on 'experiment'
[32m[2026-01-05 16:00:17 INFO] [run:778] Playing your experiment's method now...
[36m[2026-01-05 16:00:17 DEBUG] [__init__:472] No controls to apply on 'method'
[36m[2026-01-05 16:00:17 DEBUG] [__init__:472] No controls to apply on 'activity'
[32m[2026-01-05 16:00:17 INFO] [activity:232] Action: inject-packet-reordering
[36m[2026-01-05 16:00:17 DEBUG] [python:33] Activity 'inject-packet-reordering' loaded from '/app/src/lib/chaos_ssh_driver.py'
[36m[2026-01-05 16:00:17 DEBUG] [activity:317] Activity failed
    Traceback (most recent call last):
      File "/app/src/lib/chaos_ssh_driver.py", line 19, in run_ssh_command
        result = subprocess.run(ssh_cmd, capture_output=True, text=True, check=True, timeout=10)
      File "/usr/local/lib/python3.10/subprocess.py", line 526, in run
        raise CalledProcessError(retcode, process.args,
    subprocess.CalledProcessError: Command '['ssh', '-o', 'StrictHostKeyChecking=no', '-o', 'UserKnownHostsFile=/dev/null', '-o', 'BatchMode=yes', 'sidu@192.168.1.72', 'sudo tc qdisc replace dev enp7s0 root netem delay 10ms reorder 20% 50%']' returned non-zero exit status 255.
    
    During handling of the above exception, another exception occurred:
    
    Traceback (most recent call last):
      File "/app/src/lib/chaos_ssh_driver.py", line 282, in inject_packet_reordering
        run_ssh_command(target_host, ssh_user, cmd, ssh_password)
      File "/app/src/lib/chaos_ssh_driver.py", line 22, in run_ssh_command
        raise RuntimeError(f"SSH command failed: {e.stderr}")
    RuntimeError: SSH command failed: Warning: Permanently added '192.168.1.72' (ED25519) to the list of known hosts.
    sidu@192.168.1.72: Permission denied (publickey,password).
    
    
    During handling of the above exception, another exception occurred:
    
    Traceback (most recent call last):
      File "/usr/local/lib/python3.10/site-packages/chaoslib/provider/python.py", line 56, in run_python_activity
        return func(**arguments)
      File "/app/src/lib/chaos_ssh_driver.py", line 285, in inject_packet_reordering
        raise RuntimeError(f"Failed to inject packet reordering: {e}")
    RuntimeError: Failed to inject packet reordering: SSH command failed: Warning: Permanently added '192.168.1.72' (ED25519) to the list of known hosts.
    sidu@192.168.1.72: Permission denied (publickey,password).
    
    
    During handling of the above exception, another exception occurred:
    
    Traceback (most recent call last):
      File "/usr/local/lib/python3.10/site-packages/chaoslib/activity.py", line 310, in run_activity
        result = run_python_activity(activity, configuration, secrets)
      File "/usr/local/lib/python3.10/site-packages/chaoslib/provider/python.py", line 58, in run_python_activity
        raise ActivityFailed(
      File "/usr/local/lib/python3.10/site-packages/chaoslib/provider/python.py", line 56, in run_python_activity
        return func(**arguments)
      File "/app/src/lib/chaos_ssh_driver.py", line 285, in inject_packet_reordering
        raise RuntimeError(f"Failed to inject packet reordering: {e}")
    chaoslib.exceptions.ActivityFailed: RuntimeError: Failed to inject packet reordering: SSH command failed: Warning: Permanently added '192.168.1.72' (ED25519) to the list of known hosts.
    sidu@192.168.1.72: Permission denied (publickey,password).
[31m[2026-01-05 16:00:17 ERROR] [activity:268]   => failed: RuntimeError: Failed to inject packet reordering: SSH command failed: Warning: Permanently added '192.168.1.72' (ED25519) to the list of known hosts.
    sidu@192.168.1.72: Permission denied (publickey,password).
[36m[2026-01-05 16:00:17 DEBUG] [__init__:472] No controls to apply on 'activity'
[36m[2026-01-05 16:00:17 DEBUG] [__init__:472] No controls to apply on 'activity'
[32m[2026-01-05 16:00:17 INFO] [activity:232] Action: wait-duration
[36m[2026-01-05 16:00:17 DEBUG] [python:33] Activity 'wait-duration' loaded from '/app/src/lib/chaos_ssh_driver.py'
[36m[2026-01-05 16:00:19 DEBUG] [__init__:101] ###############################################################################
[36m[2026-01-05 16:00:19 DEBUG] [__init__:102] Running command 'run'
[36m[2026-01-05 16:00:19 DEBUG] [__init__:106] Using settings file '/root/.chaostoolkit/settings.yaml'
[36m[2026-01-05 16:00:19 DEBUG] [settings:31] The Chaos Toolkit settings file could not be found at '/root/.chaostoolkit/settings.yaml'.
[36m[2026-01-05 16:00:19 DEBUG] [__init__:472] No controls to apply on 'loader'
[36m[2026-01-05 16:00:19 DEBUG] [__init__:472] No controls to apply on 'loader'
[36m[2026-01-05 16:00:19 DEBUG] [caching:24] Building activity cache...
[36m[2026-01-05 16:00:19 DEBUG] [caching:35] Cached 2 activities
[32m[2026-01-05 16:00:19 INFO] [experiment:59] Validating the experiment's syntax
[36m[2026-01-05 16:00:19 DEBUG] [configuration:64] Loading configuration...
[36m[2026-01-05 16:00:19 DEBUG] [secret:79] Loading secrets...
[36m[2026-01-05 16:00:19 DEBUG] [secret:104] Done loading secrets
[32m[2026-01-05 16:00:19 INFO] [experiment:112] Experiment looks valid
[36m[2026-01-05 16:00:19 DEBUG] [caching:42] Clearing activities cache
[36m[2026-01-05 16:00:19 DEBUG] [run:224] Runtime strategies: hypothesis - default / rollbacks - default
[36m[2026-01-05 16:00:19 DEBUG] [caching:24] Building activity cache...
[36m[2026-01-05 16:00:19 DEBUG] [caching:35] Cached 2 activities
[36m[2026-01-05 16:00:19 DEBUG] [configuration:64] Loading configuration...
[36m[2026-01-05 16:00:19 DEBUG] [secret:79] Loading secrets...
[36m[2026-01-05 16:00:19 DEBUG] [secret:104] Done loading secrets
[36m[2026-01-05 16:00:19 DEBUG] [configuration:161] Loading dynamic configuration...
[32m[2026-01-05 16:00:19 INFO] [run:440] Running experiment: Injeção de Duplicação de Pacotes
[36m[2026-01-05 16:00:19 DEBUG] [__init__:67] Initializing controls
[32m[2026-01-05 16:00:19 INFO] [run:471] Steady-state strategy: default
[32m[2026-01-05 16:00:19 INFO] [run:477] Rollbacks strategy: default
[32m[2026-01-05 16:00:19 INFO] [run:485] No steady state hypothesis defined. That's ok, just exploring.
[36m[2026-01-05 16:00:19 DEBUG] [__init__:472] No controls to apply on 'experiment'
[32m[2026-01-05 16:00:19 INFO] [run:778] Playing your experiment's method now...
[36m[2026-01-05 16:00:19 DEBUG] [__init__:472] No controls to apply on 'method'
[36m[2026-01-05 16:00:19 DEBUG] [__init__:472] No controls to apply on 'activity'
[32m[2026-01-05 16:00:19 INFO] [activity:232] Action: inject-packet-duplication
[36m[2026-01-05 16:00:19 DEBUG] [python:33] Activity 'inject-packet-duplication' loaded from '/app/src/lib/chaos_ssh_driver.py'
[36m[2026-01-05 16:00:19 DEBUG] [activity:260]   => succeeded with 'enp7s0'
[36m[2026-01-05 16:00:19 DEBUG] [__init__:472] No controls to apply on 'activity'
[36m[2026-01-05 16:00:19 DEBUG] [__init__:472] No controls to apply on 'activity'
[32m[2026-01-05 16:00:19 INFO] [activity:232] Action: wait-duration
[36m[2026-01-05 16:00:19 DEBUG] [python:33] Activity 'wait-duration' loaded from '/app/src/lib/chaos_ssh_driver.py'
[36m[2026-01-05 16:00:21 DEBUG] [__init__:101] ###############################################################################
[36m[2026-01-05 16:00:21 DEBUG] [__init__:102] Running command 'run'
[36m[2026-01-05 16:00:21 DEBUG] [__init__:106] Using settings file '/root/.chaostoolkit/settings.yaml'
[36m[2026-01-05 16:00:22 DEBUG] [settings:31] The Chaos Toolkit settings file could not be found at '/root/.chaostoolkit/settings.yaml'.
[36m[2026-01-05 16:00:22 DEBUG] [__init__:472] No controls to apply on 'loader'
[36m[2026-01-05 16:00:22 DEBUG] [__init__:472] No controls to apply on 'loader'
[36m[2026-01-05 16:00:22 DEBUG] [caching:24] Building activity cache...
[36m[2026-01-05 16:00:22 DEBUG] [caching:35] Cached 2 activities
[32m[2026-01-05 16:00:22 INFO] [experiment:59] Validating the experiment's syntax
[36m[2026-01-05 16:00:22 DEBUG] [configuration:64] Loading configuration...
[36m[2026-01-05 16:00:22 DEBUG] [secret:79] Loading secrets...
[36m[2026-01-05 16:00:22 DEBUG] [secret:104] Done loading secrets
[32m[2026-01-05 16:00:22 INFO] [experiment:112] Experiment looks valid
[36m[2026-01-05 16:00:22 DEBUG] [caching:42] Clearing activities cache
[36m[2026-01-05 16:00:22 DEBUG] [run:224] Runtime strategies: hypothesis - default / rollbacks - default
[36m[2026-01-05 16:00:22 DEBUG] [caching:24] Building activity cache...
[36m[2026-01-05 16:00:22 DEBUG] [caching:35] Cached 2 activities
[36m[2026-01-05 16:00:22 DEBUG] [configuration:64] Loading configuration...
[36m[2026-01-05 16:00:22 DEBUG] [secret:79] Loading secrets...
[36m[2026-01-05 16:00:22 DEBUG] [secret:104] Done loading secrets
[36m[2026-01-05 16:00:22 DEBUG] [configuration:161] Loading dynamic configuration...
[32m[2026-01-05 16:00:22 INFO] [run:440] Running experiment: Injeção de Reordenação de Pacotes
[36m[2026-01-05 16:00:22 DEBUG] [__init__:67] Initializing controls
[32m[2026-01-05 16:00:22 INFO] [run:471] Steady-state strategy: default
[32m[2026-01-05 16:00:22 INFO] [run:477] Rollbacks strategy: default
[32m[2026-01-05 16:00:22 INFO] [run:485] No steady state hypothesis defined. That's ok, just exploring.
[36m[2026-01-05 16:00:22 DEBUG] [__init__:472] No controls to apply on 'experiment'
[32m[2026-01-05 16:00:22 INFO] [run:778] Playing your experiment's method now...
[36m[2026-01-05 16:00:22 DEBUG] [__init__:472] No controls to apply on 'method'
[36m[2026-01-05 16:00:22 DEBUG] [__init__:472] No controls to apply on 'activity'
[32m[2026-01-05 16:00:22 INFO] [activity:232] Action: inject-packet-reordering
[36m[2026-01-05 16:00:22 DEBUG] [python:33] Activity 'inject-packet-reordering' loaded from '/app/src/lib/chaos_ssh_driver.py'
[36m[2026-01-05 16:00:22 DEBUG] [activity:260]   => succeeded with 'enp7s0'
[36m[2026-01-05 16:00:22 DEBUG] [__init__:472] No controls to apply on 'activity'
[36m[2026-01-05 16:00:22 DEBUG] [__init__:472] No controls to apply on 'activity'
[32m[2026-01-05 16:00:22 INFO] [activity:232] Action: wait-duration
[36m[2026-01-05 16:00:22 DEBUG] [python:33] Activity 'wait-duration' loaded from '/app/src/lib/chaos_ssh_driver.py'
[36m[2026-01-05 16:00:45 DEBUG] [activity:262]   => succeeded without any result value
[36m[2026-01-05 16:00:45 DEBUG] [__init__:472] No controls to apply on 'activity'
[36m[2026-01-05 16:00:45 DEBUG] [__init__:472] No controls to apply on 'method'
[32m[2026-01-05 16:00:45 INFO] [run:1072] Let's rollback...
[36m[2026-01-05 16:00:45 DEBUG] [__init__:472] No controls to apply on 'rollback'
[32m[2026-01-05 16:00:45 INFO] [rollback:36] Rollback: recover-packet-duplication
[36m[2026-01-05 16:00:45 DEBUG] [__init__:472] No controls to apply on 'activity'
[32m[2026-01-05 16:00:45 INFO] [activity:232] Action: recover-packet-duplication
[36m[2026-01-05 16:00:45 DEBUG] [python:33] Activity 'recover-packet-duplication' loaded from '/app/src/lib/chaos_ssh_driver.py'
[36m[2026-01-05 16:00:45 DEBUG] [activity:262]   => succeeded without any result value
[36m[2026-01-05 16:00:45 DEBUG] [__init__:472] No controls to apply on 'activity'
[36m[2026-01-05 16:00:45 DEBUG] [__init__:472] No controls to apply on 'rollback'
[32m[2026-01-05 16:00:45 INFO] [run:598] Experiment ended with status: completed
[36m[2026-01-05 16:00:45 DEBUG] [__init__:472] No controls to apply on 'experiment'
[36m[2026-01-05 16:00:45 DEBUG] [__init__:106] Cleaning up controls
[36m[2026-01-05 16:00:45 DEBUG] [caching:42] Clearing activities cache
[36m[2026-01-05 16:00:47 DEBUG] [activity:262]   => succeeded without any result value
[36m[2026-01-05 16:00:47 DEBUG] [__init__:472] No controls to apply on 'activity'
[36m[2026-01-05 16:00:47 DEBUG] [__init__:472] No controls to apply on 'method'
[32m[2026-01-05 16:00:47 INFO] [run:1072] Let's rollback...
[36m[2026-01-05 16:00:47 DEBUG] [__init__:472] No controls to apply on 'rollback'
[32m[2026-01-05 16:00:47 INFO] [rollback:36] Rollback: recover-packet-reordering
[36m[2026-01-05 16:00:47 DEBUG] [__init__:472] No controls to apply on 'activity'
[32m[2026-01-05 16:00:47 INFO] [activity:232] Action: recover-packet-reordering
[36m[2026-01-05 16:00:47 DEBUG] [python:33] Activity 'recover-packet-reordering' loaded from '/app/src/lib/chaos_ssh_driver.py'
[36m[2026-01-05 16:00:47 DEBUG] [activity:262]   => succeeded without any result value
[36m[2026-01-05 16:00:47 DEBUG] [__init__:472] No controls to apply on 'activity'
[36m[2026-01-05 16:00:47 DEBUG] [__init__:472] No controls to apply on 'rollback'
[32m[2026-01-05 16:00:47 INFO] [run:598] Experiment ended with status: completed
[36m[2026-01-05 16:00:47 DEBUG] [__init__:472] No controls to apply on 'experiment'
[36m[2026-01-05 16:00:47 DEBUG] [__init__:106] Cleaning up controls
[36m[2026-01-05 16:00:47 DEBUG] [caching:42] Clearing activities cache
[36m[2026-01-05 16:00:49 DEBUG] [activity:262]   => succeeded without any result value
[36m[2026-01-05 16:00:49 DEBUG] [__init__:472] No controls to apply on 'activity'
[36m[2026-01-05 16:00:49 DEBUG] [__init__:472] No controls to apply on 'method'
[32m[2026-01-05 16:00:49 INFO] [run:1072] Let's rollback...
[36m[2026-01-05 16:00:49 DEBUG] [__init__:472] No controls to apply on 'rollback'
[32m[2026-01-05 16:00:49 INFO] [rollback:36] Rollback: recover-packet-duplication
[36m[2026-01-05 16:00:49 DEBUG] [__init__:472] No controls to apply on 'activity'
[32m[2026-01-05 16:00:49 INFO] [activity:232] Action: recover-packet-duplication
[36m[2026-01-05 16:00:49 DEBUG] [python:33] Activity 'recover-packet-duplication' loaded from '/app/src/lib/chaos_ssh_driver.py'
[36m[2026-01-05 16:00:49 DEBUG] [activity:262]   => succeeded without any result value
[36m[2026-01-05 16:00:49 DEBUG] [__init__:472] No controls to apply on 'activity'
[36m[2026-01-05 16:00:49 DEBUG] [__init__:472] No controls to apply on 'rollback'
[32m[2026-01-05 16:00:49 INFO] [run:598] Experiment ended with status: completed
[36m[2026-01-05 16:00:49 DEBUG] [__init__:472] No controls to apply on 'experiment'
[36m[2026-01-05 16:00:49 DEBUG] [__init__:106] Cleaning up controls
[36m[2026-01-05 16:00:49 DEBUG] [caching:42] Clearing activities cache
[36m[2026-01-05 16:00:52 DEBUG] [activity:262]   => succeeded without any result value
[36m[2026-01-05 16:00:52 DEBUG] [__init__:472] No controls to apply on 'activity'
[36m[2026-01-05 16:00:52 DEBUG] [__init__:472] No controls to apply on 'method'
[32m[2026-01-05 16:00:52 INFO] [run:1072] Let's rollback...
[36m[2026-01-05 16:00:52 DEBUG] [__init__:472] No controls to apply on 'rollback'
[32m[2026-01-05 16:00:52 INFO] [rollback:36] Rollback: recover-packet-reordering
[36m[2026-01-05 16:00:52 DEBUG] [__init__:472] No controls to apply on 'activity'
[32m[2026-01-05 16:00:52 INFO] [activity:232] Action: recover-packet-reordering
[36m[2026-01-05 16:00:52 DEBUG] [python:33] Activity 'recover-packet-reordering' loaded from '/app/src/lib/chaos_ssh_driver.py'
[36m[2026-01-05 16:00:52 DEBUG] [activity:262]   => succeeded without any result value
[36m[2026-01-05 16:00:52 DEBUG] [__init__:472] No controls to apply on 'activity'
[36m[2026-01-05 16:00:52 DEBUG] [__init__:472] No controls to apply on 'rollback'
[32m[2026-01-05 16:00:52 INFO] [run:598] Experiment ended with status: completed
[36m[2026-01-05 16:00:52 DEBUG] [__init__:472] No controls to apply on 'experiment'
[36m[2026-01-05 16:00:52 DEBUG] [__init__:106] Cleaning up controls
[36m[2026-01-05 16:00:52 DEBUG] [caching:42] Clearing activities cache
[36m[2026-01-05 16:00:57 DEBUG] [__init__:101] ###############################################################################
[36m[2026-01-05 16:00:57 DEBUG] [__init__:102] Running command 'run'
[36m[2026-01-05 16:00:57 DEBUG] [__init__:106] Using settings file '/root/.chaostoolkit/settings.yaml'
[36m[2026-01-05 16:00:57 DEBUG] [settings:31] The Chaos Toolkit settings file could not be found at '/root/.chaostoolkit/settings.yaml'.
[36m[2026-01-05 16:00:57 DEBUG] [__init__:472] No controls to apply on 'loader'
[36m[2026-01-05 16:00:57 DEBUG] [__init__:472] No controls to apply on 'loader'
[36m[2026-01-05 16:00:57 DEBUG] [caching:24] Building activity cache...
[36m[2026-01-05 16:00:57 DEBUG] [caching:35] Cached 2 activities
[32m[2026-01-05 16:00:57 INFO] [experiment:59] Validating the experiment's syntax
[36m[2026-01-05 16:00:57 DEBUG] [configuration:64] Loading configuration...
[36m[2026-01-05 16:00:57 DEBUG] [secret:79] Loading secrets...
[36m[2026-01-05 16:00:57 DEBUG] [secret:104] Done loading secrets
[32m[2026-01-05 16:00:57 INFO] [experiment:112] Experiment looks valid
[36m[2026-01-05 16:00:57 DEBUG] [caching:42] Clearing activities cache
[36m[2026-01-05 16:00:57 DEBUG] [run:224] Runtime strategies: hypothesis - default / rollbacks - default
[36m[2026-01-05 16:00:57 DEBUG] [caching:24] Building activity cache...
[36m[2026-01-05 16:00:57 DEBUG] [caching:35] Cached 2 activities
[36m[2026-01-05 16:00:57 DEBUG] [configuration:64] Loading configuration...
[36m[2026-01-05 16:00:57 DEBUG] [secret:79] Loading secrets...
[36m[2026-01-05 16:00:57 DEBUG] [secret:104] Done loading secrets
[36m[2026-01-05 16:00:57 DEBUG] [configuration:161] Loading dynamic configuration...
[32m[2026-01-05 16:00:57 INFO] [run:440] Running experiment: Injeção de Duplicação de Pacotes
[36m[2026-01-05 16:00:57 DEBUG] [__init__:67] Initializing controls
[32m[2026-01-05 16:00:57 INFO] [run:471] Steady-state strategy: default
[32m[2026-01-05 16:00:57 INFO] [run:477] Rollbacks strategy: default
[32m[2026-01-05 16:00:57 INFO] [run:485] No steady state hypothesis defined. That's ok, just exploring.
[36m[2026-01-05 16:00:57 DEBUG] [__init__:472] No controls to apply on 'experiment'
[32m[2026-01-05 16:00:57 INFO] [run:778] Playing your experiment's method now...
[36m[2026-01-05 16:00:57 DEBUG] [__init__:472] No controls to apply on 'method'
[36m[2026-01-05 16:00:57 DEBUG] [__init__:472] No controls to apply on 'activity'
[32m[2026-01-05 16:00:57 INFO] [activity:232] Action: inject-packet-duplication
[36m[2026-01-05 16:00:57 DEBUG] [python:33] Activity 'inject-packet-duplication' loaded from '/app/src/lib/chaos_ssh_driver.py'
[36m[2026-01-05 16:00:57 DEBUG] [activity:260]   => succeeded with 'enp7s0'
[36m[2026-01-05 16:00:57 DEBUG] [__init__:472] No controls to apply on 'activity'
[36m[2026-01-05 16:00:57 DEBUG] [__init__:472] No controls to apply on 'activity'
[32m[2026-01-05 16:00:57 INFO] [activity:232] Action: wait-duration
[36m[2026-01-05 16:00:57 DEBUG] [python:33] Activity 'wait-duration' loaded from '/app/src/lib/chaos_ssh_driver.py'
[36m[2026-01-05 16:00:59 DEBUG] [__init__:101] ###############################################################################
[36m[2026-01-05 16:00:59 DEBUG] [__init__:102] Running command 'run'
[36m[2026-01-05 16:00:59 DEBUG] [__init__:106] Using settings file '/root/.chaostoolkit/settings.yaml'
[36m[2026-01-05 16:00:59 DEBUG] [settings:31] The Chaos Toolkit settings file could not be found at '/root/.chaostoolkit/settings.yaml'.
[36m[2026-01-05 16:00:59 DEBUG] [__init__:472] No controls to apply on 'loader'
[36m[2026-01-05 16:00:59 DEBUG] [__init__:472] No controls to apply on 'loader'
[36m[2026-01-05 16:00:59 DEBUG] [caching:24] Building activity cache...
[36m[2026-01-05 16:00:59 DEBUG] [caching:35] Cached 2 activities
[32m[2026-01-05 16:00:59 INFO] [experiment:59] Validating the experiment's syntax
[36m[2026-01-05 16:00:59 DEBUG] [configuration:64] Loading configuration...
[36m[2026-01-05 16:00:59 DEBUG] [secret:79] Loading secrets...
[36m[2026-01-05 16:00:59 DEBUG] [secret:104] Done loading secrets
[32m[2026-01-05 16:00:59 INFO] [experiment:112] Experiment looks valid
[36m[2026-01-05 16:00:59 DEBUG] [caching:42] Clearing activities cache
[36m[2026-01-05 16:00:59 DEBUG] [run:224] Runtime strategies: hypothesis - default / rollbacks - default
[36m[2026-01-05 16:00:59 DEBUG] [caching:24] Building activity cache...
[36m[2026-01-05 16:00:59 DEBUG] [caching:35] Cached 2 activities
[36m[2026-01-05 16:00:59 DEBUG] [configuration:64] Loading configuration...
[36m[2026-01-05 16:00:59 DEBUG] [secret:79] Loading secrets...
[36m[2026-01-05 16:00:59 DEBUG] [secret:104] Done loading secrets
[36m[2026-01-05 16:00:59 DEBUG] [configuration:161] Loading dynamic configuration...
[32m[2026-01-05 16:00:59 INFO] [run:440] Running experiment: Injeção de Reordenação de Pacotes
[36m[2026-01-05 16:00:59 DEBUG] [__init__:67] Initializing controls
[32m[2026-01-05 16:00:59 INFO] [run:471] Steady-state strategy: default
[32m[2026-01-05 16:00:59 INFO] [run:477] Rollbacks strategy: default
[32m[2026-01-05 16:00:59 INFO] [run:485] No steady state hypothesis defined. That's ok, just exploring.
[36m[2026-01-05 16:00:59 DEBUG] [__init__:472] No controls to apply on 'experiment'
[32m[2026-01-05 16:00:59 INFO] [run:778] Playing your experiment's method now...
[36m[2026-01-05 16:00:59 DEBUG] [__init__:472] No controls to apply on 'method'
[36m[2026-01-05 16:00:59 DEBUG] [__init__:472] No controls to apply on 'activity'
[32m[2026-01-05 16:00:59 INFO] [activity:232] Action: inject-packet-reordering
[36m[2026-01-05 16:00:59 DEBUG] [python:33] Activity 'inject-packet-reordering' loaded from '/app/src/lib/chaos_ssh_driver.py'
[36m[2026-01-05 16:00:59 DEBUG] [activity:260]   => succeeded with 'enp7s0'
[36m[2026-01-05 16:00:59 DEBUG] [__init__:472] No controls to apply on 'activity'
[36m[2026-01-05 16:00:59 DEBUG] [__init__:472] No controls to apply on 'activity'
[32m[2026-01-05 16:00:59 INFO] [activity:232] Action: wait-duration
[36m[2026-01-05 16:00:59 DEBUG] [python:33] Activity 'wait-duration' loaded from '/app/src/lib/chaos_ssh_driver.py'
[36m[2026-01-05 16:01:27 DEBUG] [activity:262]   => succeeded without any result value
[36m[2026-01-05 16:01:27 DEBUG] [__init__:472] No controls to apply on 'activity'
[36m[2026-01-05 16:01:27 DEBUG] [__init__:472] No controls to apply on 'method'
[32m[2026-01-05 16:01:27 INFO] [run:1072] Let's rollback...
[36m[2026-01-05 16:01:27 DEBUG] [__init__:472] No controls to apply on 'rollback'
[32m[2026-01-05 16:01:27 INFO] [rollback:36] Rollback: recover-packet-duplication
[36m[2026-01-05 16:01:27 DEBUG] [__init__:472] No controls to apply on 'activity'
[32m[2026-01-05 16:01:27 INFO] [activity:232] Action: recover-packet-duplication
[36m[2026-01-05 16:01:27 DEBUG] [python:33] Activity 'recover-packet-duplication' loaded from '/app/src/lib/chaos_ssh_driver.py'
[36m[2026-01-05 16:01:28 DEBUG] [activity:262]   => succeeded without any result value
[36m[2026-01-05 16:01:28 DEBUG] [__init__:472] No controls to apply on 'activity'
[36m[2026-01-05 16:01:28 DEBUG] [__init__:472] No controls to apply on 'rollback'
[32m[2026-01-05 16:01:28 INFO] [run:598] Experiment ended with status: completed
[36m[2026-01-05 16:01:28 DEBUG] [__init__:472] No controls to apply on 'experiment'
[36m[2026-01-05 16:01:28 DEBUG] [__init__:106] Cleaning up controls
[36m[2026-01-05 16:01:28 DEBUG] [caching:42] Clearing activities cache
[36m[2026-01-05 16:01:29 DEBUG] [activity:262]   => succeeded without any result value
[36m[2026-01-05 16:01:29 DEBUG] [__init__:472] No controls to apply on 'activity'
[36m[2026-01-05 16:01:29 DEBUG] [__init__:472] No controls to apply on 'method'
[32m[2026-01-05 16:01:29 INFO] [run:1072] Let's rollback...
[36m[2026-01-05 16:01:29 DEBUG] [__init__:472] No controls to apply on 'rollback'
[32m[2026-01-05 16:01:29 INFO] [rollback:36] Rollback: recover-packet-reordering
[36m[2026-01-05 16:01:29 DEBUG] [__init__:472] No controls to apply on 'activity'
[32m[2026-01-05 16:01:29 INFO] [activity:232] Action: recover-packet-reordering
[36m[2026-01-05 16:01:29 DEBUG] [python:33] Activity 'recover-packet-reordering' loaded from '/app/src/lib/chaos_ssh_driver.py'
[36m[2026-01-05 16:01:30 DEBUG] [activity:262]   => succeeded without any result value
[36m[2026-01-05 16:01:30 DEBUG] [__init__:472] No controls to apply on 'activity'
[36m[2026-01-05 16:01:30 DEBUG] [__init__:472] No controls to apply on 'rollback'
[32m[2026-01-05 16:01:30 INFO] [run:598] Experiment ended with status: completed
[36m[2026-01-05 16:01:30 DEBUG] [__init__:472] No controls to apply on 'experiment'
[36m[2026-01-05 16:01:30 DEBUG] [__init__:106] Cleaning up controls
[36m[2026-01-05 16:01:30 DEBUG] [caching:42] Clearing activities cache
[36m[2026-01-05 16:03:06 DEBUG] [__init__:101] ###############################################################################
[36m[2026-01-05 16:03:06 DEBUG] [__init__:102] Running command 'run'
[36m[2026-01-05 16:03:06 DEBUG] [__init__:106] Using settings file '/root/.chaostoolkit/settings.yaml'
[36m[2026-01-05 16:03:06 DEBUG] [settings:31] The Chaos Toolkit settings file could not be found at '/root/.chaostoolkit/settings.yaml'.
[36m[2026-01-05 16:03:06 DEBUG] [__init__:472] No controls to apply on 'loader'
[36m[2026-01-05 16:03:06 DEBUG] [__init__:472] No controls to apply on 'loader'
[36m[2026-01-05 16:03:06 DEBUG] [caching:24] Building activity cache...
[36m[2026-01-05 16:03:06 DEBUG] [caching:35] Cached 2 activities
[32m[2026-01-05 16:03:06 INFO] [experiment:59] Validating the experiment's syntax
[36m[2026-01-05 16:03:06 DEBUG] [configuration:64] Loading configuration...
[36m[2026-01-05 16:03:06 DEBUG] [secret:79] Loading secrets...
[36m[2026-01-05 16:03:06 DEBUG] [secret:104] Done loading secrets
[32m[2026-01-05 16:03:06 INFO] [experiment:112] Experiment looks valid
[36m[2026-01-05 16:03:06 DEBUG] [caching:42] Clearing activities cache
[36m[2026-01-05 16:03:06 DEBUG] [run:224] Runtime strategies: hypothesis - default / rollbacks - default
[36m[2026-01-05 16:03:06 DEBUG] [caching:24] Building activity cache...
[36m[2026-01-05 16:03:06 DEBUG] [caching:35] Cached 2 activities
[36m[2026-01-05 16:03:06 DEBUG] [configuration:64] Loading configuration...
[36m[2026-01-05 16:03:06 DEBUG] [secret:79] Loading secrets...
[36m[2026-01-05 16:03:06 DEBUG] [secret:104] Done loading secrets
[36m[2026-01-05 16:03:06 DEBUG] [configuration:161] Loading dynamic configuration...
[32m[2026-01-05 16:03:06 INFO] [run:440] Running experiment: Injeção de Duplicação de Pacotes
[36m[2026-01-05 16:03:06 DEBUG] [__init__:67] Initializing controls
[32m[2026-01-05 16:03:06 INFO] [run:471] Steady-state strategy: default
[32m[2026-01-05 16:03:06 INFO] [run:477] Rollbacks strategy: default
[32m[2026-01-05 16:03:06 INFO] [run:485] No steady state hypothesis defined. That's ok, just exploring.
[36m[2026-01-05 16:03:06 DEBUG] [__init__:472] No controls to apply on 'experiment'
[32m[2026-01-05 16:03:06 INFO] [run:778] Playing your experiment's method now...
[36m[2026-01-05 16:03:06 DEBUG] [__init__:472] No controls to apply on 'method'
[36m[2026-01-05 16:03:06 DEBUG] [__init__:472] No controls to apply on 'activity'
[32m[2026-01-05 16:03:06 INFO] [activity:232] Action: inject-packet-duplication
[36m[2026-01-05 16:03:06 DEBUG] [python:33] Activity 'inject-packet-duplication' loaded from '/app/src/lib/chaos_ssh_driver.py'
[36m[2026-01-05 16:03:06 DEBUG] [activity:260]   => succeeded with 'enp7s0'
[36m[2026-01-05 16:03:06 DEBUG] [__init__:472] No controls to apply on 'activity'
[36m[2026-01-05 16:03:06 DEBUG] [__init__:472] No controls to apply on 'activity'
[32m[2026-01-05 16:03:06 INFO] [activity:232] Action: wait-duration
[36m[2026-01-05 16:03:06 DEBUG] [python:33] Activity 'wait-duration' loaded from '/app/src/lib/chaos_ssh_driver.py'
[36m[2026-01-05 16:03:36 DEBUG] [activity:262]   => succeeded without any result value
[36m[2026-01-05 16:03:36 DEBUG] [__init__:472] No controls to apply on 'activity'
[36m[2026-01-05 16:03:36 DEBUG] [__init__:472] No controls to apply on 'method'
[32m[2026-01-05 16:03:36 INFO] [run:1072] Let's rollback...
[36m[2026-01-05 16:03:36 DEBUG] [__init__:472] No controls to apply on 'rollback'
[32m[2026-01-05 16:03:36 INFO] [rollback:36] Rollback: recover-packet-duplication
[36m[2026-01-05 16:03:36 DEBUG] [__init__:472] No controls to apply on 'activity'
[32m[2026-01-05 16:03:36 INFO] [activity:232] Action: recover-packet-duplication
[36m[2026-01-05 16:03:36 DEBUG] [python:33] Activity 'recover-packet-duplication' loaded from '/app/src/lib/chaos_ssh_driver.py'
[36m[2026-01-05 16:03:36 DEBUG] [activity:262]   => succeeded without any result value
[36m[2026-01-05 16:03:36 DEBUG] [__init__:472] No controls to apply on 'activity'
[36m[2026-01-05 16:03:36 DEBUG] [__init__:472] No controls to apply on 'rollback'
[32m[2026-01-05 16:03:36 INFO] [run:598] Experiment ended with status: completed
[36m[2026-01-05 16:03:36 DEBUG] [__init__:472] No controls to apply on 'experiment'
[36m[2026-01-05 16:03:36 DEBUG] [__init__:106] Cleaning up controls
[36m[2026-01-05 16:03:36 DEBUG] [caching:42] Clearing activities cache
[36m[2026-01-05 16:05:30 DEBUG] [__init__:101] ###############################################################################
[36m[2026-01-05 16:05:30 DEBUG] [__init__:102] Running command 'run'
[36m[2026-01-05 16:05:30 DEBUG] [__init__:106] Using settings file '/root/.chaostoolkit/settings.yaml'
[36m[2026-01-05 16:05:30 DEBUG] [settings:31] The Chaos Toolkit settings file could not be found at '/root/.chaostoolkit/settings.yaml'.
[36m[2026-01-05 16:05:30 DEBUG] [__init__:472] No controls to apply on 'loader'
[36m[2026-01-05 16:05:30 DEBUG] [__init__:472] No controls to apply on 'loader'
[36m[2026-01-05 16:05:30 DEBUG] [caching:24] Building activity cache...
[36m[2026-01-05 16:05:30 DEBUG] [caching:35] Cached 2 activities
[32m[2026-01-05 16:05:30 INFO] [experiment:59] Validating the experiment's syntax
[36m[2026-01-05 16:05:30 DEBUG] [configuration:64] Loading configuration...
[36m[2026-01-05 16:05:30 DEBUG] [secret:79] Loading secrets...
[36m[2026-01-05 16:05:30 DEBUG] [secret:104] Done loading secrets
[32m[2026-01-05 16:05:30 INFO] [experiment:112] Experiment looks valid
[36m[2026-01-05 16:05:30 DEBUG] [caching:42] Clearing activities cache
[36m[2026-01-05 16:05:30 DEBUG] [run:224] Runtime strategies: hypothesis - default / rollbacks - default
[36m[2026-01-05 16:05:30 DEBUG] [caching:24] Building activity cache...
[36m[2026-01-05 16:05:30 DEBUG] [caching:35] Cached 2 activities
[36m[2026-01-05 16:05:30 DEBUG] [configuration:64] Loading configuration...
[36m[2026-01-05 16:05:30 DEBUG] [secret:79] Loading secrets...
[36m[2026-01-05 16:05:30 DEBUG] [secret:104] Done loading secrets
[36m[2026-01-05 16:05:30 DEBUG] [configuration:161] Loading dynamic configuration...
[32m[2026-01-05 16:05:30 INFO] [run:440] Running experiment: Injeção de Duplicação de Pacotes
[36m[2026-01-05 16:05:30 DEBUG] [__init__:67] Initializing controls
[32m[2026-01-05 16:05:30 INFO] [run:471] Steady-state strategy: default
[32m[2026-01-05 16:05:30 INFO] [run:477] Rollbacks strategy: default
[32m[2026-01-05 16:05:30 INFO] [run:485] No steady state hypothesis defined. That's ok, just exploring.
[36m[2026-01-05 16:05:30 DEBUG] [__init__:472] No controls to apply on 'experiment'
[32m[2026-01-05 16:05:30 INFO] [run:778] Playing your experiment's method now...
[36m[2026-01-05 16:05:30 DEBUG] [__init__:472] No controls to apply on 'method'
[36m[2026-01-05 16:05:30 DEBUG] [__init__:472] No controls to apply on 'activity'
[32m[2026-01-05 16:05:30 INFO] [activity:232] Action: inject-packet-duplication
[36m[2026-01-05 16:05:30 DEBUG] [python:33] Activity 'inject-packet-duplication' loaded from '/app/src/lib/chaos_ssh_driver.py'
[36m[2026-01-05 16:05:31 DEBUG] [activity:260]   => succeeded with 'enp7s0'
[36m[2026-01-05 16:05:31 DEBUG] [__init__:472] No controls to apply on 'activity'
[36m[2026-01-05 16:05:31 DEBUG] [__init__:472] No controls to apply on 'activity'
[32m[2026-01-05 16:05:31 INFO] [activity:232] Action: wait-duration
[36m[2026-01-05 16:05:31 DEBUG] [python:33] Activity 'wait-duration' loaded from '/app/src/lib/chaos_ssh_driver.py'
[36m[2026-01-05 16:05:32 DEBUG] [__init__:101] ###############################################################################
[36m[2026-01-05 16:05:32 DEBUG] [__init__:102] Running command 'run'
[36m[2026-01-05 16:05:32 DEBUG] [__init__:106] Using settings file '/root/.chaostoolkit/settings.yaml'
[36m[2026-01-05 16:05:32 DEBUG] [settings:31] The Chaos Toolkit settings file could not be found at '/root/.chaostoolkit/settings.yaml'.
[36m[2026-01-05 16:05:32 DEBUG] [__init__:472] No controls to apply on 'loader'
[36m[2026-01-05 16:05:32 DEBUG] [__init__:472] No controls to apply on 'loader'
[36m[2026-01-05 16:05:32 DEBUG] [caching:24] Building activity cache...
[36m[2026-01-05 16:05:32 DEBUG] [caching:35] Cached 2 activities
[32m[2026-01-05 16:05:32 INFO] [experiment:59] Validating the experiment's syntax
[36m[2026-01-05 16:05:32 DEBUG] [configuration:64] Loading configuration...
[36m[2026-01-05 16:05:32 DEBUG] [secret:79] Loading secrets...
[36m[2026-01-05 16:05:32 DEBUG] [secret:104] Done loading secrets
[32m[2026-01-05 16:05:32 INFO] [experiment:112] Experiment looks valid
[36m[2026-01-05 16:05:32 DEBUG] [caching:42] Clearing activities cache
[36m[2026-01-05 16:05:32 DEBUG] [run:224] Runtime strategies: hypothesis - default / rollbacks - default
[36m[2026-01-05 16:05:32 DEBUG] [caching:24] Building activity cache...
[36m[2026-01-05 16:05:32 DEBUG] [caching:35] Cached 2 activities
[36m[2026-01-05 16:05:32 DEBUG] [configuration:64] Loading configuration...
[36m[2026-01-05 16:05:32 DEBUG] [secret:79] Loading secrets...
[36m[2026-01-05 16:05:32 DEBUG] [secret:104] Done loading secrets
[36m[2026-01-05 16:05:32 DEBUG] [configuration:161] Loading dynamic configuration...
[32m[2026-01-05 16:05:32 INFO] [run:440] Running experiment: Injeção de Reordenação de Pacotes
[36m[2026-01-05 16:05:32 DEBUG] [__init__:67] Initializing controls
[32m[2026-01-05 16:05:32 INFO] [run:471] Steady-state strategy: default
[32m[2026-01-05 16:05:32 INFO] [run:477] Rollbacks strategy: default
[32m[2026-01-05 16:05:32 INFO] [run:485] No steady state hypothesis defined. That's ok, just exploring.
[36m[2026-01-05 16:05:32 DEBUG] [__init__:472] No controls to apply on 'experiment'
[32m[2026-01-05 16:05:32 INFO] [run:778] Playing your experiment's method now...
[36m[2026-01-05 16:05:32 DEBUG] [__init__:472] No controls to apply on 'method'
[36m[2026-01-05 16:05:32 DEBUG] [__init__:472] No controls to apply on 'activity'
[32m[2026-01-05 16:05:32 INFO] [activity:232] Action: inject-packet-reordering
[36m[2026-01-05 16:05:32 DEBUG] [python:33] Activity 'inject-packet-reordering' loaded from '/app/src/lib/chaos_ssh_driver.py'
[36m[2026-01-05 16:05:33 DEBUG] [activity:260]   => succeeded with 'enp7s0'
[36m[2026-01-05 16:05:33 DEBUG] [__init__:472] No controls to apply on 'activity'
[36m[2026-01-05 16:05:33 DEBUG] [__init__:472] No controls to apply on 'activity'
[32m[2026-01-05 16:05:33 INFO] [activity:232] Action: wait-duration
[36m[2026-01-05 16:05:33 DEBUG] [python:33] Activity 'wait-duration' loaded from '/app/src/lib/chaos_ssh_driver.py'
[36m[2026-01-05 16:06:01 DEBUG] [activity:262]   => succeeded without any result value
[36m[2026-01-05 16:06:01 DEBUG] [__init__:472] No controls to apply on 'activity'
[36m[2026-01-05 16:06:01 DEBUG] [__init__:472] No controls to apply on 'method'
[32m[2026-01-05 16:06:01 INFO] [run:1072] Let's rollback...
[36m[2026-01-05 16:06:01 DEBUG] [__init__:472] No controls to apply on 'rollback'
[32m[2026-01-05 16:06:01 INFO] [rollback:36] Rollback: recover-packet-duplication
[36m[2026-01-05 16:06:01 DEBUG] [__init__:472] No controls to apply on 'activity'
[32m[2026-01-05 16:06:01 INFO] [activity:232] Action: recover-packet-duplication
[36m[2026-01-05 16:06:01 DEBUG] [python:33] Activity 'recover-packet-duplication' loaded from '/app/src/lib/chaos_ssh_driver.py'
[36m[2026-01-05 16:06:01 DEBUG] [activity:262]   => succeeded without any result value
[36m[2026-01-05 16:06:01 DEBUG] [__init__:472] No controls to apply on 'activity'
[36m[2026-01-05 16:06:01 DEBUG] [__init__:472] No controls to apply on 'rollback'
[32m[2026-01-05 16:06:01 INFO] [run:598] Experiment ended with status: completed
[36m[2026-01-05 16:06:01 DEBUG] [__init__:472] No controls to apply on 'experiment'
[36m[2026-01-05 16:06:01 DEBUG] [__init__:106] Cleaning up controls
[36m[2026-01-05 16:06:01 DEBUG] [caching:42] Clearing activities cache
[36m[2026-01-05 16:06:03 DEBUG] [activity:262]   => succeeded without any result value
[36m[2026-01-05 16:06:03 DEBUG] [__init__:472] No controls to apply on 'activity'
[36m[2026-01-05 16:06:03 DEBUG] [__init__:472] No controls to apply on 'method'
[32m[2026-01-05 16:06:03 INFO] [run:1072] Let's rollback...
[36m[2026-01-05 16:06:03 DEBUG] [__init__:472] No controls to apply on 'rollback'
[32m[2026-01-05 16:06:03 INFO] [rollback:36] Rollback: recover-packet-reordering
[36m[2026-01-05 16:06:03 DEBUG] [__init__:472] No controls to apply on 'activity'
[32m[2026-01-05 16:06:03 INFO] [activity:232] Action: recover-packet-reordering
[36m[2026-01-05 16:06:03 DEBUG] [python:33] Activity 'recover-packet-reordering' loaded from '/app/src/lib/chaos_ssh_driver.py'
[36m[2026-01-05 16:06:03 DEBUG] [activity:262]   => succeeded without any result value
[36m[2026-01-05 16:06:03 DEBUG] [__init__:472] No controls to apply on 'activity'
[36m[2026-01-05 16:06:03 DEBUG] [__init__:472] No controls to apply on 'rollback'
[32m[2026-01-05 16:06:03 INFO] [run:598] Experiment ended with status: completed
[36m[2026-01-05 16:06:03 DEBUG] [__init__:472] No controls to apply on 'experiment'
[36m[2026-01-05 16:06:03 DEBUG] [__init__:106] Cleaning up controls
[36m[2026-01-05 16:06:03 DEBUG] [caching:42] Clearing activities cache
[36m[2026-01-05 16:06:25 DEBUG] [__init__:101] ###############################################################################
[36m[2026-01-05 16:06:25 DEBUG] [__init__:102] Running command 'run'
[36m[2026-01-05 16:06:25 DEBUG] [__init__:106] Using settings file '/root/.chaostoolkit/settings.yaml'
[36m[2026-01-05 16:06:25 DEBUG] [settings:31] The Chaos Toolkit settings file could not be found at '/root/.chaostoolkit/settings.yaml'.
[36m[2026-01-05 16:06:25 DEBUG] [__init__:472] No controls to apply on 'loader'
[36m[2026-01-05 16:06:25 DEBUG] [__init__:472] No controls to apply on 'loader'
[36m[2026-01-05 16:06:25 DEBUG] [caching:24] Building activity cache...
[36m[2026-01-05 16:06:25 DEBUG] [caching:35] Cached 2 activities
[32m[2026-01-05 16:06:25 INFO] [experiment:59] Validating the experiment's syntax
[36m[2026-01-05 16:06:25 DEBUG] [configuration:64] Loading configuration...
[36m[2026-01-05 16:06:25 DEBUG] [secret:79] Loading secrets...
[36m[2026-01-05 16:06:25 DEBUG] [secret:104] Done loading secrets
[32m[2026-01-05 16:06:25 INFO] [experiment:112] Experiment looks valid
[36m[2026-01-05 16:06:25 DEBUG] [caching:42] Clearing activities cache
[36m[2026-01-05 16:06:25 DEBUG] [run:224] Runtime strategies: hypothesis - default / rollbacks - default
[36m[2026-01-05 16:06:25 DEBUG] [caching:24] Building activity cache...
[36m[2026-01-05 16:06:25 DEBUG] [caching:35] Cached 2 activities
[36m[2026-01-05 16:06:25 DEBUG] [configuration:64] Loading configuration...
[36m[2026-01-05 16:06:25 DEBUG] [secret:79] Loading secrets...
[36m[2026-01-05 16:06:25 DEBUG] [secret:104] Done loading secrets
[36m[2026-01-05 16:06:25 DEBUG] [configuration:161] Loading dynamic configuration...
[32m[2026-01-05 16:06:25 INFO] [run:440] Running experiment: Injeção de Duplicação de Pacotes
[36m[2026-01-05 16:06:25 DEBUG] [__init__:67] Initializing controls
[32m[2026-01-05 16:06:25 INFO] [run:471] Steady-state strategy: default
[32m[2026-01-05 16:06:25 INFO] [run:477] Rollbacks strategy: default
[32m[2026-01-05 16:06:25 INFO] [run:485] No steady state hypothesis defined. That's ok, just exploring.
[36m[2026-01-05 16:06:25 DEBUG] [__init__:472] No controls to apply on 'experiment'
[32m[2026-01-05 16:06:25 INFO] [run:778] Playing your experiment's method now...
[36m[2026-01-05 16:06:25 DEBUG] [__init__:472] No controls to apply on 'method'
[36m[2026-01-05 16:06:25 DEBUG] [__init__:472] No controls to apply on 'activity'
[32m[2026-01-05 16:06:25 INFO] [activity:232] Action: inject-packet-duplication
[36m[2026-01-05 16:06:25 DEBUG] [python:33] Activity 'inject-packet-duplication' loaded from '/app/src/lib/chaos_ssh_driver.py'
[36m[2026-01-05 16:06:26 DEBUG] [activity:260]   => succeeded with 'enp7s0'
[36m[2026-01-05 16:06:26 DEBUG] [__init__:472] No controls to apply on 'activity'
[36m[2026-01-05 16:06:26 DEBUG] [__init__:472] No controls to apply on 'activity'
[32m[2026-01-05 16:06:26 INFO] [activity:232] Action: wait-duration
[36m[2026-01-05 16:06:26 DEBUG] [python:33] Activity 'wait-duration' loaded from '/app/src/lib/chaos_ssh_driver.py'
[36m[2026-01-05 16:06:56 DEBUG] [activity:262]   => succeeded without any result value
[36m[2026-01-05 16:06:56 DEBUG] [__init__:472] No controls to apply on 'activity'
[36m[2026-01-05 16:06:56 DEBUG] [__init__:472] No controls to apply on 'method'
[32m[2026-01-05 16:06:56 INFO] [run:1072] Let's rollback...
[36m[2026-01-05 16:06:56 DEBUG] [__init__:472] No controls to apply on 'rollback'
[32m[2026-01-05 16:06:56 INFO] [rollback:36] Rollback: recover-packet-duplication
[36m[2026-01-05 16:06:56 DEBUG] [__init__:472] No controls to apply on 'activity'
[32m[2026-01-05 16:06:56 INFO] [activity:232] Action: recover-packet-duplication
[36m[2026-01-05 16:06:56 DEBUG] [python:33] Activity 'recover-packet-duplication' loaded from '/app/src/lib/chaos_ssh_driver.py'
[36m[2026-01-05 16:06:56 DEBUG] [activity:262]   => succeeded without any result value
[36m[2026-01-05 16:06:56 DEBUG] [__init__:472] No controls to apply on 'activity'
[36m[2026-01-05 16:06:56 DEBUG] [__init__:472] No controls to apply on 'rollback'
[32m[2026-01-05 16:06:56 INFO] [run:598] Experiment ended with status: completed
[36m[2026-01-05 16:06:56 DEBUG] [__init__:472] No controls to apply on 'experiment'
[36m[2026-01-05 16:06:56 DEBUG] [__init__:106] Cleaning up controls
[36m[2026-01-05 16:06:56 DEBUG] [caching:42] Clearing activities cache
[36m[2026-01-05 16:08:11 DEBUG] [__init__:101] ###############################################################################
[36m[2026-01-05 16:08:11 DEBUG] [__init__:102] Running command 'run'
[36m[2026-01-05 16:08:11 DEBUG] [__init__:106] Using settings file '/root/.chaostoolkit/settings.yaml'
[36m[2026-01-05 16:08:11 DEBUG] [settings:31] The Chaos Toolkit settings file could not be found at '/root/.chaostoolkit/settings.yaml'.
[36m[2026-01-05 16:08:11 DEBUG] [__init__:472] No controls to apply on 'loader'
[36m[2026-01-05 16:08:11 DEBUG] [__init__:472] No controls to apply on 'loader'
[36m[2026-01-05 16:08:11 DEBUG] [caching:24] Building activity cache...
[36m[2026-01-05 16:08:11 DEBUG] [caching:35] Cached 2 activities
[32m[2026-01-05 16:08:11 INFO] [experiment:59] Validating the experiment's syntax
[36m[2026-01-05 16:08:11 DEBUG] [configuration:64] Loading configuration...
[36m[2026-01-05 16:08:11 DEBUG] [secret:79] Loading secrets...
[36m[2026-01-05 16:08:11 DEBUG] [secret:104] Done loading secrets
[32m[2026-01-05 16:08:11 INFO] [experiment:112] Experiment looks valid
[36m[2026-01-05 16:08:11 DEBUG] [caching:42] Clearing activities cache
[36m[2026-01-05 16:08:11 DEBUG] [run:224] Runtime strategies: hypothesis - default / rollbacks - default
[36m[2026-01-05 16:08:11 DEBUG] [caching:24] Building activity cache...
[36m[2026-01-05 16:08:11 DEBUG] [caching:35] Cached 2 activities
[36m[2026-01-05 16:08:11 DEBUG] [configuration:64] Loading configuration...
[36m[2026-01-05 16:08:11 DEBUG] [secret:79] Loading secrets...
[36m[2026-01-05 16:08:11 DEBUG] [secret:104] Done loading secrets
[36m[2026-01-05 16:08:11 DEBUG] [configuration:161] Loading dynamic configuration...
[32m[2026-01-05 16:08:11 INFO] [run:440] Running experiment: Injeção de Reordenação de Pacotes
[36m[2026-01-05 16:08:11 DEBUG] [__init__:67] Initializing controls
[32m[2026-01-05 16:08:11 INFO] [run:471] Steady-state strategy: default
[32m[2026-01-05 16:08:11 INFO] [run:477] Rollbacks strategy: default
[32m[2026-01-05 16:08:11 INFO] [run:485] No steady state hypothesis defined. That's ok, just exploring.
[36m[2026-01-05 16:08:11 DEBUG] [__init__:472] No controls to apply on 'experiment'
[32m[2026-01-05 16:08:11 INFO] [run:778] Playing your experiment's method now...
[36m[2026-01-05 16:08:11 DEBUG] [__init__:472] No controls to apply on 'method'
[36m[2026-01-05 16:08:11 DEBUG] [__init__:472] No controls to apply on 'activity'
[32m[2026-01-05 16:08:11 INFO] [activity:232] Action: inject-packet-reordering
[36m[2026-01-05 16:08:11 DEBUG] [python:33] Activity 'inject-packet-reordering' loaded from '/app/src/lib/chaos_ssh_driver.py'
[36m[2026-01-05 16:08:11 DEBUG] [activity:260]   => succeeded with 'enp7s0'
[36m[2026-01-05 16:08:11 DEBUG] [__init__:472] No controls to apply on 'activity'
[36m[2026-01-05 16:08:11 DEBUG] [__init__:472] No controls to apply on 'activity'
[32m[2026-01-05 16:08:11 INFO] [activity:232] Action: wait-duration
[36m[2026-01-05 16:08:11 DEBUG] [python:33] Activity 'wait-duration' loaded from '/app/src/lib/chaos_ssh_driver.py'
[36m[2026-01-05 16:08:41 DEBUG] [activity:262]   => succeeded without any result value
[36m[2026-01-05 16:08:41 DEBUG] [__init__:472] No controls to apply on 'activity'
[36m[2026-01-05 16:08:41 DEBUG] [__init__:472] No controls to apply on 'method'
[32m[2026-01-05 16:08:41 INFO] [run:1072] Let's rollback...
[36m[2026-01-05 16:08:41 DEBUG] [__init__:472] No controls to apply on 'rollback'
[32m[2026-01-05 16:08:41 INFO] [rollback:36] Rollback: recover-packet-reordering
[36m[2026-01-05 16:08:41 DEBUG] [__init__:472] No controls to apply on 'activity'
[32m[2026-01-05 16:08:41 INFO] [activity:232] Action: recover-packet-reordering
[36m[2026-01-05 16:08:41 DEBUG] [python:33] Activity 'recover-packet-reordering' loaded from '/app/src/lib/chaos_ssh_driver.py'
[36m[2026-01-05 16:08:41 DEBUG] [activity:262]   => succeeded without any result value
[36m[2026-01-05 16:08:41 DEBUG] [__init__:472] No controls to apply on 'activity'
[36m[2026-01-05 16:08:41 DEBUG] [__init__:472] No controls to apply on 'rollback'
[32m[2026-01-05 16:08:41 INFO] [run:598] Experiment ended with status: completed
[36m[2026-01-05 16:08:41 DEBUG] [__init__:472] No controls to apply on 'experiment'
[36m[2026-01-05 16:08:41 DEBUG] [__init__:106] Cleaning up controls
[36m[2026-01-05 16:08:41 DEBUG] [caching:42] Clearing activities cache
[36m[2026-01-05 16:09:03 DEBUG] [__init__:101] ###############################################################################
[36m[2026-01-05 16:09:03 DEBUG] [__init__:102] Running command 'run'
[36m[2026-01-05 16:09:03 DEBUG] [__init__:106] Using settings file '/root/.chaostoolkit/settings.yaml'
[36m[2026-01-05 16:09:03 DEBUG] [settings:31] The Chaos Toolkit settings file could not be found at '/root/.chaostoolkit/settings.yaml'.
[36m[2026-01-05 16:09:03 DEBUG] [__init__:472] No controls to apply on 'loader'
[36m[2026-01-05 16:09:03 DEBUG] [__init__:472] No controls to apply on 'loader'
[36m[2026-01-05 16:09:03 DEBUG] [caching:24] Building activity cache...
[36m[2026-01-05 16:09:03 DEBUG] [caching:35] Cached 3 activities
[32m[2026-01-05 16:09:03 INFO] [experiment:59] Validating the experiment's syntax
[36m[2026-01-05 16:09:03 DEBUG] [configuration:64] Loading configuration...
[36m[2026-01-05 16:09:03 DEBUG] [secret:79] Loading secrets...
[36m[2026-01-05 16:09:03 DEBUG] [secret:104] Done loading secrets
[32m[2026-01-05 16:09:03 INFO] [experiment:112] Experiment looks valid
[36m[2026-01-05 16:09:03 DEBUG] [caching:42] Clearing activities cache
[36m[2026-01-05 16:09:03 DEBUG] [run:224] Runtime strategies: hypothesis - default / rollbacks - default
[36m[2026-01-05 16:09:03 DEBUG] [caching:24] Building activity cache...
[36m[2026-01-05 16:09:03 DEBUG] [caching:35] Cached 3 activities
[36m[2026-01-05 16:09:03 DEBUG] [configuration:64] Loading configuration...
[36m[2026-01-05 16:09:03 DEBUG] [secret:79] Loading secrets...
[36m[2026-01-05 16:09:03 DEBUG] [secret:104] Done loading secrets
[36m[2026-01-05 16:09:03 DEBUG] [configuration:161] Loading dynamic configuration...
[32m[2026-01-05 16:09:03 INFO] [run:440] Running experiment: Injeção de Perda de Pacotes
[36m[2026-01-05 16:09:03 DEBUG] [__init__:67] Initializing controls
[32m[2026-01-05 16:09:03 INFO] [run:471] Steady-state strategy: default
[32m[2026-01-05 16:09:03 INFO] [run:477] Rollbacks strategy: default
[36m[2026-01-05 16:09:03 DEBUG] [__init__:472] No controls to apply on 'experiment'
[36m[2026-01-05 16:09:03 DEBUG] [run:654] Running steady-state hypothesis before the method
[32m[2026-01-05 16:09:03 INFO] [hypothesis:205] Steady state hypothesis: O serviço deve continuar respondendo apesar da perda de pacotes
[36m[2026-01-05 16:09:03 DEBUG] [__init__:472] No controls to apply on 'hypothesis'
[36m[2026-01-05 16:09:03 DEBUG] [__init__:472] No controls to apply on 'activity'
[32m[2026-01-05 16:09:03 INFO] [activity:232] Probe: service-is-responding
[36m[2026-01-05 16:09:03 DEBUG] [activity:260]   => succeeded with '{'status': 200, 'headers': {'Content-Type': 'application/json', 'Vary': 'Accept-Encoding', 'X-Consul-Default-Acl-Policy': 'allow', 'Date': 'Mon, 05 Jan 2026 16:09:03 GMT', 'Content-Length': '19'}, 'body': '192.168.1.68:8300'}'
[36m[2026-01-05 16:09:03 DEBUG] [__init__:472] No controls to apply on 'activity'
[36m[2026-01-05 16:09:03 DEBUG] [hypothesis:247] allowed tolerance is 200
[32m[2026-01-05 16:09:03 INFO] [hypothesis:260] Steady state hypothesis is met!
[36m[2026-01-05 16:09:03 DEBUG] [__init__:472] No controls to apply on 'hypothesis'
[32m[2026-01-05 16:09:03 INFO] [run:778] Playing your experiment's method now...
[36m[2026-01-05 16:09:03 DEBUG] [__init__:472] No controls to apply on 'method'
[36m[2026-01-05 16:09:03 DEBUG] [__init__:472] No controls to apply on 'activity'
[32m[2026-01-05 16:09:03 INFO] [activity:232] Action: inject-packet-loss
[36m[2026-01-05 16:09:03 DEBUG] [python:33] Activity 'inject-packet-loss' loaded from '/app/src/lib/chaos_ssh_driver.py'
[36m[2026-01-05 16:09:03 DEBUG] [activity:260]   => succeeded with 'enp7s0'
[36m[2026-01-05 16:09:03 DEBUG] [__init__:472] No controls to apply on 'activity'
[36m[2026-01-05 16:09:03 DEBUG] [__init__:472] No controls to apply on 'activity'
[32m[2026-01-05 16:09:03 INFO] [activity:232] Action: wait-duration
[36m[2026-01-05 16:09:03 DEBUG] [python:33] Activity 'wait-duration' loaded from '/app/src/lib/chaos_ssh_driver.py'
[36m[2026-01-05 16:09:33 DEBUG] [activity:262]   => succeeded without any result value
[36m[2026-01-05 16:09:33 DEBUG] [__init__:472] No controls to apply on 'activity'
[36m[2026-01-05 16:09:33 DEBUG] [__init__:472] No controls to apply on 'method'
[36m[2026-01-05 16:09:33 DEBUG] [run:696] Running steady-state hypothesis after the method
[32m[2026-01-05 16:09:33 INFO] [hypothesis:205] Steady state hypothesis: O serviço deve continuar respondendo apesar da perda de pacotes
[36m[2026-01-05 16:09:33 DEBUG] [__init__:472] No controls to apply on 'hypothesis'
[36m[2026-01-05 16:09:33 DEBUG] [__init__:472] No controls to apply on 'activity'
[32m[2026-01-05 16:09:33 INFO] [activity:232] Probe: service-is-responding
[36m[2026-01-05 16:09:33 DEBUG] [activity:260]   => succeeded with '{'status': 200, 'headers': {'Content-Type': 'application/json', 'Vary': 'Accept-Encoding', 'X-Consul-Default-Acl-Policy': 'allow', 'Date': 'Mon, 05 Jan 2026 16:09:33 GMT', 'Content-Length': '19'}, 'body': '192.168.1.68:8300'}'
[36m[2026-01-05 16:09:33 DEBUG] [__init__:472] No controls to apply on 'activity'
[36m[2026-01-05 16:09:33 DEBUG] [hypothesis:247] allowed tolerance is 200
[32m[2026-01-05 16:09:33 INFO] [hypothesis:260] Steady state hypothesis is met!
[36m[2026-01-05 16:09:33 DEBUG] [__init__:472] No controls to apply on 'hypothesis'
[32m[2026-01-05 16:09:33 INFO] [run:1072] Let's rollback...
[36m[2026-01-05 16:09:33 DEBUG] [__init__:472] No controls to apply on 'rollback'
[32m[2026-01-05 16:09:33 INFO] [rollback:36] Rollback: recover-packet-loss
[36m[2026-01-05 16:09:33 DEBUG] [__init__:472] No controls to apply on 'activity'
[32m[2026-01-05 16:09:33 INFO] [activity:232] Action: recover-packet-loss
[36m[2026-01-05 16:09:33 DEBUG] [python:33] Activity 'recover-packet-loss' loaded from '/app/src/lib/chaos_ssh_driver.py'
[36m[2026-01-05 16:09:35 DEBUG] [activity:262]   => succeeded without any result value
[36m[2026-01-05 16:09:35 DEBUG] [__init__:472] No controls to apply on 'activity'
[36m[2026-01-05 16:09:35 DEBUG] [__init__:472] No controls to apply on 'rollback'
[32m[2026-01-05 16:09:35 INFO] [run:598] Experiment ended with status: completed
[36m[2026-01-05 16:09:35 DEBUG] [__init__:472] No controls to apply on 'experiment'
[36m[2026-01-05 16:09:35 DEBUG] [__init__:106] Cleaning up controls
[36m[2026-01-05 16:09:35 DEBUG] [caching:42] Clearing activities cache
[36m[2026-01-05 16:10:43 DEBUG] [__init__:101] ###############################################################################
[36m[2026-01-05 16:10:43 DEBUG] [__init__:102] Running command 'run'
[36m[2026-01-05 16:10:43 DEBUG] [__init__:106] Using settings file '/root/.chaostoolkit/settings.yaml'
[36m[2026-01-05 16:10:43 DEBUG] [settings:31] The Chaos Toolkit settings file could not be found at '/root/.chaostoolkit/settings.yaml'.
[36m[2026-01-05 16:10:43 DEBUG] [__init__:472] No controls to apply on 'loader'
[36m[2026-01-05 16:10:43 DEBUG] [__init__:472] No controls to apply on 'loader'
[36m[2026-01-05 16:10:43 DEBUG] [caching:24] Building activity cache...
[36m[2026-01-05 16:10:43 DEBUG] [caching:35] Cached 2 activities
[32m[2026-01-05 16:10:43 INFO] [experiment:59] Validating the experiment's syntax
[36m[2026-01-05 16:10:43 DEBUG] [configuration:64] Loading configuration...
[36m[2026-01-05 16:10:43 DEBUG] [secret:79] Loading secrets...
[36m[2026-01-05 16:10:43 DEBUG] [secret:104] Done loading secrets
[32m[2026-01-05 16:10:43 INFO] [experiment:112] Experiment looks valid
[36m[2026-01-05 16:10:43 DEBUG] [caching:42] Clearing activities cache
[36m[2026-01-05 16:10:43 DEBUG] [run:224] Runtime strategies: hypothesis - default / rollbacks - default
[36m[2026-01-05 16:10:43 DEBUG] [caching:24] Building activity cache...
[36m[2026-01-05 16:10:43 DEBUG] [caching:35] Cached 2 activities
[36m[2026-01-05 16:10:43 DEBUG] [configuration:64] Loading configuration...
[36m[2026-01-05 16:10:43 DEBUG] [secret:79] Loading secrets...
[36m[2026-01-05 16:10:43 DEBUG] [secret:104] Done loading secrets
[36m[2026-01-05 16:10:43 DEBUG] [configuration:161] Loading dynamic configuration...
[32m[2026-01-05 16:10:43 INFO] [run:440] Running experiment: Injeção de Reordenação de Pacotes
[36m[2026-01-05 16:10:43 DEBUG] [__init__:67] Initializing controls
[32m[2026-01-05 16:10:43 INFO] [run:471] Steady-state strategy: default
[32m[2026-01-05 16:10:43 INFO] [run:477] Rollbacks strategy: default
[32m[2026-01-05 16:10:43 INFO] [run:485] No steady state hypothesis defined. That's ok, just exploring.
[36m[2026-01-05 16:10:43 DEBUG] [__init__:472] No controls to apply on 'experiment'
[32m[2026-01-05 16:10:43 INFO] [run:778] Playing your experiment's method now...
[36m[2026-01-05 16:10:43 DEBUG] [__init__:472] No controls to apply on 'method'
[36m[2026-01-05 16:10:43 DEBUG] [__init__:472] No controls to apply on 'activity'
[32m[2026-01-05 16:10:43 INFO] [activity:232] Action: inject-packet-reordering
[36m[2026-01-05 16:10:43 DEBUG] [python:33] Activity 'inject-packet-reordering' loaded from '/app/src/lib/chaos_ssh_driver.py'
[36m[2026-01-05 16:10:44 DEBUG] [activity:260]   => succeeded with 'enp7s0'
[36m[2026-01-05 16:10:44 DEBUG] [__init__:472] No controls to apply on 'activity'
[36m[2026-01-05 16:10:44 DEBUG] [__init__:472] No controls to apply on 'activity'
[32m[2026-01-05 16:10:44 INFO] [activity:232] Action: wait-duration
[36m[2026-01-05 16:10:44 DEBUG] [python:33] Activity 'wait-duration' loaded from '/app/src/lib/chaos_ssh_driver.py'
[36m[2026-01-05 16:11:14 DEBUG] [activity:262]   => succeeded without any result value
[36m[2026-01-05 16:11:14 DEBUG] [__init__:472] No controls to apply on 'activity'
[36m[2026-01-05 16:11:14 DEBUG] [__init__:472] No controls to apply on 'method'
[32m[2026-01-05 16:11:14 INFO] [run:1072] Let's rollback...
[36m[2026-01-05 16:11:14 DEBUG] [__init__:472] No controls to apply on 'rollback'
[32m[2026-01-05 16:11:14 INFO] [rollback:36] Rollback: recover-packet-reordering
[36m[2026-01-05 16:11:14 DEBUG] [__init__:472] No controls to apply on 'activity'
[32m[2026-01-05 16:11:14 INFO] [activity:232] Action: recover-packet-reordering
[36m[2026-01-05 16:11:14 DEBUG] [python:33] Activity 'recover-packet-reordering' loaded from '/app/src/lib/chaos_ssh_driver.py'
[36m[2026-01-05 16:11:14 DEBUG] [activity:262]   => succeeded without any result value
[36m[2026-01-05 16:11:14 DEBUG] [__init__:472] No controls to apply on 'activity'
[36m[2026-01-05 16:11:14 DEBUG] [__init__:472] No controls to apply on 'rollback'
[32m[2026-01-05 16:11:14 INFO] [run:598] Experiment ended with status: completed
[36m[2026-01-05 16:11:14 DEBUG] [__init__:472] No controls to apply on 'experiment'
[36m[2026-01-05 16:11:14 DEBUG] [__init__:106] Cleaning up controls
[36m[2026-01-05 16:11:14 DEBUG] [caching:42] Clearing activities cache
[36m[2026-01-05 16:11:37 DEBUG] [__init__:101] ###############################################################################
[36m[2026-01-05 16:11:37 DEBUG] [__init__:102] Running command 'run'
[36m[2026-01-05 16:11:37 DEBUG] [__init__:106] Using settings file '/root/.chaostoolkit/settings.yaml'
[36m[2026-01-05 16:11:37 DEBUG] [settings:31] The Chaos Toolkit settings file could not be found at '/root/.chaostoolkit/settings.yaml'.
[36m[2026-01-05 16:11:37 DEBUG] [__init__:472] No controls to apply on 'loader'
[36m[2026-01-05 16:11:37 DEBUG] [__init__:472] No controls to apply on 'loader'
[36m[2026-01-05 16:11:37 DEBUG] [caching:24] Building activity cache...
[36m[2026-01-05 16:11:37 DEBUG] [caching:35] Cached 2 activities
[32m[2026-01-05 16:11:37 INFO] [experiment:59] Validating the experiment's syntax
[36m[2026-01-05 16:11:37 DEBUG] [configuration:64] Loading configuration...
[36m[2026-01-05 16:11:37 DEBUG] [secret:79] Loading secrets...
[36m[2026-01-05 16:11:37 DEBUG] [secret:104] Done loading secrets
[32m[2026-01-05 16:11:37 INFO] [experiment:112] Experiment looks valid
[36m[2026-01-05 16:11:37 DEBUG] [caching:42] Clearing activities cache
[36m[2026-01-05 16:11:37 DEBUG] [run:224] Runtime strategies: hypothesis - default / rollbacks - default
[36m[2026-01-05 16:11:37 DEBUG] [caching:24] Building activity cache...
[36m[2026-01-05 16:11:37 DEBUG] [caching:35] Cached 2 activities
[36m[2026-01-05 16:11:37 DEBUG] [configuration:64] Loading configuration...
[36m[2026-01-05 16:11:37 DEBUG] [secret:79] Loading secrets...
[36m[2026-01-05 16:11:37 DEBUG] [secret:104] Done loading secrets
[36m[2026-01-05 16:11:37 DEBUG] [configuration:161] Loading dynamic configuration...
[32m[2026-01-05 16:11:37 INFO] [run:440] Running experiment: Injeção de Duplicação de Pacotes
[36m[2026-01-05 16:11:37 DEBUG] [__init__:67] Initializing controls
[32m[2026-01-05 16:11:37 INFO] [run:471] Steady-state strategy: default
[32m[2026-01-05 16:11:37 INFO] [run:477] Rollbacks strategy: default
[32m[2026-01-05 16:11:37 INFO] [run:485] No steady state hypothesis defined. That's ok, just exploring.
[36m[2026-01-05 16:11:37 DEBUG] [__init__:472] No controls to apply on 'experiment'
[32m[2026-01-05 16:11:37 INFO] [run:778] Playing your experiment's method now...
[36m[2026-01-05 16:11:37 DEBUG] [__init__:472] No controls to apply on 'method'
[36m[2026-01-05 16:11:37 DEBUG] [__init__:472] No controls to apply on 'activity'
[32m[2026-01-05 16:11:37 INFO] [activity:232] Action: inject-packet-duplication
[36m[2026-01-05 16:11:37 DEBUG] [python:33] Activity 'inject-packet-duplication' loaded from '/app/src/lib/chaos_ssh_driver.py'
[36m[2026-01-05 16:11:38 DEBUG] [activity:260]   => succeeded with 'enp7s0'
[36m[2026-01-05 16:11:38 DEBUG] [__init__:472] No controls to apply on 'activity'
[36m[2026-01-05 16:11:38 DEBUG] [__init__:472] No controls to apply on 'activity'
[32m[2026-01-05 16:11:38 INFO] [activity:232] Action: wait-duration
[36m[2026-01-05 16:11:38 DEBUG] [python:33] Activity 'wait-duration' loaded from '/app/src/lib/chaos_ssh_driver.py'
[36m[2026-01-05 16:11:39 DEBUG] [__init__:101] ###############################################################################
[36m[2026-01-05 16:11:39 DEBUG] [__init__:102] Running command 'run'
[36m[2026-01-05 16:11:39 DEBUG] [__init__:106] Using settings file '/root/.chaostoolkit/settings.yaml'
[36m[2026-01-05 16:11:39 DEBUG] [settings:31] The Chaos Toolkit settings file could not be found at '/root/.chaostoolkit/settings.yaml'.
[36m[2026-01-05 16:11:39 DEBUG] [__init__:472] No controls to apply on 'loader'
[36m[2026-01-05 16:11:39 DEBUG] [__init__:472] No controls to apply on 'loader'
[36m[2026-01-05 16:11:39 DEBUG] [caching:24] Building activity cache...
[36m[2026-01-05 16:11:39 DEBUG] [caching:35] Cached 2 activities
[32m[2026-01-05 16:11:39 INFO] [experiment:59] Validating the experiment's syntax
[36m[2026-01-05 16:11:39 DEBUG] [configuration:64] Loading configuration...
[36m[2026-01-05 16:11:39 DEBUG] [secret:79] Loading secrets...
[36m[2026-01-05 16:11:39 DEBUG] [secret:104] Done loading secrets
[32m[2026-01-05 16:11:39 INFO] [experiment:112] Experiment looks valid
[36m[2026-01-05 16:11:39 DEBUG] [caching:42] Clearing activities cache
[36m[2026-01-05 16:11:39 DEBUG] [run:224] Runtime strategies: hypothesis - default / rollbacks - default
[36m[2026-01-05 16:11:39 DEBUG] [caching:24] Building activity cache...
[36m[2026-01-05 16:11:39 DEBUG] [caching:35] Cached 2 activities
[36m[2026-01-05 16:11:39 DEBUG] [configuration:64] Loading configuration...
[36m[2026-01-05 16:11:39 DEBUG] [secret:79] Loading secrets...
[36m[2026-01-05 16:11:39 DEBUG] [secret:104] Done loading secrets
[36m[2026-01-05 16:11:39 DEBUG] [configuration:161] Loading dynamic configuration...
[32m[2026-01-05 16:11:39 INFO] [run:440] Running experiment: Injeção de Reordenação de Pacotes
[36m[2026-01-05 16:11:39 DEBUG] [__init__:67] Initializing controls
[32m[2026-01-05 16:11:39 INFO] [run:471] Steady-state strategy: default
[32m[2026-01-05 16:11:39 INFO] [run:477] Rollbacks strategy: default
[32m[2026-01-05 16:11:39 INFO] [run:485] No steady state hypothesis defined. That's ok, just exploring.
[36m[2026-01-05 16:11:39 DEBUG] [__init__:472] No controls to apply on 'experiment'
[32m[2026-01-05 16:11:39 INFO] [run:778] Playing your experiment's method now...
[36m[2026-01-05 16:11:39 DEBUG] [__init__:472] No controls to apply on 'method'
[36m[2026-01-05 16:11:39 DEBUG] [__init__:472] No controls to apply on 'activity'
[32m[2026-01-05 16:11:39 INFO] [activity:232] Action: inject-packet-reordering
[36m[2026-01-05 16:11:39 DEBUG] [python:33] Activity 'inject-packet-reordering' loaded from '/app/src/lib/chaos_ssh_driver.py'
[36m[2026-01-05 16:11:40 DEBUG] [activity:260]   => succeeded with 'enp7s0'
[36m[2026-01-05 16:11:40 DEBUG] [__init__:472] No controls to apply on 'activity'
[36m[2026-01-05 16:11:40 DEBUG] [__init__:472] No controls to apply on 'activity'
[32m[2026-01-05 16:11:40 INFO] [activity:232] Action: wait-duration
[36m[2026-01-05 16:11:40 DEBUG] [python:33] Activity 'wait-duration' loaded from '/app/src/lib/chaos_ssh_driver.py'
[36m[2026-01-05 16:12:08 DEBUG] [activity:262]   => succeeded without any result value
[36m[2026-01-05 16:12:08 DEBUG] [__init__:472] No controls to apply on 'activity'
[36m[2026-01-05 16:12:08 DEBUG] [__init__:472] No controls to apply on 'method'
[32m[2026-01-05 16:12:08 INFO] [run:1072] Let's rollback...
[36m[2026-01-05 16:12:08 DEBUG] [__init__:472] No controls to apply on 'rollback'
[32m[2026-01-05 16:12:08 INFO] [rollback:36] Rollback: recover-packet-duplication
[36m[2026-01-05 16:12:08 DEBUG] [__init__:472] No controls to apply on 'activity'
[32m[2026-01-05 16:12:08 INFO] [activity:232] Action: recover-packet-duplication
[36m[2026-01-05 16:12:08 DEBUG] [python:33] Activity 'recover-packet-duplication' loaded from '/app/src/lib/chaos_ssh_driver.py'
[36m[2026-01-05 16:12:09 DEBUG] [activity:262]   => succeeded without any result value
[36m[2026-01-05 16:12:09 DEBUG] [__init__:472] No controls to apply on 'activity'
[36m[2026-01-05 16:12:09 DEBUG] [__init__:472] No controls to apply on 'rollback'
[32m[2026-01-05 16:12:09 INFO] [run:598] Experiment ended with status: completed
[36m[2026-01-05 16:12:09 DEBUG] [__init__:472] No controls to apply on 'experiment'
[36m[2026-01-05 16:12:09 DEBUG] [__init__:106] Cleaning up controls
[36m[2026-01-05 16:12:09 DEBUG] [caching:42] Clearing activities cache
[36m[2026-01-05 16:12:10 DEBUG] [activity:262]   => succeeded without any result value
[36m[2026-01-05 16:12:10 DEBUG] [__init__:472] No controls to apply on 'activity'
[36m[2026-01-05 16:12:10 DEBUG] [__init__:472] No controls to apply on 'method'
[32m[2026-01-05 16:12:10 INFO] [run:1072] Let's rollback...
[36m[2026-01-05 16:12:10 DEBUG] [__init__:472] No controls to apply on 'rollback'
[32m[2026-01-05 16:12:10 INFO] [rollback:36] Rollback: recover-packet-reordering
[36m[2026-01-05 16:12:10 DEBUG] [__init__:472] No controls to apply on 'activity'
[32m[2026-01-05 16:12:10 INFO] [activity:232] Action: recover-packet-reordering
[36m[2026-01-05 16:12:10 DEBUG] [python:33] Activity 'recover-packet-reordering' loaded from '/app/src/lib/chaos_ssh_driver.py'
[36m[2026-01-05 16:12:10 DEBUG] [activity:262]   => succeeded without any result value
[36m[2026-01-05 16:12:10 DEBUG] [__init__:472] No controls to apply on 'activity'
[36m[2026-01-05 16:12:10 DEBUG] [__init__:472] No controls to apply on 'rollback'
[32m[2026-01-05 16:12:10 INFO] [run:598] Experiment ended with status: completed
[36m[2026-01-05 16:12:10 DEBUG] [__init__:472] No controls to apply on 'experiment'
[36m[2026-01-05 16:12:10 DEBUG] [__init__:106] Cleaning up controls
[36m[2026-01-05 16:12:10 DEBUG] [caching:42] Clearing activities cache
[36m[2026-01-05 16:16:23 DEBUG] [__init__:101] ###############################################################################
[36m[2026-01-05 16:16:23 DEBUG] [__init__:102] Running command 'run'
[36m[2026-01-05 16:16:23 DEBUG] [__init__:106] Using settings file '/root/.chaostoolkit/settings.yaml'
[36m[2026-01-05 16:16:23 DEBUG] [settings:31] The Chaos Toolkit settings file could not be found at '/root/.chaostoolkit/settings.yaml'.
[36m[2026-01-05 16:16:23 DEBUG] [__init__:472] No controls to apply on 'loader'
[36m[2026-01-05 16:16:23 DEBUG] [__init__:472] No controls to apply on 'loader'
[36m[2026-01-05 16:16:23 DEBUG] [caching:24] Building activity cache...
[36m[2026-01-05 16:16:23 DEBUG] [caching:35] Cached 2 activities
[32m[2026-01-05 16:16:23 INFO] [experiment:59] Validating the experiment's syntax
[36m[2026-01-05 16:16:23 DEBUG] [configuration:64] Loading configuration...
[36m[2026-01-05 16:16:23 DEBUG] [secret:79] Loading secrets...
[36m[2026-01-05 16:16:23 DEBUG] [secret:104] Done loading secrets
[32m[2026-01-05 16:16:23 INFO] [experiment:112] Experiment looks valid
[36m[2026-01-05 16:16:23 DEBUG] [caching:42] Clearing activities cache
[36m[2026-01-05 16:16:23 DEBUG] [run:224] Runtime strategies: hypothesis - default / rollbacks - default
[36m[2026-01-05 16:16:23 DEBUG] [caching:24] Building activity cache...
[36m[2026-01-05 16:16:23 DEBUG] [caching:35] Cached 2 activities
[36m[2026-01-05 16:16:23 DEBUG] [configuration:64] Loading configuration...
[36m[2026-01-05 16:16:23 DEBUG] [secret:79] Loading secrets...
[36m[2026-01-05 16:16:23 DEBUG] [secret:104] Done loading secrets
[36m[2026-01-05 16:16:23 DEBUG] [configuration:161] Loading dynamic configuration...
[32m[2026-01-05 16:16:23 INFO] [run:440] Running experiment: Injeção de Duplicação de Pacotes
[36m[2026-01-05 16:16:23 DEBUG] [__init__:67] Initializing controls
[32m[2026-01-05 16:16:23 INFO] [run:471] Steady-state strategy: default
[32m[2026-01-05 16:16:23 INFO] [run:477] Rollbacks strategy: default
[32m[2026-01-05 16:16:23 INFO] [run:485] No steady state hypothesis defined. That's ok, just exploring.
[36m[2026-01-05 16:16:23 DEBUG] [__init__:472] No controls to apply on 'experiment'
[32m[2026-01-05 16:16:23 INFO] [run:778] Playing your experiment's method now...
[36m[2026-01-05 16:16:23 DEBUG] [__init__:472] No controls to apply on 'method'
[36m[2026-01-05 16:16:23 DEBUG] [__init__:472] No controls to apply on 'activity'
[32m[2026-01-05 16:16:23 INFO] [activity:232] Action: inject-packet-duplication
[36m[2026-01-05 16:16:23 DEBUG] [python:33] Activity 'inject-packet-duplication' loaded from '/app/src/lib/chaos_ssh_driver.py'
[36m[2026-01-05 16:16:23 DEBUG] [activity:260]   => succeeded with 'enp7s0'
[36m[2026-01-05 16:16:23 DEBUG] [__init__:472] No controls to apply on 'activity'
[36m[2026-01-05 16:16:23 DEBUG] [__init__:472] No controls to apply on 'activity'
[32m[2026-01-05 16:16:23 INFO] [activity:232] Action: wait-duration
[36m[2026-01-05 16:16:23 DEBUG] [python:33] Activity 'wait-duration' loaded from '/app/src/lib/chaos_ssh_driver.py'
[36m[2026-01-05 16:16:25 DEBUG] [__init__:101] ###############################################################################
[36m[2026-01-05 16:16:25 DEBUG] [__init__:102] Running command 'run'
[36m[2026-01-05 16:16:25 DEBUG] [__init__:106] Using settings file '/root/.chaostoolkit/settings.yaml'
[36m[2026-01-05 16:16:25 DEBUG] [settings:31] The Chaos Toolkit settings file could not be found at '/root/.chaostoolkit/settings.yaml'.
[36m[2026-01-05 16:16:25 DEBUG] [__init__:472] No controls to apply on 'loader'
[36m[2026-01-05 16:16:25 DEBUG] [__init__:472] No controls to apply on 'loader'
[36m[2026-01-05 16:16:25 DEBUG] [caching:24] Building activity cache...
[36m[2026-01-05 16:16:25 DEBUG] [caching:35] Cached 2 activities
[32m[2026-01-05 16:16:25 INFO] [experiment:59] Validating the experiment's syntax
[36m[2026-01-05 16:16:25 DEBUG] [configuration:64] Loading configuration...
[36m[2026-01-05 16:16:25 DEBUG] [secret:79] Loading secrets...
[36m[2026-01-05 16:16:25 DEBUG] [secret:104] Done loading secrets
[32m[2026-01-05 16:16:25 INFO] [experiment:112] Experiment looks valid
[36m[2026-01-05 16:16:25 DEBUG] [caching:42] Clearing activities cache
[36m[2026-01-05 16:16:25 DEBUG] [run:224] Runtime strategies: hypothesis - default / rollbacks - default
[36m[2026-01-05 16:16:25 DEBUG] [caching:24] Building activity cache...
[36m[2026-01-05 16:16:25 DEBUG] [caching:35] Cached 2 activities
[36m[2026-01-05 16:16:25 DEBUG] [configuration:64] Loading configuration...
[36m[2026-01-05 16:16:25 DEBUG] [secret:79] Loading secrets...
[36m[2026-01-05 16:16:25 DEBUG] [secret:104] Done loading secrets
[36m[2026-01-05 16:16:25 DEBUG] [configuration:161] Loading dynamic configuration...
[32m[2026-01-05 16:16:25 INFO] [run:440] Running experiment: Injeção de Reordenação de Pacotes
[36m[2026-01-05 16:16:25 DEBUG] [__init__:67] Initializing controls
[32m[2026-01-05 16:16:25 INFO] [run:471] Steady-state strategy: default
[32m[2026-01-05 16:16:25 INFO] [run:477] Rollbacks strategy: default
[32m[2026-01-05 16:16:25 INFO] [run:485] No steady state hypothesis defined. That's ok, just exploring.
[36m[2026-01-05 16:16:25 DEBUG] [__init__:472] No controls to apply on 'experiment'
[32m[2026-01-05 16:16:25 INFO] [run:778] Playing your experiment's method now...
[36m[2026-01-05 16:16:25 DEBUG] [__init__:472] No controls to apply on 'method'
[36m[2026-01-05 16:16:25 DEBUG] [__init__:472] No controls to apply on 'activity'
[32m[2026-01-05 16:16:25 INFO] [activity:232] Action: inject-packet-reordering
[36m[2026-01-05 16:16:25 DEBUG] [python:33] Activity 'inject-packet-reordering' loaded from '/app/src/lib/chaos_ssh_driver.py'
[36m[2026-01-05 16:16:25 DEBUG] [activity:260]   => succeeded with 'enp7s0'
[36m[2026-01-05 16:16:25 DEBUG] [__init__:472] No controls to apply on 'activity'
[36m[2026-01-05 16:16:25 DEBUG] [__init__:472] No controls to apply on 'activity'
[32m[2026-01-05 16:16:25 INFO] [activity:232] Action: wait-duration
[36m[2026-01-05 16:16:25 DEBUG] [python:33] Activity 'wait-duration' loaded from '/app/src/lib/chaos_ssh_driver.py'
[36m[2026-01-05 16:16:53 DEBUG] [activity:262]   => succeeded without any result value
[36m[2026-01-05 16:16:53 DEBUG] [__init__:472] No controls to apply on 'activity'
[36m[2026-01-05 16:16:53 DEBUG] [__init__:472] No controls to apply on 'method'
[32m[2026-01-05 16:16:53 INFO] [run:1072] Let's rollback...
[36m[2026-01-05 16:16:53 DEBUG] [__init__:472] No controls to apply on 'rollback'
[32m[2026-01-05 16:16:53 INFO] [rollback:36] Rollback: recover-packet-duplication
[36m[2026-01-05 16:16:53 DEBUG] [__init__:472] No controls to apply on 'activity'
[32m[2026-01-05 16:16:53 INFO] [activity:232] Action: recover-packet-duplication
[36m[2026-01-05 16:16:53 DEBUG] [python:33] Activity 'recover-packet-duplication' loaded from '/app/src/lib/chaos_ssh_driver.py'
[36m[2026-01-05 16:16:54 DEBUG] [activity:262]   => succeeded without any result value
[36m[2026-01-05 16:16:54 DEBUG] [__init__:472] No controls to apply on 'activity'
[36m[2026-01-05 16:16:54 DEBUG] [__init__:472] No controls to apply on 'rollback'
[32m[2026-01-05 16:16:54 INFO] [run:598] Experiment ended with status: completed
[36m[2026-01-05 16:16:54 DEBUG] [__init__:472] No controls to apply on 'experiment'
[36m[2026-01-05 16:16:54 DEBUG] [__init__:106] Cleaning up controls
[36m[2026-01-05 16:16:54 DEBUG] [caching:42] Clearing activities cache
[36m[2026-01-05 16:16:55 DEBUG] [activity:262]   => succeeded without any result value
[36m[2026-01-05 16:16:55 DEBUG] [__init__:472] No controls to apply on 'activity'
[36m[2026-01-05 16:16:55 DEBUG] [__init__:472] No controls to apply on 'method'
[32m[2026-01-05 16:16:55 INFO] [run:1072] Let's rollback...
[36m[2026-01-05 16:16:55 DEBUG] [__init__:472] No controls to apply on 'rollback'
[32m[2026-01-05 16:16:55 INFO] [rollback:36] Rollback: recover-packet-reordering
[36m[2026-01-05 16:16:55 DEBUG] [__init__:472] No controls to apply on 'activity'
[32m[2026-01-05 16:16:55 INFO] [activity:232] Action: recover-packet-reordering
[36m[2026-01-05 16:16:55 DEBUG] [python:33] Activity 'recover-packet-reordering' loaded from '/app/src/lib/chaos_ssh_driver.py'
[36m[2026-01-05 16:16:55 DEBUG] [activity:262]   => succeeded without any result value
[36m[2026-01-05 16:16:55 DEBUG] [__init__:472] No controls to apply on 'activity'
[36m[2026-01-05 16:16:55 DEBUG] [__init__:472] No controls to apply on 'rollback'
[32m[2026-01-05 16:16:55 INFO] [run:598] Experiment ended with status: completed
[36m[2026-01-05 16:16:55 DEBUG] [__init__:472] No controls to apply on 'experiment'
[36m[2026-01-05 16:16:55 DEBUG] [__init__:106] Cleaning up controls
[36m[2026-01-05 16:16:55 DEBUG] [caching:42] Clearing activities cache
[36m[2026-01-05 16:26:19 DEBUG] [__init__:101] ###############################################################################
[36m[2026-01-05 16:26:19 DEBUG] [__init__:102] Running command 'run'
[36m[2026-01-05 16:26:19 DEBUG] [__init__:106] Using settings file '/root/.chaostoolkit/settings.yaml'
[36m[2026-01-05 16:26:19 DEBUG] [settings:31] The Chaos Toolkit settings file could not be found at '/root/.chaostoolkit/settings.yaml'.
[36m[2026-01-05 16:26:19 DEBUG] [__init__:472] No controls to apply on 'loader'
[36m[2026-01-05 16:26:19 DEBUG] [__init__:472] No controls to apply on 'loader'
[36m[2026-01-05 16:26:19 DEBUG] [caching:24] Building activity cache...
[36m[2026-01-05 16:26:19 DEBUG] [caching:35] Cached 2 activities
[32m[2026-01-05 16:26:19 INFO] [experiment:59] Validating the experiment's syntax
[36m[2026-01-05 16:26:19 DEBUG] [configuration:64] Loading configuration...
[36m[2026-01-05 16:26:19 DEBUG] [secret:79] Loading secrets...
[36m[2026-01-05 16:26:19 DEBUG] [secret:104] Done loading secrets
[32m[2026-01-05 16:26:19 INFO] [experiment:112] Experiment looks valid
[36m[2026-01-05 16:26:19 DEBUG] [caching:42] Clearing activities cache
[36m[2026-01-05 16:26:19 DEBUG] [run:224] Runtime strategies: hypothesis - default / rollbacks - default
[36m[2026-01-05 16:26:19 DEBUG] [caching:24] Building activity cache...
[36m[2026-01-05 16:26:19 DEBUG] [caching:35] Cached 2 activities
[36m[2026-01-05 16:26:19 DEBUG] [configuration:64] Loading configuration...
[36m[2026-01-05 16:26:19 DEBUG] [secret:79] Loading secrets...
[36m[2026-01-05 16:26:19 DEBUG] [secret:104] Done loading secrets
[36m[2026-01-05 16:26:19 DEBUG] [configuration:161] Loading dynamic configuration...
[32m[2026-01-05 16:26:19 INFO] [run:440] Running experiment: Partição de Rede
[36m[2026-01-05 16:26:19 DEBUG] [__init__:67] Initializing controls
[32m[2026-01-05 16:26:19 INFO] [run:471] Steady-state strategy: default
[32m[2026-01-05 16:26:19 INFO] [run:477] Rollbacks strategy: default
[32m[2026-01-05 16:26:19 INFO] [run:485] No steady state hypothesis defined. That's ok, just exploring.
[36m[2026-01-05 16:26:19 DEBUG] [__init__:472] No controls to apply on 'experiment'
[32m[2026-01-05 16:26:19 INFO] [run:778] Playing your experiment's method now...
[36m[2026-01-05 16:26:19 DEBUG] [__init__:472] No controls to apply on 'method'
[36m[2026-01-05 16:26:19 DEBUG] [__init__:472] No controls to apply on 'activity'
[32m[2026-01-05 16:26:19 INFO] [activity:232] Action: inject-network-partition
[36m[2026-01-05 16:26:19 DEBUG] [python:33] Activity 'inject-network-partition' loaded from '/app/src/lib/chaos_ssh_driver.py'
[36m[2026-01-05 16:26:19 DEBUG] [activity:260]   => succeeded with '192.168.1.72'
[36m[2026-01-05 16:26:19 DEBUG] [__init__:472] No controls to apply on 'activity'
[36m[2026-01-05 16:26:19 DEBUG] [__init__:472] No controls to apply on 'activity'
[32m[2026-01-05 16:26:19 INFO] [activity:232] Action: wait-duration
[36m[2026-01-05 16:26:19 DEBUG] [python:33] Activity 'wait-duration' loaded from '/app/src/lib/chaos_ssh_driver.py'
[36m[2026-01-05 16:26:49 DEBUG] [activity:262]   => succeeded without any result value
[36m[2026-01-05 16:26:49 DEBUG] [__init__:472] No controls to apply on 'activity'
[36m[2026-01-05 16:26:49 DEBUG] [__init__:472] No controls to apply on 'method'
[32m[2026-01-05 16:26:49 INFO] [run:1072] Let's rollback...
[36m[2026-01-05 16:26:49 DEBUG] [__init__:472] No controls to apply on 'rollback'
[32m[2026-01-05 16:26:49 INFO] [rollback:36] Rollback: recover-network-partition
[36m[2026-01-05 16:26:49 DEBUG] [__init__:472] No controls to apply on 'activity'
[32m[2026-01-05 16:26:49 INFO] [activity:232] Action: recover-network-partition
[36m[2026-01-05 16:26:49 DEBUG] [python:33] Activity 'recover-network-partition' loaded from '/app/src/lib/chaos_ssh_driver.py'
[36m[2026-01-05 16:26:50 DEBUG] [activity:262]   => succeeded without any result value
[36m[2026-01-05 16:26:50 DEBUG] [__init__:472] No controls to apply on 'activity'
[36m[2026-01-05 16:26:50 DEBUG] [__init__:472] No controls to apply on 'rollback'
[32m[2026-01-05 16:26:50 INFO] [run:598] Experiment ended with status: completed
[36m[2026-01-05 16:26:50 DEBUG] [__init__:472] No controls to apply on 'experiment'
[36m[2026-01-05 16:26:50 DEBUG] [__init__:106] Cleaning up controls
[36m[2026-01-05 16:26:50 DEBUG] [caching:42] Clearing activities cache
[36m[2026-01-05 16:27:45 DEBUG] [__init__:101] ###############################################################################
[36m[2026-01-05 16:27:45 DEBUG] [__init__:102] Running command 'run'
[36m[2026-01-05 16:27:45 DEBUG] [__init__:106] Using settings file '/root/.chaostoolkit/settings.yaml'
[36m[2026-01-05 16:27:46 DEBUG] [settings:31] The Chaos Toolkit settings file could not be found at '/root/.chaostoolkit/settings.yaml'.
[36m[2026-01-05 16:27:46 DEBUG] [__init__:472] No controls to apply on 'loader'
[36m[2026-01-05 16:27:46 DEBUG] [__init__:472] No controls to apply on 'loader'
[36m[2026-01-05 16:27:46 DEBUG] [caching:24] Building activity cache...
[36m[2026-01-05 16:27:46 DEBUG] [caching:35] Cached 2 activities
[32m[2026-01-05 16:27:46 INFO] [experiment:59] Validating the experiment's syntax
[36m[2026-01-05 16:27:46 DEBUG] [configuration:64] Loading configuration...
[36m[2026-01-05 16:27:46 DEBUG] [secret:79] Loading secrets...
[36m[2026-01-05 16:27:46 DEBUG] [secret:104] Done loading secrets
[32m[2026-01-05 16:27:46 INFO] [experiment:112] Experiment looks valid
[36m[2026-01-05 16:27:46 DEBUG] [caching:42] Clearing activities cache
[36m[2026-01-05 16:27:46 DEBUG] [run:224] Runtime strategies: hypothesis - default / rollbacks - default
[36m[2026-01-05 16:27:46 DEBUG] [caching:24] Building activity cache...
[36m[2026-01-05 16:27:46 DEBUG] [caching:35] Cached 2 activities
[36m[2026-01-05 16:27:46 DEBUG] [configuration:64] Loading configuration...
[36m[2026-01-05 16:27:46 DEBUG] [secret:79] Loading secrets...
[36m[2026-01-05 16:27:46 DEBUG] [secret:104] Done loading secrets
[36m[2026-01-05 16:27:46 DEBUG] [configuration:161] Loading dynamic configuration...
[32m[2026-01-05 16:27:46 INFO] [run:440] Running experiment: Falha de DNS
[36m[2026-01-05 16:27:46 DEBUG] [__init__:67] Initializing controls
[32m[2026-01-05 16:27:46 INFO] [run:471] Steady-state strategy: default
[32m[2026-01-05 16:27:46 INFO] [run:477] Rollbacks strategy: default
[32m[2026-01-05 16:27:46 INFO] [run:485] No steady state hypothesis defined. That's ok, just exploring.
[36m[2026-01-05 16:27:46 DEBUG] [__init__:472] No controls to apply on 'experiment'
[32m[2026-01-05 16:27:46 INFO] [run:778] Playing your experiment's method now...
[36m[2026-01-05 16:27:46 DEBUG] [__init__:472] No controls to apply on 'method'
[36m[2026-01-05 16:27:46 DEBUG] [__init__:472] No controls to apply on 'activity'
[32m[2026-01-05 16:27:46 INFO] [activity:232] Action: inject-dns-failure
[36m[2026-01-05 16:27:46 DEBUG] [python:33] Activity 'inject-dns-failure' loaded from '/app/src/lib/chaos_ssh_driver.py'
[36m[2026-01-05 16:27:46 DEBUG] [activity:260]   => succeeded with 'dns_failure'
[36m[2026-01-05 16:27:46 DEBUG] [__init__:472] No controls to apply on 'activity'
[36m[2026-01-05 16:27:46 DEBUG] [__init__:472] No controls to apply on 'activity'
[32m[2026-01-05 16:27:46 INFO] [activity:232] Action: wait-duration
[36m[2026-01-05 16:27:46 DEBUG] [python:33] Activity 'wait-duration' loaded from '/app/src/lib/chaos_ssh_driver.py'
[36m[2026-01-05 16:28:16 DEBUG] [activity:262]   => succeeded without any result value
[36m[2026-01-05 16:28:16 DEBUG] [__init__:472] No controls to apply on 'activity'
[36m[2026-01-05 16:28:16 DEBUG] [__init__:472] No controls to apply on 'method'
[32m[2026-01-05 16:28:16 INFO] [run:1072] Let's rollback...
[36m[2026-01-05 16:28:16 DEBUG] [__init__:472] No controls to apply on 'rollback'
[32m[2026-01-05 16:28:16 INFO] [rollback:36] Rollback: recover-dns-failure
[36m[2026-01-05 16:28:16 DEBUG] [__init__:472] No controls to apply on 'activity'
[32m[2026-01-05 16:28:16 INFO] [activity:232] Action: recover-dns-failure
[36m[2026-01-05 16:28:16 DEBUG] [python:33] Activity 'recover-dns-failure' loaded from '/app/src/lib/chaos_ssh_driver.py'
[36m[2026-01-05 16:28:16 DEBUG] [activity:262]   => succeeded without any result value
[36m[2026-01-05 16:28:16 DEBUG] [__init__:472] No controls to apply on 'activity'
[36m[2026-01-05 16:28:16 DEBUG] [__init__:472] No controls to apply on 'rollback'
[32m[2026-01-05 16:28:16 INFO] [run:598] Experiment ended with status: completed
[36m[2026-01-05 16:28:16 DEBUG] [__init__:472] No controls to apply on 'experiment'
[36m[2026-01-05 16:28:16 DEBUG] [__init__:106] Cleaning up controls
[36m[2026-01-05 16:28:16 DEBUG] [caching:42] Clearing activities cache
[36m[2026-01-05 16:29:20 DEBUG] [__init__:101] ###############################################################################
[36m[2026-01-05 16:29:20 DEBUG] [__init__:102] Running command 'run'
[36m[2026-01-05 16:29:20 DEBUG] [__init__:106] Using settings file '/root/.chaostoolkit/settings.yaml'
[36m[2026-01-05 16:29:20 DEBUG] [settings:31] The Chaos Toolkit settings file could not be found at '/root/.chaostoolkit/settings.yaml'.
[36m[2026-01-05 16:29:20 DEBUG] [__init__:472] No controls to apply on 'loader'
[36m[2026-01-05 16:29:20 DEBUG] [__init__:472] No controls to apply on 'loader'
[36m[2026-01-05 16:29:20 DEBUG] [caching:24] Building activity cache...
[36m[2026-01-05 16:29:20 DEBUG] [caching:35] Cached 2 activities
[32m[2026-01-05 16:29:20 INFO] [experiment:59] Validating the experiment's syntax
[36m[2026-01-05 16:29:20 DEBUG] [configuration:64] Loading configuration...
[36m[2026-01-05 16:29:20 DEBUG] [secret:79] Loading secrets...
[36m[2026-01-05 16:29:20 DEBUG] [secret:104] Done loading secrets
[32m[2026-01-05 16:29:20 INFO] [experiment:112] Experiment looks valid
[36m[2026-01-05 16:29:20 DEBUG] [caching:42] Clearing activities cache
[36m[2026-01-05 16:29:20 DEBUG] [run:224] Runtime strategies: hypothesis - default / rollbacks - default
[36m[2026-01-05 16:29:20 DEBUG] [caching:24] Building activity cache...
[36m[2026-01-05 16:29:20 DEBUG] [caching:35] Cached 2 activities
[36m[2026-01-05 16:29:20 DEBUG] [configuration:64] Loading configuration...
[36m[2026-01-05 16:29:20 DEBUG] [secret:79] Loading secrets...
[36m[2026-01-05 16:29:20 DEBUG] [secret:104] Done loading secrets
[36m[2026-01-05 16:29:20 DEBUG] [configuration:161] Loading dynamic configuration...
[32m[2026-01-05 16:29:20 INFO] [run:440] Running experiment: Partição de Rede
[36m[2026-01-05 16:29:20 DEBUG] [__init__:67] Initializing controls
[32m[2026-01-05 16:29:20 INFO] [run:471] Steady-state strategy: default
[32m[2026-01-05 16:29:20 INFO] [run:477] Rollbacks strategy: default
[32m[2026-01-05 16:29:20 INFO] [run:485] No steady state hypothesis defined. That's ok, just exploring.
[36m[2026-01-05 16:29:20 DEBUG] [__init__:472] No controls to apply on 'experiment'
[32m[2026-01-05 16:29:20 INFO] [run:778] Playing your experiment's method now...
[36m[2026-01-05 16:29:20 DEBUG] [__init__:472] No controls to apply on 'method'
[36m[2026-01-05 16:29:20 DEBUG] [__init__:472] No controls to apply on 'activity'
[32m[2026-01-05 16:29:20 INFO] [activity:232] Action: inject-network-partition
[36m[2026-01-05 16:29:20 DEBUG] [python:33] Activity 'inject-network-partition' loaded from '/app/src/lib/chaos_ssh_driver.py'
[36m[2026-01-05 16:29:20 DEBUG] [activity:260]   => succeeded with '192.168.1.72'
[36m[2026-01-05 16:29:20 DEBUG] [__init__:472] No controls to apply on 'activity'
[36m[2026-01-05 16:29:20 DEBUG] [__init__:472] No controls to apply on 'activity'
[32m[2026-01-05 16:29:20 INFO] [activity:232] Action: wait-duration
[36m[2026-01-05 16:29:20 DEBUG] [python:33] Activity 'wait-duration' loaded from '/app/src/lib/chaos_ssh_driver.py'
[36m[2026-01-05 16:29:22 DEBUG] [__init__:101] ###############################################################################
[36m[2026-01-05 16:29:22 DEBUG] [__init__:102] Running command 'run'
[36m[2026-01-05 16:29:22 DEBUG] [__init__:106] Using settings file '/root/.chaostoolkit/settings.yaml'
[36m[2026-01-05 16:29:22 DEBUG] [settings:31] The Chaos Toolkit settings file could not be found at '/root/.chaostoolkit/settings.yaml'.
[36m[2026-01-05 16:29:22 DEBUG] [__init__:472] No controls to apply on 'loader'
[36m[2026-01-05 16:29:22 DEBUG] [__init__:472] No controls to apply on 'loader'
[36m[2026-01-05 16:29:22 DEBUG] [caching:24] Building activity cache...
[36m[2026-01-05 16:29:22 DEBUG] [caching:35] Cached 2 activities
[32m[2026-01-05 16:29:22 INFO] [experiment:59] Validating the experiment's syntax
[36m[2026-01-05 16:29:22 DEBUG] [configuration:64] Loading configuration...
[36m[2026-01-05 16:29:22 DEBUG] [secret:79] Loading secrets...
[36m[2026-01-05 16:29:22 DEBUG] [secret:104] Done loading secrets
[32m[2026-01-05 16:29:22 INFO] [experiment:112] Experiment looks valid
[36m[2026-01-05 16:29:22 DEBUG] [caching:42] Clearing activities cache
[36m[2026-01-05 16:29:22 DEBUG] [run:224] Runtime strategies: hypothesis - default / rollbacks - default
[36m[2026-01-05 16:29:22 DEBUG] [caching:24] Building activity cache...
[36m[2026-01-05 16:29:22 DEBUG] [caching:35] Cached 2 activities
[36m[2026-01-05 16:29:22 DEBUG] [configuration:64] Loading configuration...
[36m[2026-01-05 16:29:22 DEBUG] [secret:79] Loading secrets...
[36m[2026-01-05 16:29:22 DEBUG] [secret:104] Done loading secrets
[36m[2026-01-05 16:29:22 DEBUG] [configuration:161] Loading dynamic configuration...
[32m[2026-01-05 16:29:22 INFO] [run:440] Running experiment: Falha de DNS
[36m[2026-01-05 16:29:22 DEBUG] [__init__:67] Initializing controls
[32m[2026-01-05 16:29:22 INFO] [run:471] Steady-state strategy: default
[32m[2026-01-05 16:29:22 INFO] [run:477] Rollbacks strategy: default
[32m[2026-01-05 16:29:22 INFO] [run:485] No steady state hypothesis defined. That's ok, just exploring.
[36m[2026-01-05 16:29:22 DEBUG] [__init__:472] No controls to apply on 'experiment'
[32m[2026-01-05 16:29:22 INFO] [run:778] Playing your experiment's method now...
[36m[2026-01-05 16:29:22 DEBUG] [__init__:472] No controls to apply on 'method'
[36m[2026-01-05 16:29:22 DEBUG] [__init__:472] No controls to apply on 'activity'
[32m[2026-01-05 16:29:22 INFO] [activity:232] Action: inject-dns-failure
[36m[2026-01-05 16:29:22 DEBUG] [python:33] Activity 'inject-dns-failure' loaded from '/app/src/lib/chaos_ssh_driver.py'
[36m[2026-01-05 16:29:22 DEBUG] [activity:260]   => succeeded with 'dns_failure'
[36m[2026-01-05 16:29:22 DEBUG] [__init__:472] No controls to apply on 'activity'
[36m[2026-01-05 16:29:22 DEBUG] [__init__:472] No controls to apply on 'activity'
[32m[2026-01-05 16:29:22 INFO] [activity:232] Action: wait-duration
[36m[2026-01-05 16:29:22 DEBUG] [python:33] Activity 'wait-duration' loaded from '/app/src/lib/chaos_ssh_driver.py'
[36m[2026-01-05 16:29:24 DEBUG] [__init__:101] ###############################################################################
[36m[2026-01-05 16:29:24 DEBUG] [__init__:102] Running command 'run'
[36m[2026-01-05 16:29:24 DEBUG] [__init__:106] Using settings file '/root/.chaostoolkit/settings.yaml'
[36m[2026-01-05 16:29:24 DEBUG] [settings:31] The Chaos Toolkit settings file could not be found at '/root/.chaostoolkit/settings.yaml'.
[36m[2026-01-05 16:29:24 DEBUG] [__init__:472] No controls to apply on 'loader'
[36m[2026-01-05 16:29:24 DEBUG] [__init__:472] No controls to apply on 'loader'
[36m[2026-01-05 16:29:24 DEBUG] [caching:24] Building activity cache...
[36m[2026-01-05 16:29:24 DEBUG] [caching:35] Cached 2 activities
[32m[2026-01-05 16:29:24 INFO] [experiment:59] Validating the experiment's syntax
[36m[2026-01-05 16:29:24 DEBUG] [configuration:64] Loading configuration...
[36m[2026-01-05 16:29:24 DEBUG] [secret:79] Loading secrets...
[36m[2026-01-05 16:29:24 DEBUG] [secret:104] Done loading secrets
[32m[2026-01-05 16:29:24 INFO] [experiment:112] Experiment looks valid
[36m[2026-01-05 16:29:24 DEBUG] [caching:42] Clearing activities cache
[36m[2026-01-05 16:29:24 DEBUG] [run:224] Runtime strategies: hypothesis - default / rollbacks - default
[36m[2026-01-05 16:29:24 DEBUG] [caching:24] Building activity cache...
[36m[2026-01-05 16:29:24 DEBUG] [caching:35] Cached 2 activities
[36m[2026-01-05 16:29:24 DEBUG] [configuration:64] Loading configuration...
[36m[2026-01-05 16:29:24 DEBUG] [secret:79] Loading secrets...
[36m[2026-01-05 16:29:24 DEBUG] [secret:104] Done loading secrets
[36m[2026-01-05 16:29:24 DEBUG] [configuration:161] Loading dynamic configuration...
[32m[2026-01-05 16:29:24 INFO] [run:440] Running experiment: Partição de Rede
[36m[2026-01-05 16:29:24 DEBUG] [__init__:67] Initializing controls
[32m[2026-01-05 16:29:24 INFO] [run:471] Steady-state strategy: default
[32m[2026-01-05 16:29:24 INFO] [run:477] Rollbacks strategy: default
[32m[2026-01-05 16:29:24 INFO] [run:485] No steady state hypothesis defined. That's ok, just exploring.
[36m[2026-01-05 16:29:24 DEBUG] [__init__:472] No controls to apply on 'experiment'
[32m[2026-01-05 16:29:24 INFO] [run:778] Playing your experiment's method now...
[36m[2026-01-05 16:29:24 DEBUG] [__init__:472] No controls to apply on 'method'
[36m[2026-01-05 16:29:24 DEBUG] [__init__:472] No controls to apply on 'activity'
[32m[2026-01-05 16:29:24 INFO] [activity:232] Action: inject-network-partition
[36m[2026-01-05 16:29:24 DEBUG] [python:33] Activity 'inject-network-partition' loaded from '/app/src/lib/chaos_ssh_driver.py'
[36m[2026-01-05 16:29:24 DEBUG] [activity:260]   => succeeded with '192.168.1.72'
[36m[2026-01-05 16:29:24 DEBUG] [__init__:472] No controls to apply on 'activity'
[36m[2026-01-05 16:29:24 DEBUG] [__init__:472] No controls to apply on 'activity'
[32m[2026-01-05 16:29:24 INFO] [activity:232] Action: wait-duration
[36m[2026-01-05 16:29:24 DEBUG] [python:33] Activity 'wait-duration' loaded from '/app/src/lib/chaos_ssh_driver.py'
[36m[2026-01-05 16:29:26 DEBUG] [__init__:101] ###############################################################################
[36m[2026-01-05 16:29:26 DEBUG] [__init__:102] Running command 'run'
[36m[2026-01-05 16:29:26 DEBUG] [__init__:106] Using settings file '/root/.chaostoolkit/settings.yaml'
[36m[2026-01-05 16:29:26 DEBUG] [settings:31] The Chaos Toolkit settings file could not be found at '/root/.chaostoolkit/settings.yaml'.
[36m[2026-01-05 16:29:26 DEBUG] [__init__:472] No controls to apply on 'loader'
[36m[2026-01-05 16:29:26 DEBUG] [__init__:472] No controls to apply on 'loader'
[36m[2026-01-05 16:29:26 DEBUG] [caching:24] Building activity cache...
[36m[2026-01-05 16:29:26 DEBUG] [caching:35] Cached 2 activities
[32m[2026-01-05 16:29:26 INFO] [experiment:59] Validating the experiment's syntax
[36m[2026-01-05 16:29:26 DEBUG] [configuration:64] Loading configuration...
[36m[2026-01-05 16:29:26 DEBUG] [secret:79] Loading secrets...
[36m[2026-01-05 16:29:26 DEBUG] [secret:104] Done loading secrets
[32m[2026-01-05 16:29:26 INFO] [experiment:112] Experiment looks valid
[36m[2026-01-05 16:29:26 DEBUG] [caching:42] Clearing activities cache
[36m[2026-01-05 16:29:26 DEBUG] [run:224] Runtime strategies: hypothesis - default / rollbacks - default
[36m[2026-01-05 16:29:26 DEBUG] [caching:24] Building activity cache...
[36m[2026-01-05 16:29:26 DEBUG] [caching:35] Cached 2 activities
[36m[2026-01-05 16:29:26 DEBUG] [configuration:64] Loading configuration...
[36m[2026-01-05 16:29:26 DEBUG] [secret:79] Loading secrets...
[36m[2026-01-05 16:29:26 DEBUG] [secret:104] Done loading secrets
[36m[2026-01-05 16:29:26 DEBUG] [configuration:161] Loading dynamic configuration...
[32m[2026-01-05 16:29:26 INFO] [run:440] Running experiment: Falha de DNS
[36m[2026-01-05 16:29:26 DEBUG] [__init__:67] Initializing controls
[32m[2026-01-05 16:29:26 INFO] [run:471] Steady-state strategy: default
[32m[2026-01-05 16:29:26 INFO] [run:477] Rollbacks strategy: default
[32m[2026-01-05 16:29:26 INFO] [run:485] No steady state hypothesis defined. That's ok, just exploring.
[36m[2026-01-05 16:29:26 DEBUG] [__init__:472] No controls to apply on 'experiment'
[32m[2026-01-05 16:29:26 INFO] [run:778] Playing your experiment's method now...
[36m[2026-01-05 16:29:26 DEBUG] [__init__:472] No controls to apply on 'method'
[36m[2026-01-05 16:29:26 DEBUG] [__init__:472] No controls to apply on 'activity'
[32m[2026-01-05 16:29:26 INFO] [activity:232] Action: inject-dns-failure
[36m[2026-01-05 16:29:26 DEBUG] [python:33] Activity 'inject-dns-failure' loaded from '/app/src/lib/chaos_ssh_driver.py'
[36m[2026-01-05 16:29:26 DEBUG] [activity:260]   => succeeded with 'dns_failure'
[36m[2026-01-05 16:29:26 DEBUG] [__init__:472] No controls to apply on 'activity'
[36m[2026-01-05 16:29:26 DEBUG] [__init__:472] No controls to apply on 'activity'
[32m[2026-01-05 16:29:26 INFO] [activity:232] Action: wait-duration
[36m[2026-01-05 16:29:26 DEBUG] [python:33] Activity 'wait-duration' loaded from '/app/src/lib/chaos_ssh_driver.py'
[36m[2026-01-05 16:29:50 DEBUG] [activity:262]   => succeeded without any result value
[36m[2026-01-05 16:29:50 DEBUG] [__init__:472] No controls to apply on 'activity'
[36m[2026-01-05 16:29:50 DEBUG] [__init__:472] No controls to apply on 'method'
[32m[2026-01-05 16:29:50 INFO] [run:1072] Let's rollback...
[36m[2026-01-05 16:29:50 DEBUG] [__init__:472] No controls to apply on 'rollback'
[32m[2026-01-05 16:29:50 INFO] [rollback:36] Rollback: recover-network-partition
[36m[2026-01-05 16:29:50 DEBUG] [__init__:472] No controls to apply on 'activity'
[32m[2026-01-05 16:29:50 INFO] [activity:232] Action: recover-network-partition
[36m[2026-01-05 16:29:50 DEBUG] [python:33] Activity 'recover-network-partition' loaded from '/app/src/lib/chaos_ssh_driver.py'
[36m[2026-01-05 16:29:51 DEBUG] [activity:262]   => succeeded without any result value
[36m[2026-01-05 16:29:51 DEBUG] [__init__:472] No controls to apply on 'activity'
[36m[2026-01-05 16:29:51 DEBUG] [__init__:472] No controls to apply on 'rollback'
[32m[2026-01-05 16:29:51 INFO] [run:598] Experiment ended with status: completed
[36m[2026-01-05 16:29:51 DEBUG] [__init__:472] No controls to apply on 'experiment'
[36m[2026-01-05 16:29:51 DEBUG] [__init__:106] Cleaning up controls
[36m[2026-01-05 16:29:51 DEBUG] [caching:42] Clearing activities cache
[36m[2026-01-05 16:29:52 DEBUG] [activity:262]   => succeeded without any result value
[36m[2026-01-05 16:29:52 DEBUG] [__init__:472] No controls to apply on 'activity'
[36m[2026-01-05 16:29:52 DEBUG] [__init__:472] No controls to apply on 'method'
[32m[2026-01-05 16:29:52 INFO] [run:1072] Let's rollback...
[36m[2026-01-05 16:29:52 DEBUG] [__init__:472] No controls to apply on 'rollback'
[32m[2026-01-05 16:29:52 INFO] [rollback:36] Rollback: recover-dns-failure
[36m[2026-01-05 16:29:52 DEBUG] [__init__:472] No controls to apply on 'activity'
[32m[2026-01-05 16:29:52 INFO] [activity:232] Action: recover-dns-failure
[36m[2026-01-05 16:29:52 DEBUG] [python:33] Activity 'recover-dns-failure' loaded from '/app/src/lib/chaos_ssh_driver.py'
[36m[2026-01-05 16:29:53 DEBUG] [activity:262]   => succeeded without any result value
[36m[2026-01-05 16:29:53 DEBUG] [__init__:472] No controls to apply on 'activity'
[36m[2026-01-05 16:29:53 DEBUG] [__init__:472] No controls to apply on 'rollback'
[32m[2026-01-05 16:29:53 INFO] [run:598] Experiment ended with status: completed
[36m[2026-01-05 16:29:53 DEBUG] [__init__:472] No controls to apply on 'experiment'
[36m[2026-01-05 16:29:53 DEBUG] [__init__:106] Cleaning up controls
[36m[2026-01-05 16:29:53 DEBUG] [caching:42] Clearing activities cache
[36m[2026-01-05 16:29:54 DEBUG] [activity:262]   => succeeded without any result value
[36m[2026-01-05 16:29:54 DEBUG] [__init__:472] No controls to apply on 'activity'
[36m[2026-01-05 16:29:54 DEBUG] [__init__:472] No controls to apply on 'method'
[32m[2026-01-05 16:29:54 INFO] [run:1072] Let's rollback...
[36m[2026-01-05 16:29:54 DEBUG] [__init__:472] No controls to apply on 'rollback'
[32m[2026-01-05 16:29:54 INFO] [rollback:36] Rollback: recover-network-partition
[36m[2026-01-05 16:29:54 DEBUG] [__init__:472] No controls to apply on 'activity'
[32m[2026-01-05 16:29:54 INFO] [activity:232] Action: recover-network-partition
[36m[2026-01-05 16:29:54 DEBUG] [python:33] Activity 'recover-network-partition' loaded from '/app/src/lib/chaos_ssh_driver.py'
[36m[2026-01-05 16:29:55 DEBUG] [activity:262]   => succeeded without any result value
[36m[2026-01-05 16:29:55 DEBUG] [__init__:472] No controls to apply on 'activity'
[36m[2026-01-05 16:29:55 DEBUG] [__init__:472] No controls to apply on 'rollback'
[32m[2026-01-05 16:29:55 INFO] [run:598] Experiment ended with status: completed
[36m[2026-01-05 16:29:55 DEBUG] [__init__:472] No controls to apply on 'experiment'
[36m[2026-01-05 16:29:55 DEBUG] [__init__:106] Cleaning up controls
[36m[2026-01-05 16:29:55 DEBUG] [caching:42] Clearing activities cache
[36m[2026-01-05 16:29:56 DEBUG] [activity:262]   => succeeded without any result value
[36m[2026-01-05 16:29:56 DEBUG] [__init__:472] No controls to apply on 'activity'
[36m[2026-01-05 16:29:56 DEBUG] [__init__:472] No controls to apply on 'method'
[32m[2026-01-05 16:29:56 INFO] [run:1072] Let's rollback...
[36m[2026-01-05 16:29:56 DEBUG] [__init__:472] No controls to apply on 'rollback'
[32m[2026-01-05 16:29:56 INFO] [rollback:36] Rollback: recover-dns-failure
[36m[2026-01-05 16:29:56 DEBUG] [__init__:472] No controls to apply on 'activity'
[32m[2026-01-05 16:29:56 INFO] [activity:232] Action: recover-dns-failure
[36m[2026-01-05 16:29:56 DEBUG] [python:33] Activity 'recover-dns-failure' loaded from '/app/src/lib/chaos_ssh_driver.py'
[36m[2026-01-05 16:29:57 DEBUG] [activity:262]   => succeeded without any result value
[36m[2026-01-05 16:29:57 DEBUG] [__init__:472] No controls to apply on 'activity'
[36m[2026-01-05 16:29:57 DEBUG] [__init__:472] No controls to apply on 'rollback'
[32m[2026-01-05 16:29:57 INFO] [run:598] Experiment ended with status: completed
[36m[2026-01-05 16:29:57 DEBUG] [__init__:472] No controls to apply on 'experiment'
[36m[2026-01-05 16:29:57 DEBUG] [__init__:106] Cleaning up controls
[36m[2026-01-05 16:29:57 DEBUG] [caching:42] Clearing activities cache
[36m[2026-01-05 16:31:06 DEBUG] [__init__:101] ###############################################################################
[36m[2026-01-05 16:31:06 DEBUG] [__init__:102] Running command 'run'
[36m[2026-01-05 16:31:06 DEBUG] [__init__:106] Using settings file '/root/.chaostoolkit/settings.yaml'
[36m[2026-01-05 16:31:06 DEBUG] [settings:31] The Chaos Toolkit settings file could not be found at '/root/.chaostoolkit/settings.yaml'.
[36m[2026-01-05 16:31:06 DEBUG] [__init__:472] No controls to apply on 'loader'
[36m[2026-01-05 16:31:06 DEBUG] [__init__:472] No controls to apply on 'loader'
[36m[2026-01-05 16:31:06 DEBUG] [caching:24] Building activity cache...
[36m[2026-01-05 16:31:06 DEBUG] [caching:35] Cached 2 activities
[32m[2026-01-05 16:31:06 INFO] [experiment:59] Validating the experiment's syntax
[36m[2026-01-05 16:31:06 DEBUG] [configuration:64] Loading configuration...
[36m[2026-01-05 16:31:06 DEBUG] [secret:79] Loading secrets...
[36m[2026-01-05 16:31:06 DEBUG] [secret:104] Done loading secrets
[32m[2026-01-05 16:31:06 INFO] [experiment:112] Experiment looks valid
[36m[2026-01-05 16:31:06 DEBUG] [caching:42] Clearing activities cache
[36m[2026-01-05 16:31:06 DEBUG] [run:224] Runtime strategies: hypothesis - default / rollbacks - default
[36m[2026-01-05 16:31:06 DEBUG] [caching:24] Building activity cache...
[36m[2026-01-05 16:31:06 DEBUG] [caching:35] Cached 2 activities
[36m[2026-01-05 16:31:06 DEBUG] [configuration:64] Loading configuration...
[36m[2026-01-05 16:31:06 DEBUG] [secret:79] Loading secrets...
[36m[2026-01-05 16:31:06 DEBUG] [secret:104] Done loading secrets
[36m[2026-01-05 16:31:06 DEBUG] [configuration:161] Loading dynamic configuration...
[32m[2026-01-05 16:31:06 INFO] [run:440] Running experiment: Partição de Rede
[36m[2026-01-05 16:31:06 DEBUG] [__init__:67] Initializing controls
[32m[2026-01-05 16:31:06 INFO] [run:471] Steady-state strategy: default
[32m[2026-01-05 16:31:06 INFO] [run:477] Rollbacks strategy: default
[32m[2026-01-05 16:31:06 INFO] [run:485] No steady state hypothesis defined. That's ok, just exploring.
[36m[2026-01-05 16:31:06 DEBUG] [__init__:472] No controls to apply on 'experiment'
[32m[2026-01-05 16:31:06 INFO] [run:778] Playing your experiment's method now...
[36m[2026-01-05 16:31:06 DEBUG] [__init__:472] No controls to apply on 'method'
[36m[2026-01-05 16:31:06 DEBUG] [__init__:472] No controls to apply on 'activity'
[32m[2026-01-05 16:31:06 INFO] [activity:232] Action: inject-network-partition
[36m[2026-01-05 16:31:06 DEBUG] [python:33] Activity 'inject-network-partition' loaded from '/app/src/lib/chaos_ssh_driver.py'
[36m[2026-01-05 16:31:07 DEBUG] [activity:260]   => succeeded with '192.168.1.72'
[36m[2026-01-05 16:31:07 DEBUG] [__init__:472] No controls to apply on 'activity'
[36m[2026-01-05 16:31:07 DEBUG] [__init__:472] No controls to apply on 'activity'
[32m[2026-01-05 16:31:07 INFO] [activity:232] Action: wait-duration
[36m[2026-01-05 16:31:07 DEBUG] [python:33] Activity 'wait-duration' loaded from '/app/src/lib/chaos_ssh_driver.py'
[36m[2026-01-05 16:31:08 DEBUG] [__init__:101] ###############################################################################
[36m[2026-01-05 16:31:08 DEBUG] [__init__:102] Running command 'run'
[36m[2026-01-05 16:31:08 DEBUG] [__init__:106] Using settings file '/root/.chaostoolkit/settings.yaml'
[36m[2026-01-05 16:31:08 DEBUG] [settings:31] The Chaos Toolkit settings file could not be found at '/root/.chaostoolkit/settings.yaml'.
[36m[2026-01-05 16:31:08 DEBUG] [__init__:472] No controls to apply on 'loader'
[36m[2026-01-05 16:31:08 DEBUG] [__init__:472] No controls to apply on 'loader'
[36m[2026-01-05 16:31:08 DEBUG] [caching:24] Building activity cache...
[36m[2026-01-05 16:31:08 DEBUG] [caching:35] Cached 2 activities
[32m[2026-01-05 16:31:08 INFO] [experiment:59] Validating the experiment's syntax
[36m[2026-01-05 16:31:08 DEBUG] [configuration:64] Loading configuration...
[36m[2026-01-05 16:31:08 DEBUG] [secret:79] Loading secrets...
[36m[2026-01-05 16:31:08 DEBUG] [secret:104] Done loading secrets
[32m[2026-01-05 16:31:08 INFO] [experiment:112] Experiment looks valid
[36m[2026-01-05 16:31:08 DEBUG] [caching:42] Clearing activities cache
[36m[2026-01-05 16:31:08 DEBUG] [run:224] Runtime strategies: hypothesis - default / rollbacks - default
[36m[2026-01-05 16:31:08 DEBUG] [caching:24] Building activity cache...
[36m[2026-01-05 16:31:08 DEBUG] [caching:35] Cached 2 activities
[36m[2026-01-05 16:31:08 DEBUG] [configuration:64] Loading configuration...
[36m[2026-01-05 16:31:08 DEBUG] [secret:79] Loading secrets...
[36m[2026-01-05 16:31:08 DEBUG] [secret:104] Done loading secrets
[36m[2026-01-05 16:31:08 DEBUG] [configuration:161] Loading dynamic configuration...
[32m[2026-01-05 16:31:08 INFO] [run:440] Running experiment: Falha de DNS
[36m[2026-01-05 16:31:08 DEBUG] [__init__:67] Initializing controls
[32m[2026-01-05 16:31:08 INFO] [run:471] Steady-state strategy: default
[32m[2026-01-05 16:31:08 INFO] [run:477] Rollbacks strategy: default
[32m[2026-01-05 16:31:08 INFO] [run:485] No steady state hypothesis defined. That's ok, just exploring.
[36m[2026-01-05 16:31:08 DEBUG] [__init__:472] No controls to apply on 'experiment'
[32m[2026-01-05 16:31:08 INFO] [run:778] Playing your experiment's method now...
[36m[2026-01-05 16:31:08 DEBUG] [__init__:472] No controls to apply on 'method'
[36m[2026-01-05 16:31:08 DEBUG] [__init__:472] No controls to apply on 'activity'
[32m[2026-01-05 16:31:08 INFO] [activity:232] Action: inject-dns-failure
[36m[2026-01-05 16:31:08 DEBUG] [python:33] Activity 'inject-dns-failure' loaded from '/app/src/lib/chaos_ssh_driver.py'
[36m[2026-01-05 16:31:09 DEBUG] [activity:260]   => succeeded with 'dns_failure'
[36m[2026-01-05 16:31:09 DEBUG] [__init__:472] No controls to apply on 'activity'
[36m[2026-01-05 16:31:09 DEBUG] [__init__:472] No controls to apply on 'activity'
[32m[2026-01-05 16:31:09 INFO] [activity:232] Action: wait-duration
[36m[2026-01-05 16:31:09 DEBUG] [python:33] Activity 'wait-duration' loaded from '/app/src/lib/chaos_ssh_driver.py'
[36m[2026-01-05 16:31:11 DEBUG] [__init__:101] ###############################################################################
[36m[2026-01-05 16:31:11 DEBUG] [__init__:102] Running command 'run'
[36m[2026-01-05 16:31:11 DEBUG] [__init__:106] Using settings file '/root/.chaostoolkit/settings.yaml'
[36m[2026-01-05 16:31:11 DEBUG] [settings:31] The Chaos Toolkit settings file could not be found at '/root/.chaostoolkit/settings.yaml'.
[36m[2026-01-05 16:31:11 DEBUG] [__init__:472] No controls to apply on 'loader'
[36m[2026-01-05 16:31:11 DEBUG] [__init__:472] No controls to apply on 'loader'
[36m[2026-01-05 16:31:11 DEBUG] [caching:24] Building activity cache...
[36m[2026-01-05 16:31:11 DEBUG] [caching:35] Cached 2 activities
[32m[2026-01-05 16:31:11 INFO] [experiment:59] Validating the experiment's syntax
[36m[2026-01-05 16:31:11 DEBUG] [configuration:64] Loading configuration...
[36m[2026-01-05 16:31:11 DEBUG] [secret:79] Loading secrets...
[36m[2026-01-05 16:31:11 DEBUG] [secret:104] Done loading secrets
[32m[2026-01-05 16:31:11 INFO] [experiment:112] Experiment looks valid
[36m[2026-01-05 16:31:11 DEBUG] [caching:42] Clearing activities cache
[36m[2026-01-05 16:31:11 DEBUG] [run:224] Runtime strategies: hypothesis - default / rollbacks - default
[36m[2026-01-05 16:31:11 DEBUG] [caching:24] Building activity cache...
[36m[2026-01-05 16:31:11 DEBUG] [caching:35] Cached 2 activities
[36m[2026-01-05 16:31:11 DEBUG] [configuration:64] Loading configuration...
[36m[2026-01-05 16:31:11 DEBUG] [secret:79] Loading secrets...
[36m[2026-01-05 16:31:11 DEBUG] [secret:104] Done loading secrets
[36m[2026-01-05 16:31:11 DEBUG] [configuration:161] Loading dynamic configuration...
[32m[2026-01-05 16:31:11 INFO] [run:440] Running experiment: Partição de Rede
[36m[2026-01-05 16:31:11 DEBUG] [__init__:67] Initializing controls
[32m[2026-01-05 16:31:11 INFO] [run:471] Steady-state strategy: default
[32m[2026-01-05 16:31:11 INFO] [run:477] Rollbacks strategy: default
[32m[2026-01-05 16:31:11 INFO] [run:485] No steady state hypothesis defined. That's ok, just exploring.
[36m[2026-01-05 16:31:11 DEBUG] [__init__:472] No controls to apply on 'experiment'
[32m[2026-01-05 16:31:11 INFO] [run:778] Playing your experiment's method now...
[36m[2026-01-05 16:31:11 DEBUG] [__init__:472] No controls to apply on 'method'
[36m[2026-01-05 16:31:11 DEBUG] [__init__:472] No controls to apply on 'activity'
[32m[2026-01-05 16:31:11 INFO] [activity:232] Action: inject-network-partition
[36m[2026-01-05 16:31:11 DEBUG] [python:33] Activity 'inject-network-partition' loaded from '/app/src/lib/chaos_ssh_driver.py'
[36m[2026-01-05 16:31:11 DEBUG] [activity:260]   => succeeded with '192.168.1.72'
[36m[2026-01-05 16:31:11 DEBUG] [__init__:472] No controls to apply on 'activity'
[36m[2026-01-05 16:31:11 DEBUG] [__init__:472] No controls to apply on 'activity'
[32m[2026-01-05 16:31:11 INFO] [activity:232] Action: wait-duration
[36m[2026-01-05 16:31:11 DEBUG] [python:33] Activity 'wait-duration' loaded from '/app/src/lib/chaos_ssh_driver.py'
[36m[2026-01-05 16:31:13 DEBUG] [__init__:101] ###############################################################################
[36m[2026-01-05 16:31:13 DEBUG] [__init__:102] Running command 'run'
[36m[2026-01-05 16:31:13 DEBUG] [__init__:106] Using settings file '/root/.chaostoolkit/settings.yaml'
[36m[2026-01-05 16:31:13 DEBUG] [settings:31] The Chaos Toolkit settings file could not be found at '/root/.chaostoolkit/settings.yaml'.
[36m[2026-01-05 16:31:13 DEBUG] [__init__:472] No controls to apply on 'loader'
[36m[2026-01-05 16:31:13 DEBUG] [__init__:472] No controls to apply on 'loader'
[36m[2026-01-05 16:31:13 DEBUG] [caching:24] Building activity cache...
[36m[2026-01-05 16:31:13 DEBUG] [caching:35] Cached 2 activities
[32m[2026-01-05 16:31:13 INFO] [experiment:59] Validating the experiment's syntax
[36m[2026-01-05 16:31:13 DEBUG] [configuration:64] Loading configuration...
[36m[2026-01-05 16:31:13 DEBUG] [secret:79] Loading secrets...
[36m[2026-01-05 16:31:13 DEBUG] [secret:104] Done loading secrets
[32m[2026-01-05 16:31:13 INFO] [experiment:112] Experiment looks valid
[36m[2026-01-05 16:31:13 DEBUG] [caching:42] Clearing activities cache
[36m[2026-01-05 16:31:13 DEBUG] [run:224] Runtime strategies: hypothesis - default / rollbacks - default
[36m[2026-01-05 16:31:13 DEBUG] [caching:24] Building activity cache...
[36m[2026-01-05 16:31:13 DEBUG] [caching:35] Cached 2 activities
[36m[2026-01-05 16:31:13 DEBUG] [configuration:64] Loading configuration...
[36m[2026-01-05 16:31:13 DEBUG] [secret:79] Loading secrets...
[36m[2026-01-05 16:31:13 DEBUG] [secret:104] Done loading secrets
[36m[2026-01-05 16:31:13 DEBUG] [configuration:161] Loading dynamic configuration...
[32m[2026-01-05 16:31:13 INFO] [run:440] Running experiment: Falha de DNS
[36m[2026-01-05 16:31:13 DEBUG] [__init__:67] Initializing controls
[32m[2026-01-05 16:31:13 INFO] [run:471] Steady-state strategy: default
[32m[2026-01-05 16:31:13 INFO] [run:477] Rollbacks strategy: default
[32m[2026-01-05 16:31:13 INFO] [run:485] No steady state hypothesis defined. That's ok, just exploring.
[36m[2026-01-05 16:31:13 DEBUG] [__init__:472] No controls to apply on 'experiment'
[32m[2026-01-05 16:31:13 INFO] [run:778] Playing your experiment's method now...
[36m[2026-01-05 16:31:13 DEBUG] [__init__:472] No controls to apply on 'method'
[36m[2026-01-05 16:31:13 DEBUG] [__init__:472] No controls to apply on 'activity'
[32m[2026-01-05 16:31:13 INFO] [activity:232] Action: inject-dns-failure
[36m[2026-01-05 16:31:13 DEBUG] [python:33] Activity 'inject-dns-failure' loaded from '/app/src/lib/chaos_ssh_driver.py'
[36m[2026-01-05 16:31:13 DEBUG] [activity:260]   => succeeded with 'dns_failure'
[36m[2026-01-05 16:31:13 DEBUG] [__init__:472] No controls to apply on 'activity'
[36m[2026-01-05 16:31:13 DEBUG] [__init__:472] No controls to apply on 'activity'
[32m[2026-01-05 16:31:13 INFO] [activity:232] Action: wait-duration
[36m[2026-01-05 16:31:13 DEBUG] [python:33] Activity 'wait-duration' loaded from '/app/src/lib/chaos_ssh_driver.py'
[36m[2026-01-05 16:31:37 DEBUG] [activity:262]   => succeeded without any result value
[36m[2026-01-05 16:31:37 DEBUG] [__init__:472] No controls to apply on 'activity'
[36m[2026-01-05 16:31:37 DEBUG] [__init__:472] No controls to apply on 'method'
[32m[2026-01-05 16:31:37 INFO] [run:1072] Let's rollback...
[36m[2026-01-05 16:31:37 DEBUG] [__init__:472] No controls to apply on 'rollback'
[32m[2026-01-05 16:31:37 INFO] [rollback:36] Rollback: recover-network-partition
[36m[2026-01-05 16:31:37 DEBUG] [__init__:472] No controls to apply on 'activity'
[32m[2026-01-05 16:31:37 INFO] [activity:232] Action: recover-network-partition
[36m[2026-01-05 16:31:37 DEBUG] [python:33] Activity 'recover-network-partition' loaded from '/app/src/lib/chaos_ssh_driver.py'
[36m[2026-01-05 16:31:37 DEBUG] [activity:262]   => succeeded without any result value
[36m[2026-01-05 16:31:37 DEBUG] [__init__:472] No controls to apply on 'activity'
[36m[2026-01-05 16:31:37 DEBUG] [__init__:472] No controls to apply on 'rollback'
[32m[2026-01-05 16:31:37 INFO] [run:598] Experiment ended with status: completed
[36m[2026-01-05 16:31:37 DEBUG] [__init__:472] No controls to apply on 'experiment'
[36m[2026-01-05 16:31:37 DEBUG] [__init__:106] Cleaning up controls
[36m[2026-01-05 16:31:37 DEBUG] [caching:42] Clearing activities cache
[36m[2026-01-05 16:31:39 DEBUG] [activity:262]   => succeeded without any result value
[36m[2026-01-05 16:31:39 DEBUG] [__init__:472] No controls to apply on 'activity'
[36m[2026-01-05 16:31:39 DEBUG] [__init__:472] No controls to apply on 'method'
[32m[2026-01-05 16:31:39 INFO] [run:1072] Let's rollback...
[36m[2026-01-05 16:31:39 DEBUG] [__init__:472] No controls to apply on 'rollback'
[32m[2026-01-05 16:31:39 INFO] [rollback:36] Rollback: recover-dns-failure
[36m[2026-01-05 16:31:39 DEBUG] [__init__:472] No controls to apply on 'activity'
[32m[2026-01-05 16:31:39 INFO] [activity:232] Action: recover-dns-failure
[36m[2026-01-05 16:31:39 DEBUG] [python:33] Activity 'recover-dns-failure' loaded from '/app/src/lib/chaos_ssh_driver.py'
[36m[2026-01-05 16:31:39 DEBUG] [activity:262]   => succeeded without any result value
[36m[2026-01-05 16:31:39 DEBUG] [__init__:472] No controls to apply on 'activity'
[36m[2026-01-05 16:31:39 DEBUG] [__init__:472] No controls to apply on 'rollback'
[32m[2026-01-05 16:31:39 INFO] [run:598] Experiment ended with status: completed
[36m[2026-01-05 16:31:39 DEBUG] [__init__:472] No controls to apply on 'experiment'
[36m[2026-01-05 16:31:39 DEBUG] [__init__:106] Cleaning up controls
[36m[2026-01-05 16:31:39 DEBUG] [caching:42] Clearing activities cache
[36m[2026-01-05 16:31:41 DEBUG] [activity:262]   => succeeded without any result value
[36m[2026-01-05 16:31:41 DEBUG] [__init__:472] No controls to apply on 'activity'
[36m[2026-01-05 16:31:41 DEBUG] [__init__:472] No controls to apply on 'method'
[32m[2026-01-05 16:31:41 INFO] [run:1072] Let's rollback...
[36m[2026-01-05 16:31:41 DEBUG] [__init__:472] No controls to apply on 'rollback'
[32m[2026-01-05 16:31:41 INFO] [rollback:36] Rollback: recover-network-partition
[36m[2026-01-05 16:31:41 DEBUG] [__init__:472] No controls to apply on 'activity'
[32m[2026-01-05 16:31:41 INFO] [activity:232] Action: recover-network-partition
[36m[2026-01-05 16:31:41 DEBUG] [python:33] Activity 'recover-network-partition' loaded from '/app/src/lib/chaos_ssh_driver.py'
[36m[2026-01-05 16:31:41 DEBUG] [__init__:101] ###############################################################################
[36m[2026-01-05 16:31:41 DEBUG] [__init__:102] Running command 'run'
[36m[2026-01-05 16:31:41 DEBUG] [__init__:106] Using settings file '/root/.chaostoolkit/settings.yaml'
[36m[2026-01-05 16:31:41 DEBUG] [settings:31] The Chaos Toolkit settings file could not be found at '/root/.chaostoolkit/settings.yaml'.
[36m[2026-01-05 16:31:41 DEBUG] [__init__:472] No controls to apply on 'loader'
[36m[2026-01-05 16:31:41 DEBUG] [__init__:472] No controls to apply on 'loader'
[36m[2026-01-05 16:31:41 DEBUG] [caching:24] Building activity cache...
[36m[2026-01-05 16:31:41 DEBUG] [caching:35] Cached 2 activities
[32m[2026-01-05 16:31:41 INFO] [experiment:59] Validating the experiment's syntax
[36m[2026-01-05 16:31:41 DEBUG] [configuration:64] Loading configuration...
[36m[2026-01-05 16:31:41 DEBUG] [secret:79] Loading secrets...
[36m[2026-01-05 16:31:41 DEBUG] [secret:104] Done loading secrets
[32m[2026-01-05 16:31:41 INFO] [experiment:112] Experiment looks valid
[36m[2026-01-05 16:31:41 DEBUG] [caching:42] Clearing activities cache
[36m[2026-01-05 16:31:41 DEBUG] [run:224] Runtime strategies: hypothesis - default / rollbacks - default
[36m[2026-01-05 16:31:41 DEBUG] [caching:24] Building activity cache...
[36m[2026-01-05 16:31:41 DEBUG] [caching:35] Cached 2 activities
[36m[2026-01-05 16:31:41 DEBUG] [configuration:64] Loading configuration...
[36m[2026-01-05 16:31:41 DEBUG] [secret:79] Loading secrets...
[36m[2026-01-05 16:31:41 DEBUG] [secret:104] Done loading secrets
[36m[2026-01-05 16:31:41 DEBUG] [configuration:161] Loading dynamic configuration...
[32m[2026-01-05 16:31:41 INFO] [run:440] Running experiment: Partição de Rede
[36m[2026-01-05 16:31:41 DEBUG] [__init__:67] Initializing controls
[32m[2026-01-05 16:31:41 INFO] [run:471] Steady-state strategy: default
[32m[2026-01-05 16:31:41 INFO] [run:477] Rollbacks strategy: default
[32m[2026-01-05 16:31:41 INFO] [run:485] No steady state hypothesis defined. That's ok, just exploring.
[36m[2026-01-05 16:31:41 DEBUG] [__init__:472] No controls to apply on 'experiment'
[32m[2026-01-05 16:31:41 INFO] [run:778] Playing your experiment's method now...
[36m[2026-01-05 16:31:41 DEBUG] [__init__:472] No controls to apply on 'method'
[36m[2026-01-05 16:31:41 DEBUG] [__init__:472] No controls to apply on 'activity'
[32m[2026-01-05 16:31:41 INFO] [activity:232] Action: inject-network-partition
[36m[2026-01-05 16:31:41 DEBUG] [python:33] Activity 'inject-network-partition' loaded from '/app/src/lib/chaos_ssh_driver.py'
[36m[2026-01-05 16:31:41 DEBUG] [activity:262]   => succeeded without any result value
[36m[2026-01-05 16:31:41 DEBUG] [__init__:472] No controls to apply on 'activity'
[36m[2026-01-05 16:31:41 DEBUG] [__init__:472] No controls to apply on 'rollback'
[32m[2026-01-05 16:31:41 INFO] [run:598] Experiment ended with status: completed
[36m[2026-01-05 16:31:41 DEBUG] [__init__:472] No controls to apply on 'experiment'
[36m[2026-01-05 16:31:41 DEBUG] [__init__:106] Cleaning up controls
[36m[2026-01-05 16:31:41 DEBUG] [caching:42] Clearing activities cache
[36m[2026-01-05 16:31:43 DEBUG] [activity:262]   => succeeded without any result value
[36m[2026-01-05 16:31:43 DEBUG] [__init__:472] No controls to apply on 'activity'
[36m[2026-01-05 16:31:43 DEBUG] [__init__:472] No controls to apply on 'method'
[32m[2026-01-05 16:31:43 INFO] [run:1072] Let's rollback...
[36m[2026-01-05 16:31:43 DEBUG] [__init__:472] No controls to apply on 'rollback'
[32m[2026-01-05 16:31:43 INFO] [rollback:36] Rollback: recover-dns-failure
[36m[2026-01-05 16:31:43 DEBUG] [__init__:472] No controls to apply on 'activity'
[32m[2026-01-05 16:31:43 INFO] [activity:232] Action: recover-dns-failure
[36m[2026-01-05 16:31:43 DEBUG] [python:33] Activity 'recover-dns-failure' loaded from '/app/src/lib/chaos_ssh_driver.py'
[36m[2026-01-05 16:31:43 DEBUG] [__init__:101] ###############################################################################
[36m[2026-01-05 16:31:43 DEBUG] [__init__:102] Running command 'run'
[36m[2026-01-05 16:31:43 DEBUG] [__init__:106] Using settings file '/root/.chaostoolkit/settings.yaml'
[36m[2026-01-05 16:31:43 DEBUG] [settings:31] The Chaos Toolkit settings file could not be found at '/root/.chaostoolkit/settings.yaml'.
[36m[2026-01-05 16:31:43 DEBUG] [__init__:472] No controls to apply on 'loader'
[36m[2026-01-05 16:31:43 DEBUG] [__init__:472] No controls to apply on 'loader'
[36m[2026-01-05 16:31:43 DEBUG] [caching:24] Building activity cache...
[36m[2026-01-05 16:31:43 DEBUG] [caching:35] Cached 2 activities
[32m[2026-01-05 16:31:43 INFO] [experiment:59] Validating the experiment's syntax
[36m[2026-01-05 16:31:43 DEBUG] [configuration:64] Loading configuration...
[36m[2026-01-05 16:31:43 DEBUG] [secret:79] Loading secrets...
[36m[2026-01-05 16:31:43 DEBUG] [secret:104] Done loading secrets
[32m[2026-01-05 16:31:43 INFO] [experiment:112] Experiment looks valid
[36m[2026-01-05 16:31:43 DEBUG] [caching:42] Clearing activities cache
[36m[2026-01-05 16:31:43 DEBUG] [run:224] Runtime strategies: hypothesis - default / rollbacks - default
[36m[2026-01-05 16:31:43 DEBUG] [caching:24] Building activity cache...
[36m[2026-01-05 16:31:43 DEBUG] [caching:35] Cached 2 activities
[36m[2026-01-05 16:31:43 DEBUG] [configuration:64] Loading configuration...
[36m[2026-01-05 16:31:43 DEBUG] [secret:79] Loading secrets...
[36m[2026-01-05 16:31:43 DEBUG] [secret:104] Done loading secrets
[36m[2026-01-05 16:31:43 DEBUG] [configuration:161] Loading dynamic configuration...
[32m[2026-01-05 16:31:43 INFO] [run:440] Running experiment: Falha de DNS
[36m[2026-01-05 16:31:43 DEBUG] [__init__:67] Initializing controls
[32m[2026-01-05 16:31:43 INFO] [run:471] Steady-state strategy: default
[32m[2026-01-05 16:31:43 INFO] [run:477] Rollbacks strategy: default
[32m[2026-01-05 16:31:43 INFO] [run:485] No steady state hypothesis defined. That's ok, just exploring.
[36m[2026-01-05 16:31:43 DEBUG] [__init__:472] No controls to apply on 'experiment'
[32m[2026-01-05 16:31:43 INFO] [run:778] Playing your experiment's method now...
[36m[2026-01-05 16:31:43 DEBUG] [__init__:472] No controls to apply on 'method'
[36m[2026-01-05 16:31:43 DEBUG] [__init__:472] No controls to apply on 'activity'
[32m[2026-01-05 16:31:43 INFO] [activity:232] Action: inject-dns-failure
[36m[2026-01-05 16:31:43 DEBUG] [python:33] Activity 'inject-dns-failure' loaded from '/app/src/lib/chaos_ssh_driver.py'
[36m[2026-01-05 16:31:44 DEBUG] [activity:262]   => succeeded without any result value
[36m[2026-01-05 16:31:44 DEBUG] [__init__:472] No controls to apply on 'activity'
[36m[2026-01-05 16:31:44 DEBUG] [__init__:472] No controls to apply on 'rollback'
[32m[2026-01-05 16:31:44 INFO] [run:598] Experiment ended with status: completed
[36m[2026-01-05 16:31:44 DEBUG] [__init__:472] No controls to apply on 'experiment'
[36m[2026-01-05 16:31:44 DEBUG] [__init__:106] Cleaning up controls
[36m[2026-01-05 16:31:44 DEBUG] [caching:42] Clearing activities cache
[36m[2026-01-05 16:31:44 DEBUG] [activity:317] Activity failed
    Traceback (most recent call last):
      File "/app/src/lib/chaos_ssh_driver.py", line 19, in run_ssh_command
        result = subprocess.run(ssh_cmd, capture_output=True, text=True, check=True, timeout=10)
      File "/usr/local/lib/python3.10/subprocess.py", line 526, in run
        raise CalledProcessError(retcode, process.args,
    subprocess.CalledProcessError: Command '['sshpass', '-p', 'sidu', 'ssh', '-o', 'StrictHostKeyChecking=no', '-o', 'UserKnownHostsFile=/dev/null', 'sidu@192.168.1.68', "echo 'sidu' | sudo -S iptables -I OUTPUT -d 192.168.1.72 -j DROP"]' returned non-zero exit status 5.
    
    During handling of the above exception, another exception occurred:
    
    Traceback (most recent call last):
      File "/app/src/lib/chaos_ssh_driver.py", line 351, in inject_network_partition
        run_ssh_command(target_host, ssh_user, cmd_out, ssh_password)
      File "/app/src/lib/chaos_ssh_driver.py", line 22, in run_ssh_command
        raise RuntimeError(f"SSH command failed: {e.stderr}")
    RuntimeError: SSH command failed: Warning: Permanently added '192.168.1.68' (ED25519) to the list of known hosts.
    Permission denied, please try again.
    
    
    During handling of the above exception, another exception occurred:
    
    Traceback (most recent call last):
      File "/usr/local/lib/python3.10/site-packages/chaoslib/provider/python.py", line 56, in run_python_activity
        return func(**arguments)
      File "/app/src/lib/chaos_ssh_driver.py", line 355, in inject_network_partition
        raise RuntimeError(f"Failed to inject network partition: {e}")
    RuntimeError: Failed to inject network partition: SSH command failed: Warning: Permanently added '192.168.1.68' (ED25519) to the list of known hosts.
    Permission denied, please try again.
    
    
    During handling of the above exception, another exception occurred:
    
    Traceback (most recent call last):
      File "/usr/local/lib/python3.10/site-packages/chaoslib/activity.py", line 310, in run_activity
        result = run_python_activity(activity, configuration, secrets)
      File "/usr/local/lib/python3.10/site-packages/chaoslib/provider/python.py", line 58, in run_python_activity
        raise ActivityFailed(
      File "/usr/local/lib/python3.10/site-packages/chaoslib/provider/python.py", line 56, in run_python_activity
        return func(**arguments)
      File "/app/src/lib/chaos_ssh_driver.py", line 355, in inject_network_partition
        raise RuntimeError(f"Failed to inject network partition: {e}")
    chaoslib.exceptions.ActivityFailed: RuntimeError: Failed to inject network partition: SSH command failed: Warning: Permanently added '192.168.1.68' (ED25519) to the list of known hosts.
    Permission denied, please try again.
[31m[2026-01-05 16:31:44 ERROR] [activity:268]   => failed: RuntimeError: Failed to inject network partition: SSH command failed: Warning: Permanently added '192.168.1.68' (ED25519) to the list of known hosts.
    Permission denied, please try again.
[36m[2026-01-05 16:31:44 DEBUG] [__init__:472] No controls to apply on 'activity'
[36m[2026-01-05 16:31:44 DEBUG] [__init__:472] No controls to apply on 'activity'
[32m[2026-01-05 16:31:44 INFO] [activity:232] Action: wait-duration
[36m[2026-01-05 16:31:44 DEBUG] [python:33] Activity 'wait-duration' loaded from '/app/src/lib/chaos_ssh_driver.py'
[36m[2026-01-05 16:31:46 DEBUG] [activity:317] Activity failed
    Traceback (most recent call last):
      File "/app/src/lib/chaos_ssh_driver.py", line 19, in run_ssh_command
        result = subprocess.run(ssh_cmd, capture_output=True, text=True, check=True, timeout=10)
      File "/usr/local/lib/python3.10/subprocess.py", line 526, in run
        raise CalledProcessError(retcode, process.args,
    subprocess.CalledProcessError: Command '['sshpass', '-p', 'sidu', 'ssh', '-o', 'StrictHostKeyChecking=no', '-o', 'UserKnownHostsFile=/dev/null', 'sidu@192.168.1.68', "echo 'sidu' | sudo -S iptables -I OUTPUT -p udp --dport 53 -j DROP"]' returned non-zero exit status 5.
    
    During handling of the above exception, another exception occurred:
    
    Traceback (most recent call last):
      File "/app/src/lib/chaos_ssh_driver.py", line 312, in inject_dns_failure
        run_ssh_command(target_host, ssh_user, cmd_udp, ssh_password)
      File "/app/src/lib/chaos_ssh_driver.py", line 22, in run_ssh_command
        raise RuntimeError(f"SSH command failed: {e.stderr}")
    RuntimeError: SSH command failed: Warning: Permanently added '192.168.1.68' (ED25519) to the list of known hosts.
    Permission denied, please try again.
    
    
    During handling of the above exception, another exception occurred:
    
    Traceback (most recent call last):
      File "/usr/local/lib/python3.10/site-packages/chaoslib/provider/python.py", line 56, in run_python_activity
        return func(**arguments)
      File "/app/src/lib/chaos_ssh_driver.py", line 316, in inject_dns_failure
        raise RuntimeError(f"Failed to inject DNS failure: {e}")
    RuntimeError: Failed to inject DNS failure: SSH command failed: Warning: Permanently added '192.168.1.68' (ED25519) to the list of known hosts.
    Permission denied, please try again.
    
    
    During handling of the above exception, another exception occurred:
    
    Traceback (most recent call last):
      File "/usr/local/lib/python3.10/site-packages/chaoslib/activity.py", line 310, in run_activity
        result = run_python_activity(activity, configuration, secrets)
      File "/usr/local/lib/python3.10/site-packages/chaoslib/provider/python.py", line 58, in run_python_activity
        raise ActivityFailed(
      File "/usr/local/lib/python3.10/site-packages/chaoslib/provider/python.py", line 56, in run_python_activity
        return func(**arguments)
      File "/app/src/lib/chaos_ssh_driver.py", line 316, in inject_dns_failure
        raise RuntimeError(f"Failed to inject DNS failure: {e}")
    chaoslib.exceptions.ActivityFailed: RuntimeError: Failed to inject DNS failure: SSH command failed: Warning: Permanently added '192.168.1.68' (ED25519) to the list of known hosts.
    Permission denied, please try again.
[31m[2026-01-05 16:31:46 ERROR] [activity:268]   => failed: RuntimeError: Failed to inject DNS failure: SSH command failed: Warning: Permanently added '192.168.1.68' (ED25519) to the list of known hosts.
    Permission denied, please try again.
[36m[2026-01-05 16:31:46 DEBUG] [__init__:472] No controls to apply on 'activity'
[36m[2026-01-05 16:31:46 DEBUG] [__init__:472] No controls to apply on 'activity'
[32m[2026-01-05 16:31:46 INFO] [activity:232] Action: wait-duration
[36m[2026-01-05 16:31:46 DEBUG] [python:33] Activity 'wait-duration' loaded from '/app/src/lib/chaos_ssh_driver.py'
[36m[2026-01-05 16:32:14 DEBUG] [activity:262]   => succeeded without any result value
[36m[2026-01-05 16:32:14 DEBUG] [__init__:472] No controls to apply on 'activity'
[36m[2026-01-05 16:32:14 DEBUG] [__init__:472] No controls to apply on 'method'
[32m[2026-01-05 16:32:14 INFO] [run:1072] Let's rollback...
[36m[2026-01-05 16:32:14 DEBUG] [__init__:472] No controls to apply on 'rollback'
[32m[2026-01-05 16:32:14 INFO] [rollback:36] Rollback: recover-network-partition
[36m[2026-01-05 16:32:14 DEBUG] [__init__:472] No controls to apply on 'activity'
[32m[2026-01-05 16:32:14 INFO] [activity:232] Action: recover-network-partition
[36m[2026-01-05 16:32:14 DEBUG] [python:33] Activity 'recover-network-partition' loaded from '/app/src/lib/chaos_ssh_driver.py'
[36m[2026-01-05 16:32:16 DEBUG] [activity:262]   => succeeded without any result value
[36m[2026-01-05 16:32:16 DEBUG] [__init__:472] No controls to apply on 'activity'
[36m[2026-01-05 16:32:16 DEBUG] [__init__:472] No controls to apply on 'method'
[32m[2026-01-05 16:32:16 INFO] [run:1072] Let's rollback...
[36m[2026-01-05 16:32:16 DEBUG] [__init__:472] No controls to apply on 'rollback'
[32m[2026-01-05 16:32:16 INFO] [rollback:36] Rollback: recover-dns-failure
[36m[2026-01-05 16:32:16 DEBUG] [__init__:472] No controls to apply on 'activity'
[32m[2026-01-05 16:32:16 INFO] [activity:232] Action: recover-dns-failure
[36m[2026-01-05 16:32:16 DEBUG] [python:33] Activity 'recover-dns-failure' loaded from '/app/src/lib/chaos_ssh_driver.py'
[36m[2026-01-05 16:32:18 DEBUG] [activity:262]   => succeeded without any result value
[36m[2026-01-05 16:32:18 DEBUG] [__init__:472] No controls to apply on 'activity'
[36m[2026-01-05 16:32:18 DEBUG] [__init__:472] No controls to apply on 'rollback'
[32m[2026-01-05 16:32:18 INFO] [run:598] Experiment ended with status: completed
[36m[2026-01-05 16:32:18 DEBUG] [__init__:472] No controls to apply on 'experiment'
[36m[2026-01-05 16:32:18 DEBUG] [__init__:106] Cleaning up controls
[36m[2026-01-05 16:32:18 DEBUG] [caching:42] Clearing activities cache
[36m[2026-01-05 16:32:20 DEBUG] [activity:262]   => succeeded without any result value
[36m[2026-01-05 16:32:20 DEBUG] [__init__:472] No controls to apply on 'activity'
[36m[2026-01-05 16:32:20 DEBUG] [__init__:472] No controls to apply on 'rollback'
[32m[2026-01-05 16:32:20 INFO] [run:598] Experiment ended with status: completed
[36m[2026-01-05 16:32:20 DEBUG] [__init__:472] No controls to apply on 'experiment'
[36m[2026-01-05 16:32:20 DEBUG] [__init__:106] Cleaning up controls
[36m[2026-01-05 16:32:20 DEBUG] [caching:42] Clearing activities cache
[36m[2026-01-05 16:32:49 DEBUG] [__init__:101] ###############################################################################
[36m[2026-01-05 16:32:49 DEBUG] [__init__:102] Running command 'run'
[36m[2026-01-05 16:32:49 DEBUG] [__init__:106] Using settings file '/root/.chaostoolkit/settings.yaml'
[36m[2026-01-05 16:32:49 DEBUG] [settings:31] The Chaos Toolkit settings file could not be found at '/root/.chaostoolkit/settings.yaml'.
[36m[2026-01-05 16:32:49 DEBUG] [__init__:472] No controls to apply on 'loader'
[36m[2026-01-05 16:32:49 DEBUG] [__init__:472] No controls to apply on 'loader'
[36m[2026-01-05 16:32:49 DEBUG] [caching:24] Building activity cache...
[36m[2026-01-05 16:32:49 DEBUG] [caching:35] Cached 2 activities
[32m[2026-01-05 16:32:49 INFO] [experiment:59] Validating the experiment's syntax
[36m[2026-01-05 16:32:49 DEBUG] [configuration:64] Loading configuration...
[36m[2026-01-05 16:32:49 DEBUG] [secret:79] Loading secrets...
[36m[2026-01-05 16:32:49 DEBUG] [secret:104] Done loading secrets
[32m[2026-01-05 16:32:49 INFO] [experiment:112] Experiment looks valid
[36m[2026-01-05 16:32:49 DEBUG] [caching:42] Clearing activities cache
[36m[2026-01-05 16:32:49 DEBUG] [run:224] Runtime strategies: hypothesis - default / rollbacks - default
[36m[2026-01-05 16:32:49 DEBUG] [caching:24] Building activity cache...
[36m[2026-01-05 16:32:49 DEBUG] [caching:35] Cached 2 activities
[36m[2026-01-05 16:32:49 DEBUG] [configuration:64] Loading configuration...
[36m[2026-01-05 16:32:49 DEBUG] [secret:79] Loading secrets...
[36m[2026-01-05 16:32:49 DEBUG] [secret:104] Done loading secrets
[36m[2026-01-05 16:32:49 DEBUG] [configuration:161] Loading dynamic configuration...
[32m[2026-01-05 16:32:49 INFO] [run:440] Running experiment: Partição de Rede
[36m[2026-01-05 16:32:49 DEBUG] [__init__:67] Initializing controls
[32m[2026-01-05 16:32:49 INFO] [run:471] Steady-state strategy: default
[32m[2026-01-05 16:32:49 INFO] [run:477] Rollbacks strategy: default
[32m[2026-01-05 16:32:49 INFO] [run:485] No steady state hypothesis defined. That's ok, just exploring.
[36m[2026-01-05 16:32:49 DEBUG] [__init__:472] No controls to apply on 'experiment'
[32m[2026-01-05 16:32:49 INFO] [run:778] Playing your experiment's method now...
[36m[2026-01-05 16:32:49 DEBUG] [__init__:472] No controls to apply on 'method'
[36m[2026-01-05 16:32:49 DEBUG] [__init__:472] No controls to apply on 'activity'
[32m[2026-01-05 16:32:49 INFO] [activity:232] Action: inject-network-partition
[36m[2026-01-05 16:32:49 DEBUG] [python:33] Activity 'inject-network-partition' loaded from '/app/src/lib/chaos_ssh_driver.py'
[36m[2026-01-05 16:32:51 DEBUG] [__init__:101] ###############################################################################
[36m[2026-01-05 16:32:51 DEBUG] [__init__:102] Running command 'run'
[36m[2026-01-05 16:32:51 DEBUG] [__init__:106] Using settings file '/root/.chaostoolkit/settings.yaml'
[36m[2026-01-05 16:32:51 DEBUG] [settings:31] The Chaos Toolkit settings file could not be found at '/root/.chaostoolkit/settings.yaml'.
[36m[2026-01-05 16:32:51 DEBUG] [__init__:472] No controls to apply on 'loader'
[36m[2026-01-05 16:32:51 DEBUG] [__init__:472] No controls to apply on 'loader'
[36m[2026-01-05 16:32:51 DEBUG] [caching:24] Building activity cache...
[36m[2026-01-05 16:32:51 DEBUG] [caching:35] Cached 2 activities
[32m[2026-01-05 16:32:51 INFO] [experiment:59] Validating the experiment's syntax
[36m[2026-01-05 16:32:51 DEBUG] [configuration:64] Loading configuration...
[36m[2026-01-05 16:32:51 DEBUG] [secret:79] Loading secrets...
[36m[2026-01-05 16:32:51 DEBUG] [secret:104] Done loading secrets
[32m[2026-01-05 16:32:51 INFO] [experiment:112] Experiment looks valid
[36m[2026-01-05 16:32:51 DEBUG] [caching:42] Clearing activities cache
[36m[2026-01-05 16:32:51 DEBUG] [run:224] Runtime strategies: hypothesis - default / rollbacks - default
[36m[2026-01-05 16:32:51 DEBUG] [caching:24] Building activity cache...
[36m[2026-01-05 16:32:51 DEBUG] [caching:35] Cached 2 activities
[36m[2026-01-05 16:32:51 DEBUG] [configuration:64] Loading configuration...
[36m[2026-01-05 16:32:51 DEBUG] [secret:79] Loading secrets...
[36m[2026-01-05 16:32:51 DEBUG] [secret:104] Done loading secrets
[36m[2026-01-05 16:32:51 DEBUG] [configuration:161] Loading dynamic configuration...
[32m[2026-01-05 16:32:51 INFO] [run:440] Running experiment: Falha de DNS
[36m[2026-01-05 16:32:51 DEBUG] [__init__:67] Initializing controls
[32m[2026-01-05 16:32:51 INFO] [run:471] Steady-state strategy: default
[32m[2026-01-05 16:32:51 INFO] [run:477] Rollbacks strategy: default
[32m[2026-01-05 16:32:51 INFO] [run:485] No steady state hypothesis defined. That's ok, just exploring.
[36m[2026-01-05 16:32:51 DEBUG] [__init__:472] No controls to apply on 'experiment'
[32m[2026-01-05 16:32:51 INFO] [run:778] Playing your experiment's method now...
[36m[2026-01-05 16:32:51 DEBUG] [__init__:472] No controls to apply on 'method'
[36m[2026-01-05 16:32:51 DEBUG] [__init__:472] No controls to apply on 'activity'
[32m[2026-01-05 16:32:51 INFO] [activity:232] Action: inject-dns-failure
[36m[2026-01-05 16:32:51 DEBUG] [python:33] Activity 'inject-dns-failure' loaded from '/app/src/lib/chaos_ssh_driver.py'
[36m[2026-01-05 16:32:54 DEBUG] [activity:317] Activity failed
    Traceback (most recent call last):
      File "/app/src/lib/chaos_ssh_driver.py", line 19, in run_ssh_command
        result = subprocess.run(ssh_cmd, capture_output=True, text=True, check=True, timeout=10)
      File "/usr/local/lib/python3.10/subprocess.py", line 526, in run
        raise CalledProcessError(retcode, process.args,
    subprocess.CalledProcessError: Command '['sshpass', '-p', 'sidu', 'ssh', '-o', 'StrictHostKeyChecking=no', '-o', 'UserKnownHostsFile=/dev/null', 'sidu@192.168.1.68', "echo 'sidu' | sudo -S iptables -I OUTPUT -p udp --dport 53 -j DROP"]' returned non-zero exit status 5.
    
    During handling of the above exception, another exception occurred:
    
    Traceback (most recent call last):
      File "/app/src/lib/chaos_ssh_driver.py", line 312, in inject_dns_failure
        run_ssh_command(target_host, ssh_user, cmd_udp, ssh_password)
      File "/app/src/lib/chaos_ssh_driver.py", line 22, in run_ssh_command
        raise RuntimeError(f"SSH command failed: {e.stderr}")
    RuntimeError: SSH command failed: Warning: Permanently added '192.168.1.68' (ED25519) to the list of known hosts.
    Permission denied, please try again.
    
    
    During handling of the above exception, another exception occurred:
    
    Traceback (most recent call last):
      File "/usr/local/lib/python3.10/site-packages/chaoslib/provider/python.py", line 56, in run_python_activity
        return func(**arguments)
      File "/app/src/lib/chaos_ssh_driver.py", line 316, in inject_dns_failure
        raise RuntimeError(f"Failed to inject DNS failure: {e}")
    RuntimeError: Failed to inject DNS failure: SSH command failed: Warning: Permanently added '192.168.1.68' (ED25519) to the list of known hosts.
    Permission denied, please try again.
    
    
    During handling of the above exception, another exception occurred:
    
    Traceback (most recent call last):
      File "/usr/local/lib/python3.10/site-packages/chaoslib/activity.py", line 310, in run_activity
        result = run_python_activity(activity, configuration, secrets)
      File "/usr/local/lib/python3.10/site-packages/chaoslib/provider/python.py", line 58, in run_python_activity
        raise ActivityFailed(
      File "/usr/local/lib/python3.10/site-packages/chaoslib/provider/python.py", line 56, in run_python_activity
        return func(**arguments)
      File "/app/src/lib/chaos_ssh_driver.py", line 316, in inject_dns_failure
        raise RuntimeError(f"Failed to inject DNS failure: {e}")
    chaoslib.exceptions.ActivityFailed: RuntimeError: Failed to inject DNS failure: SSH command failed: Warning: Permanently added '192.168.1.68' (ED25519) to the list of known hosts.
    Permission denied, please try again.
[31m[2026-01-05 16:32:54 ERROR] [activity:268]   => failed: RuntimeError: Failed to inject DNS failure: SSH command failed: Warning: Permanently added '192.168.1.68' (ED25519) to the list of known hosts.
    Permission denied, please try again.
[36m[2026-01-05 16:32:54 DEBUG] [__init__:472] No controls to apply on 'activity'
[36m[2026-01-05 16:32:54 DEBUG] [__init__:472] No controls to apply on 'activity'
[32m[2026-01-05 16:32:54 INFO] [activity:232] Action: wait-duration
[36m[2026-01-05 16:32:54 DEBUG] [python:33] Activity 'wait-duration' loaded from '/app/src/lib/chaos_ssh_driver.py'
[36m[2026-01-05 16:32:54 DEBUG] [activity:317] Activity failed
    Traceback (most recent call last):
      File "/app/src/lib/chaos_ssh_driver.py", line 19, in run_ssh_command
        result = subprocess.run(ssh_cmd, capture_output=True, text=True, check=True, timeout=10)
      File "/usr/local/lib/python3.10/subprocess.py", line 526, in run
        raise CalledProcessError(retcode, process.args,
    subprocess.CalledProcessError: Command '['sshpass', '-p', 'sidu', 'ssh', '-o', 'StrictHostKeyChecking=no', '-o', 'UserKnownHostsFile=/dev/null', 'sidu@192.168.1.68', "echo 'sidu' | sudo -S iptables -I OUTPUT -d 192.168.1.72 -j DROP"]' returned non-zero exit status 5.
    
    During handling of the above exception, another exception occurred:
    
    Traceback (most recent call last):
      File "/app/src/lib/chaos_ssh_driver.py", line 351, in inject_network_partition
        run_ssh_command(target_host, ssh_user, cmd_out, ssh_password)
      File "/app/src/lib/chaos_ssh_driver.py", line 22, in run_ssh_command
        raise RuntimeError(f"SSH command failed: {e.stderr}")
    RuntimeError: SSH command failed: Warning: Permanently added '192.168.1.68' (ED25519) to the list of known hosts.
    Permission denied, please try again.
    
    
    During handling of the above exception, another exception occurred:
    
    Traceback (most recent call last):
      File "/usr/local/lib/python3.10/site-packages/chaoslib/provider/python.py", line 56, in run_python_activity
        return func(**arguments)
      File "/app/src/lib/chaos_ssh_driver.py", line 355, in inject_network_partition
        raise RuntimeError(f"Failed to inject network partition: {e}")
    RuntimeError: Failed to inject network partition: SSH command failed: Warning: Permanently added '192.168.1.68' (ED25519) to the list of known hosts.
    Permission denied, please try again.
    
    
    During handling of the above exception, another exception occurred:
    
    Traceback (most recent call last):
      File "/usr/local/lib/python3.10/site-packages/chaoslib/activity.py", line 310, in run_activity
        result = run_python_activity(activity, configuration, secrets)
      File "/usr/local/lib/python3.10/site-packages/chaoslib/provider/python.py", line 58, in run_python_activity
        raise ActivityFailed(
      File "/usr/local/lib/python3.10/site-packages/chaoslib/provider/python.py", line 56, in run_python_activity
        return func(**arguments)
      File "/app/src/lib/chaos_ssh_driver.py", line 355, in inject_network_partition
        raise RuntimeError(f"Failed to inject network partition: {e}")
    chaoslib.exceptions.ActivityFailed: RuntimeError: Failed to inject network partition: SSH command failed: Warning: Permanently added '192.168.1.68' (ED25519) to the list of known hosts.
    Permission denied, please try again.
[31m[2026-01-05 16:32:54 ERROR] [activity:268]   => failed: RuntimeError: Failed to inject network partition: SSH command failed: Warning: Permanently added '192.168.1.68' (ED25519) to the list of known hosts.
    Permission denied, please try again.
[36m[2026-01-05 16:32:54 DEBUG] [__init__:472] No controls to apply on 'activity'
[36m[2026-01-05 16:32:54 DEBUG] [__init__:472] No controls to apply on 'activity'
[32m[2026-01-05 16:32:54 INFO] [activity:232] Action: wait-duration
[36m[2026-01-05 16:32:54 DEBUG] [python:33] Activity 'wait-duration' loaded from '/app/src/lib/chaos_ssh_driver.py'
[36m[2026-01-05 16:33:24 DEBUG] [activity:262]   => succeeded without any result value
[36m[2026-01-05 16:33:24 DEBUG] [__init__:472] No controls to apply on 'activity'
[36m[2026-01-05 16:33:24 DEBUG] [__init__:472] No controls to apply on 'method'
[32m[2026-01-05 16:33:24 INFO] [run:1072] Let's rollback...
[36m[2026-01-05 16:33:24 DEBUG] [__init__:472] No controls to apply on 'rollback'
[32m[2026-01-05 16:33:24 INFO] [rollback:36] Rollback: recover-dns-failure
[36m[2026-01-05 16:33:24 DEBUG] [__init__:472] No controls to apply on 'activity'
[32m[2026-01-05 16:33:24 INFO] [activity:232] Action: recover-dns-failure
[36m[2026-01-05 16:33:24 DEBUG] [python:33] Activity 'recover-dns-failure' loaded from '/app/src/lib/chaos_ssh_driver.py'
[36m[2026-01-05 16:33:24 DEBUG] [activity:262]   => succeeded without any result value
[36m[2026-01-05 16:33:24 DEBUG] [__init__:472] No controls to apply on 'activity'
[36m[2026-01-05 16:33:24 DEBUG] [__init__:472] No controls to apply on 'method'
[32m[2026-01-05 16:33:24 INFO] [run:1072] Let's rollback...
[36m[2026-01-05 16:33:24 DEBUG] [__init__:472] No controls to apply on 'rollback'
[32m[2026-01-05 16:33:24 INFO] [rollback:36] Rollback: recover-network-partition
[36m[2026-01-05 16:33:24 DEBUG] [__init__:472] No controls to apply on 'activity'
[32m[2026-01-05 16:33:24 INFO] [activity:232] Action: recover-network-partition
[36m[2026-01-05 16:33:24 DEBUG] [python:33] Activity 'recover-network-partition' loaded from '/app/src/lib/chaos_ssh_driver.py'
[36m[2026-01-05 16:33:28 DEBUG] [activity:262]   => succeeded without any result value
[36m[2026-01-05 16:33:28 DEBUG] [__init__:472] No controls to apply on 'activity'
[36m[2026-01-05 16:33:28 DEBUG] [__init__:472] No controls to apply on 'rollback'
[32m[2026-01-05 16:33:28 INFO] [run:598] Experiment ended with status: completed
[36m[2026-01-05 16:33:28 DEBUG] [__init__:472] No controls to apply on 'experiment'
[36m[2026-01-05 16:33:28 DEBUG] [__init__:106] Cleaning up controls
[36m[2026-01-05 16:33:28 DEBUG] [caching:42] Clearing activities cache
[36m[2026-01-05 16:33:28 DEBUG] [activity:262]   => succeeded without any result value
[36m[2026-01-05 16:33:28 DEBUG] [__init__:472] No controls to apply on 'activity'
[36m[2026-01-05 16:33:28 DEBUG] [__init__:472] No controls to apply on 'rollback'
[32m[2026-01-05 16:33:28 INFO] [run:598] Experiment ended with status: completed
[36m[2026-01-05 16:33:28 DEBUG] [__init__:472] No controls to apply on 'experiment'
[36m[2026-01-05 16:33:28 DEBUG] [__init__:106] Cleaning up controls
[36m[2026-01-05 16:33:28 DEBUG] [caching:42] Clearing activities cache
[36m[2026-01-05 16:35:30 DEBUG] [__init__:101] ###############################################################################
[36m[2026-01-05 16:35:30 DEBUG] [__init__:102] Running command 'run'
[36m[2026-01-05 16:35:30 DEBUG] [__init__:106] Using settings file '/root/.chaostoolkit/settings.yaml'
[36m[2026-01-05 16:35:30 DEBUG] [settings:31] The Chaos Toolkit settings file could not be found at '/root/.chaostoolkit/settings.yaml'.
[36m[2026-01-05 16:35:30 DEBUG] [__init__:472] No controls to apply on 'loader'
[36m[2026-01-05 16:35:30 DEBUG] [__init__:472] No controls to apply on 'loader'
[36m[2026-01-05 16:35:30 DEBUG] [caching:24] Building activity cache...
[36m[2026-01-05 16:35:30 DEBUG] [caching:35] Cached 2 activities
[32m[2026-01-05 16:35:30 INFO] [experiment:59] Validating the experiment's syntax
[36m[2026-01-05 16:35:30 DEBUG] [configuration:64] Loading configuration...
[36m[2026-01-05 16:35:30 DEBUG] [secret:79] Loading secrets...
[36m[2026-01-05 16:35:30 DEBUG] [secret:104] Done loading secrets
[32m[2026-01-05 16:35:30 INFO] [experiment:112] Experiment looks valid
[36m[2026-01-05 16:35:30 DEBUG] [caching:42] Clearing activities cache
[36m[2026-01-05 16:35:30 DEBUG] [run:224] Runtime strategies: hypothesis - default / rollbacks - default
[36m[2026-01-05 16:35:30 DEBUG] [caching:24] Building activity cache...
[36m[2026-01-05 16:35:30 DEBUG] [caching:35] Cached 2 activities
[36m[2026-01-05 16:35:30 DEBUG] [configuration:64] Loading configuration...
[36m[2026-01-05 16:35:30 DEBUG] [secret:79] Loading secrets...
[36m[2026-01-05 16:35:30 DEBUG] [secret:104] Done loading secrets
[36m[2026-01-05 16:35:30 DEBUG] [configuration:161] Loading dynamic configuration...
[32m[2026-01-05 16:35:30 INFO] [run:440] Running experiment: Partição de Rede
[36m[2026-01-05 16:35:30 DEBUG] [__init__:67] Initializing controls
[32m[2026-01-05 16:35:30 INFO] [run:471] Steady-state strategy: default
[32m[2026-01-05 16:35:30 INFO] [run:477] Rollbacks strategy: default
[32m[2026-01-05 16:35:30 INFO] [run:485] No steady state hypothesis defined. That's ok, just exploring.
[36m[2026-01-05 16:35:30 DEBUG] [__init__:472] No controls to apply on 'experiment'
[32m[2026-01-05 16:35:30 INFO] [run:778] Playing your experiment's method now...
[36m[2026-01-05 16:35:30 DEBUG] [__init__:472] No controls to apply on 'method'
[36m[2026-01-05 16:35:30 DEBUG] [__init__:472] No controls to apply on 'activity'
[32m[2026-01-05 16:35:30 INFO] [activity:232] Action: inject-network-partition
[36m[2026-01-05 16:35:30 DEBUG] [python:33] Activity 'inject-network-partition' loaded from '/app/src/lib/chaos_ssh_driver.py'
[36m[2026-01-05 16:35:32 DEBUG] [__init__:101] ###############################################################################
[36m[2026-01-05 16:35:32 DEBUG] [__init__:102] Running command 'run'
[36m[2026-01-05 16:35:32 DEBUG] [__init__:106] Using settings file '/root/.chaostoolkit/settings.yaml'
[36m[2026-01-05 16:35:32 DEBUG] [settings:31] The Chaos Toolkit settings file could not be found at '/root/.chaostoolkit/settings.yaml'.
[36m[2026-01-05 16:35:32 DEBUG] [__init__:472] No controls to apply on 'loader'
[36m[2026-01-05 16:35:32 DEBUG] [__init__:472] No controls to apply on 'loader'
[36m[2026-01-05 16:35:32 DEBUG] [caching:24] Building activity cache...
[36m[2026-01-05 16:35:32 DEBUG] [caching:35] Cached 2 activities
[32m[2026-01-05 16:35:32 INFO] [experiment:59] Validating the experiment's syntax
[36m[2026-01-05 16:35:32 DEBUG] [configuration:64] Loading configuration...
[36m[2026-01-05 16:35:32 DEBUG] [secret:79] Loading secrets...
[36m[2026-01-05 16:35:32 DEBUG] [secret:104] Done loading secrets
[32m[2026-01-05 16:35:32 INFO] [experiment:112] Experiment looks valid
[36m[2026-01-05 16:35:32 DEBUG] [caching:42] Clearing activities cache
[36m[2026-01-05 16:35:32 DEBUG] [run:224] Runtime strategies: hypothesis - default / rollbacks - default
[36m[2026-01-05 16:35:32 DEBUG] [caching:24] Building activity cache...
[36m[2026-01-05 16:35:32 DEBUG] [caching:35] Cached 2 activities
[36m[2026-01-05 16:35:32 DEBUG] [configuration:64] Loading configuration...
[36m[2026-01-05 16:35:32 DEBUG] [secret:79] Loading secrets...
[36m[2026-01-05 16:35:32 DEBUG] [secret:104] Done loading secrets
[36m[2026-01-05 16:35:32 DEBUG] [configuration:161] Loading dynamic configuration...
[32m[2026-01-05 16:35:32 INFO] [run:440] Running experiment: Falha de DNS
[36m[2026-01-05 16:35:32 DEBUG] [__init__:67] Initializing controls
[32m[2026-01-05 16:35:32 INFO] [run:471] Steady-state strategy: default
[32m[2026-01-05 16:35:32 INFO] [run:477] Rollbacks strategy: default
[32m[2026-01-05 16:35:32 INFO] [run:485] No steady state hypothesis defined. That's ok, just exploring.
[36m[2026-01-05 16:35:32 DEBUG] [__init__:472] No controls to apply on 'experiment'
[32m[2026-01-05 16:35:32 INFO] [run:778] Playing your experiment's method now...
[36m[2026-01-05 16:35:32 DEBUG] [__init__:472] No controls to apply on 'method'
[36m[2026-01-05 16:35:32 DEBUG] [__init__:472] No controls to apply on 'activity'
[32m[2026-01-05 16:35:32 INFO] [activity:232] Action: inject-dns-failure
[36m[2026-01-05 16:35:32 DEBUG] [python:33] Activity 'inject-dns-failure' loaded from '/app/src/lib/chaos_ssh_driver.py'
[36m[2026-01-05 16:35:35 DEBUG] [activity:317] Activity failed
    Traceback (most recent call last):
      File "/app/src/lib/chaos_ssh_driver.py", line 19, in run_ssh_command
        result = subprocess.run(ssh_cmd, capture_output=True, text=True, check=True, timeout=10)
      File "/usr/local/lib/python3.10/subprocess.py", line 526, in run
        raise CalledProcessError(retcode, process.args,
    subprocess.CalledProcessError: Command '['sshpass', '-p', 'sidu', 'ssh', '-o', 'StrictHostKeyChecking=no', '-o', 'UserKnownHostsFile=/dev/null', 'sidu@192.168.1.68', "echo 'sidu' | sudo -S iptables -w -I OUTPUT -d 192.168.1.72 -j DROP"]' returned non-zero exit status 5.
    
    During handling of the above exception, another exception occurred:
    
    Traceback (most recent call last):
      File "/app/src/lib/chaos_ssh_driver.py", line 351, in inject_network_partition
        run_ssh_command(target_host, ssh_user, cmd_out, ssh_password)
      File "/app/src/lib/chaos_ssh_driver.py", line 22, in run_ssh_command
        raise RuntimeError(f"SSH command failed: {e.stderr}")
    RuntimeError: SSH command failed: Warning: Permanently added '192.168.1.68' (ED25519) to the list of known hosts.
    Permission denied, please try again.
    
    
    During handling of the above exception, another exception occurred:
    
    Traceback (most recent call last):
      File "/usr/local/lib/python3.10/site-packages/chaoslib/provider/python.py", line 56, in run_python_activity
        return func(**arguments)
      File "/app/src/lib/chaos_ssh_driver.py", line 355, in inject_network_partition
        raise RuntimeError(f"Failed to inject network partition: {e}")
    RuntimeError: Failed to inject network partition: SSH command failed: Warning: Permanently added '192.168.1.68' (ED25519) to the list of known hosts.
    Permission denied, please try again.
    
    
    During handling of the above exception, another exception occurred:
    
    Traceback (most recent call last):
      File "/usr/local/lib/python3.10/site-packages/chaoslib/activity.py", line 310, in run_activity
        result = run_python_activity(activity, configuration, secrets)
      File "/usr/local/lib/python3.10/site-packages/chaoslib/provider/python.py", line 58, in run_python_activity
        raise ActivityFailed(
      File "/usr/local/lib/python3.10/site-packages/chaoslib/provider/python.py", line 56, in run_python_activity
        return func(**arguments)
      File "/app/src/lib/chaos_ssh_driver.py", line 355, in inject_network_partition
        raise RuntimeError(f"Failed to inject network partition: {e}")
    chaoslib.exceptions.ActivityFailed: RuntimeError: Failed to inject network partition: SSH command failed: Warning: Permanently added '192.168.1.68' (ED25519) to the list of known hosts.
    Permission denied, please try again.
[31m[2026-01-05 16:35:35 ERROR] [activity:268]   => failed: RuntimeError: Failed to inject network partition: SSH command failed: Warning: Permanently added '192.168.1.68' (ED25519) to the list of known hosts.
    Permission denied, please try again.
[36m[2026-01-05 16:35:35 DEBUG] [__init__:472] No controls to apply on 'activity'
[36m[2026-01-05 16:35:35 DEBUG] [__init__:472] No controls to apply on 'activity'
[32m[2026-01-05 16:35:35 INFO] [activity:232] Action: wait-duration
[36m[2026-01-05 16:35:35 DEBUG] [python:33] Activity 'wait-duration' loaded from '/app/src/lib/chaos_ssh_driver.py'
[36m[2026-01-05 16:35:37 DEBUG] [activity:317] Activity failed
    Traceback (most recent call last):
      File "/app/src/lib/chaos_ssh_driver.py", line 19, in run_ssh_command
        result = subprocess.run(ssh_cmd, capture_output=True, text=True, check=True, timeout=10)
      File "/usr/local/lib/python3.10/subprocess.py", line 526, in run
        raise CalledProcessError(retcode, process.args,
    subprocess.CalledProcessError: Command '['sshpass', '-p', 'sidu', 'ssh', '-o', 'StrictHostKeyChecking=no', '-o', 'UserKnownHostsFile=/dev/null', 'sidu@192.168.1.68', "echo 'sidu' | sudo -S iptables -w -I OUTPUT -p udp --dport 53 -j DROP"]' returned non-zero exit status 5.
    
    During handling of the above exception, another exception occurred:
    
    Traceback (most recent call last):
      File "/app/src/lib/chaos_ssh_driver.py", line 312, in inject_dns_failure
        run_ssh_command(target_host, ssh_user, cmd_udp, ssh_password)
      File "/app/src/lib/chaos_ssh_driver.py", line 22, in run_ssh_command
        raise RuntimeError(f"SSH command failed: {e.stderr}")
    RuntimeError: SSH command failed: Warning: Permanently added '192.168.1.68' (ED25519) to the list of known hosts.
    Permission denied, please try again.
    
    
    During handling of the above exception, another exception occurred:
    
    Traceback (most recent call last):
      File "/usr/local/lib/python3.10/site-packages/chaoslib/provider/python.py", line 56, in run_python_activity
        return func(**arguments)
      File "/app/src/lib/chaos_ssh_driver.py", line 316, in inject_dns_failure
        raise RuntimeError(f"Failed to inject DNS failure: {e}")
    RuntimeError: Failed to inject DNS failure: SSH command failed: Warning: Permanently added '192.168.1.68' (ED25519) to the list of known hosts.
    Permission denied, please try again.
    
    
    During handling of the above exception, another exception occurred:
    
    Traceback (most recent call last):
      File "/usr/local/lib/python3.10/site-packages/chaoslib/activity.py", line 310, in run_activity
        result = run_python_activity(activity, configuration, secrets)
      File "/usr/local/lib/python3.10/site-packages/chaoslib/provider/python.py", line 58, in run_python_activity
        raise ActivityFailed(
      File "/usr/local/lib/python3.10/site-packages/chaoslib/provider/python.py", line 56, in run_python_activity
        return func(**arguments)
      File "/app/src/lib/chaos_ssh_driver.py", line 316, in inject_dns_failure
        raise RuntimeError(f"Failed to inject DNS failure: {e}")
    chaoslib.exceptions.ActivityFailed: RuntimeError: Failed to inject DNS failure: SSH command failed: Warning: Permanently added '192.168.1.68' (ED25519) to the list of known hosts.
    Permission denied, please try again.
[31m[2026-01-05 16:35:37 ERROR] [activity:268]   => failed: RuntimeError: Failed to inject DNS failure: SSH command failed: Warning: Permanently added '192.168.1.68' (ED25519) to the list of known hosts.
    Permission denied, please try again.
[36m[2026-01-05 16:35:37 DEBUG] [__init__:472] No controls to apply on 'activity'
[36m[2026-01-05 16:35:37 DEBUG] [__init__:472] No controls to apply on 'activity'
[32m[2026-01-05 16:35:37 INFO] [activity:232] Action: wait-duration
[36m[2026-01-05 16:35:37 DEBUG] [python:33] Activity 'wait-duration' loaded from '/app/src/lib/chaos_ssh_driver.py'
[36m[2026-01-05 16:36:05 DEBUG] [__init__:101] ###############################################################################
[36m[2026-01-05 16:36:05 DEBUG] [__init__:102] Running command 'run'
[36m[2026-01-05 16:36:05 DEBUG] [__init__:106] Using settings file '/root/.chaostoolkit/settings.yaml'
[36m[2026-01-05 16:36:05 DEBUG] [settings:31] The Chaos Toolkit settings file could not be found at '/root/.chaostoolkit/settings.yaml'.
[36m[2026-01-05 16:36:05 DEBUG] [__init__:472] No controls to apply on 'loader'
[36m[2026-01-05 16:36:05 DEBUG] [__init__:472] No controls to apply on 'loader'
[36m[2026-01-05 16:36:05 DEBUG] [caching:24] Building activity cache...
[36m[2026-01-05 16:36:05 DEBUG] [caching:35] Cached 2 activities
[32m[2026-01-05 16:36:05 INFO] [experiment:59] Validating the experiment's syntax
[36m[2026-01-05 16:36:05 DEBUG] [configuration:64] Loading configuration...
[36m[2026-01-05 16:36:05 DEBUG] [secret:79] Loading secrets...
[36m[2026-01-05 16:36:05 DEBUG] [secret:104] Done loading secrets
[32m[2026-01-05 16:36:05 INFO] [experiment:112] Experiment looks valid
[36m[2026-01-05 16:36:05 DEBUG] [caching:42] Clearing activities cache
[36m[2026-01-05 16:36:05 DEBUG] [run:224] Runtime strategies: hypothesis - default / rollbacks - default
[36m[2026-01-05 16:36:05 DEBUG] [caching:24] Building activity cache...
[36m[2026-01-05 16:36:05 DEBUG] [caching:35] Cached 2 activities
[36m[2026-01-05 16:36:05 DEBUG] [configuration:64] Loading configuration...
[36m[2026-01-05 16:36:05 DEBUG] [secret:79] Loading secrets...
[36m[2026-01-05 16:36:05 DEBUG] [secret:104] Done loading secrets
[36m[2026-01-05 16:36:05 DEBUG] [configuration:161] Loading dynamic configuration...
[32m[2026-01-05 16:36:05 INFO] [run:440] Running experiment: Partição de Rede
[36m[2026-01-05 16:36:05 DEBUG] [__init__:67] Initializing controls
[32m[2026-01-05 16:36:05 INFO] [run:471] Steady-state strategy: default
[32m[2026-01-05 16:36:05 INFO] [run:477] Rollbacks strategy: default
[32m[2026-01-05 16:36:05 INFO] [run:485] No steady state hypothesis defined. That's ok, just exploring.
[36m[2026-01-05 16:36:05 DEBUG] [__init__:472] No controls to apply on 'experiment'
[32m[2026-01-05 16:36:05 INFO] [run:778] Playing your experiment's method now...
[36m[2026-01-05 16:36:05 DEBUG] [__init__:472] No controls to apply on 'method'
[36m[2026-01-05 16:36:05 DEBUG] [__init__:472] No controls to apply on 'activity'
[32m[2026-01-05 16:36:05 INFO] [activity:232] Action: inject-network-partition
[36m[2026-01-05 16:36:05 DEBUG] [python:33] Activity 'inject-network-partition' loaded from '/app/src/lib/chaos_ssh_driver.py'
[36m[2026-01-05 16:36:07 DEBUG] [__init__:101] ###############################################################################
[36m[2026-01-05 16:36:07 DEBUG] [__init__:102] Running command 'run'
[36m[2026-01-05 16:36:07 DEBUG] [__init__:106] Using settings file '/root/.chaostoolkit/settings.yaml'
[36m[2026-01-05 16:36:07 DEBUG] [settings:31] The Chaos Toolkit settings file could not be found at '/root/.chaostoolkit/settings.yaml'.
[36m[2026-01-05 16:36:07 DEBUG] [__init__:472] No controls to apply on 'loader'
[36m[2026-01-05 16:36:07 DEBUG] [__init__:472] No controls to apply on 'loader'
[36m[2026-01-05 16:36:07 DEBUG] [caching:24] Building activity cache...
[36m[2026-01-05 16:36:07 DEBUG] [caching:35] Cached 2 activities
[32m[2026-01-05 16:36:07 INFO] [experiment:59] Validating the experiment's syntax
[36m[2026-01-05 16:36:07 DEBUG] [configuration:64] Loading configuration...
[36m[2026-01-05 16:36:07 DEBUG] [secret:79] Loading secrets...
[36m[2026-01-05 16:36:07 DEBUG] [secret:104] Done loading secrets
[32m[2026-01-05 16:36:07 INFO] [experiment:112] Experiment looks valid
[36m[2026-01-05 16:36:07 DEBUG] [caching:42] Clearing activities cache
[36m[2026-01-05 16:36:07 DEBUG] [run:224] Runtime strategies: hypothesis - default / rollbacks - default
[36m[2026-01-05 16:36:07 DEBUG] [caching:24] Building activity cache...
[36m[2026-01-05 16:36:07 DEBUG] [caching:35] Cached 2 activities
[36m[2026-01-05 16:36:07 DEBUG] [configuration:64] Loading configuration...
[36m[2026-01-05 16:36:07 DEBUG] [secret:79] Loading secrets...
[36m[2026-01-05 16:36:07 DEBUG] [secret:104] Done loading secrets
[36m[2026-01-05 16:36:07 DEBUG] [configuration:161] Loading dynamic configuration...
[32m[2026-01-05 16:36:07 INFO] [run:440] Running experiment: Falha de DNS
[36m[2026-01-05 16:36:07 DEBUG] [__init__:67] Initializing controls
[32m[2026-01-05 16:36:07 INFO] [run:471] Steady-state strategy: default
[32m[2026-01-05 16:36:07 INFO] [run:477] Rollbacks strategy: default
[32m[2026-01-05 16:36:07 INFO] [run:485] No steady state hypothesis defined. That's ok, just exploring.
[36m[2026-01-05 16:36:07 DEBUG] [__init__:472] No controls to apply on 'experiment'
[32m[2026-01-05 16:36:07 INFO] [run:778] Playing your experiment's method now...
[36m[2026-01-05 16:36:07 DEBUG] [__init__:472] No controls to apply on 'method'
[36m[2026-01-05 16:36:07 DEBUG] [__init__:472] No controls to apply on 'activity'
[32m[2026-01-05 16:36:07 INFO] [activity:232] Action: inject-dns-failure
[36m[2026-01-05 16:36:07 DEBUG] [python:33] Activity 'inject-dns-failure' loaded from '/app/src/lib/chaos_ssh_driver.py'
[36m[2026-01-05 16:36:08 DEBUG] [activity:317] Activity failed
    Traceback (most recent call last):
      File "/app/src/lib/chaos_ssh_driver.py", line 19, in run_ssh_command
        result = subprocess.run(ssh_cmd, capture_output=True, text=True, check=True, timeout=10)
      File "/usr/local/lib/python3.10/subprocess.py", line 526, in run
        raise CalledProcessError(retcode, process.args,
    subprocess.CalledProcessError: Command '['sshpass', '-p', 'sidu', 'ssh', '-o', 'StrictHostKeyChecking=no', '-o', 'UserKnownHostsFile=/dev/null', 'sidu@192.168.1.68', "echo 'sidu' | sudo -S iptables -w -I OUTPUT -d 192.168.1.72 -j DROP"]' returned non-zero exit status 5.
    
    During handling of the above exception, another exception occurred:
    
    Traceback (most recent call last):
      File "/app/src/lib/chaos_ssh_driver.py", line 351, in inject_network_partition
        run_ssh_command(target_host, ssh_user, cmd_out, ssh_password)
      File "/app/src/lib/chaos_ssh_driver.py", line 22, in run_ssh_command
        raise RuntimeError(f"SSH command failed: {e.stderr}")
    RuntimeError: SSH command failed: Warning: Permanently added '192.168.1.68' (ED25519) to the list of known hosts.
    Permission denied, please try again.
    
    
    During handling of the above exception, another exception occurred:
    
    Traceback (most recent call last):
      File "/usr/local/lib/python3.10/site-packages/chaoslib/provider/python.py", line 56, in run_python_activity
        return func(**arguments)
      File "/app/src/lib/chaos_ssh_driver.py", line 355, in inject_network_partition
        raise RuntimeError(f"Failed to inject network partition: {e}")
    RuntimeError: Failed to inject network partition: SSH command failed: Warning: Permanently added '192.168.1.68' (ED25519) to the list of known hosts.
    Permission denied, please try again.
    
    
    During handling of the above exception, another exception occurred:
    
    Traceback (most recent call last):
      File "/usr/local/lib/python3.10/site-packages/chaoslib/activity.py", line 310, in run_activity
        result = run_python_activity(activity, configuration, secrets)
      File "/usr/local/lib/python3.10/site-packages/chaoslib/provider/python.py", line 58, in run_python_activity
        raise ActivityFailed(
      File "/usr/local/lib/python3.10/site-packages/chaoslib/provider/python.py", line 56, in run_python_activity
        return func(**arguments)
      File "/app/src/lib/chaos_ssh_driver.py", line 355, in inject_network_partition
        raise RuntimeError(f"Failed to inject network partition: {e}")
    chaoslib.exceptions.ActivityFailed: RuntimeError: Failed to inject network partition: SSH command failed: Warning: Permanently added '192.168.1.68' (ED25519) to the list of known hosts.
    Permission denied, please try again.
[31m[2026-01-05 16:36:08 ERROR] [activity:268]   => failed: RuntimeError: Failed to inject network partition: SSH command failed: Warning: Permanently added '192.168.1.68' (ED25519) to the list of known hosts.
    Permission denied, please try again.
[36m[2026-01-05 16:36:08 DEBUG] [__init__:472] No controls to apply on 'activity'
[36m[2026-01-05 16:36:08 DEBUG] [__init__:472] No controls to apply on 'activity'
[32m[2026-01-05 16:36:08 INFO] [activity:232] Action: wait-duration
[36m[2026-01-05 16:36:08 DEBUG] [python:33] Activity 'wait-duration' loaded from '/app/src/lib/chaos_ssh_driver.py'
[36m[2026-01-05 16:36:10 DEBUG] [activity:317] Activity failed
    Traceback (most recent call last):
      File "/app/src/lib/chaos_ssh_driver.py", line 19, in run_ssh_command
        result = subprocess.run(ssh_cmd, capture_output=True, text=True, check=True, timeout=10)
      File "/usr/local/lib/python3.10/subprocess.py", line 526, in run
        raise CalledProcessError(retcode, process.args,
    subprocess.CalledProcessError: Command '['sshpass', '-p', 'sidu', 'ssh', '-o', 'StrictHostKeyChecking=no', '-o', 'UserKnownHostsFile=/dev/null', 'sidu@192.168.1.68', "echo 'sidu' | sudo -S iptables -w -I OUTPUT -p udp --dport 53 -j DROP"]' returned non-zero exit status 5.
    
    During handling of the above exception, another exception occurred:
    
    Traceback (most recent call last):
      File "/app/src/lib/chaos_ssh_driver.py", line 312, in inject_dns_failure
        run_ssh_command(target_host, ssh_user, cmd_udp, ssh_password)
      File "/app/src/lib/chaos_ssh_driver.py", line 22, in run_ssh_command
        raise RuntimeError(f"SSH command failed: {e.stderr}")
    RuntimeError: SSH command failed: Warning: Permanently added '192.168.1.68' (ED25519) to the list of known hosts.
    Permission denied, please try again.
    
    
    During handling of the above exception, another exception occurred:
    
    Traceback (most recent call last):
      File "/usr/local/lib/python3.10/site-packages/chaoslib/provider/python.py", line 56, in run_python_activity
        return func(**arguments)
      File "/app/src/lib/chaos_ssh_driver.py", line 316, in inject_dns_failure
        raise RuntimeError(f"Failed to inject DNS failure: {e}")
    RuntimeError: Failed to inject DNS failure: SSH command failed: Warning: Permanently added '192.168.1.68' (ED25519) to the list of known hosts.
    Permission denied, please try again.
    
    
    During handling of the above exception, another exception occurred:
    
    Traceback (most recent call last):
      File "/usr/local/lib/python3.10/site-packages/chaoslib/activity.py", line 310, in run_activity
        result = run_python_activity(activity, configuration, secrets)
      File "/usr/local/lib/python3.10/site-packages/chaoslib/provider/python.py", line 58, in run_python_activity
        raise ActivityFailed(
      File "/usr/local/lib/python3.10/site-packages/chaoslib/provider/python.py", line 56, in run_python_activity
        return func(**arguments)
      File "/app/src/lib/chaos_ssh_driver.py", line 316, in inject_dns_failure
        raise RuntimeError(f"Failed to inject DNS failure: {e}")
    chaoslib.exceptions.ActivityFailed: RuntimeError: Failed to inject DNS failure: SSH command failed: Warning: Permanently added '192.168.1.68' (ED25519) to the list of known hosts.
    Permission denied, please try again.
[31m[2026-01-05 16:36:10 ERROR] [activity:268]   => failed: RuntimeError: Failed to inject DNS failure: SSH command failed: Warning: Permanently added '192.168.1.68' (ED25519) to the list of known hosts.
    Permission denied, please try again.
[36m[2026-01-05 16:36:10 DEBUG] [__init__:472] No controls to apply on 'activity'
[36m[2026-01-05 16:36:10 DEBUG] [__init__:472] No controls to apply on 'activity'
[32m[2026-01-05 16:36:10 INFO] [activity:232] Action: wait-duration
[36m[2026-01-05 16:36:10 DEBUG] [python:33] Activity 'wait-duration' loaded from '/app/src/lib/chaos_ssh_driver.py'
[36m[2026-01-05 16:36:38 DEBUG] [activity:262]   => succeeded without any result value
[36m[2026-01-05 16:36:38 DEBUG] [__init__:472] No controls to apply on 'activity'
[36m[2026-01-05 16:36:38 DEBUG] [__init__:472] No controls to apply on 'method'
[32m[2026-01-05 16:36:38 INFO] [run:1072] Let's rollback...
[36m[2026-01-05 16:36:38 DEBUG] [__init__:472] No controls to apply on 'rollback'
[32m[2026-01-05 16:36:38 INFO] [rollback:36] Rollback: recover-network-partition
[36m[2026-01-05 16:36:38 DEBUG] [__init__:472] No controls to apply on 'activity'
[32m[2026-01-05 16:36:38 INFO] [activity:232] Action: recover-network-partition
[36m[2026-01-05 16:36:38 DEBUG] [python:33] Activity 'recover-network-partition' loaded from '/app/src/lib/chaos_ssh_driver.py'
[36m[2026-01-05 16:36:40 DEBUG] [activity:262]   => succeeded without any result value
[36m[2026-01-05 16:36:40 DEBUG] [__init__:472] No controls to apply on 'activity'
[36m[2026-01-05 16:36:40 DEBUG] [__init__:472] No controls to apply on 'method'
[32m[2026-01-05 16:36:40 INFO] [run:1072] Let's rollback...
[36m[2026-01-05 16:36:40 DEBUG] [__init__:472] No controls to apply on 'rollback'
[32m[2026-01-05 16:36:40 INFO] [rollback:36] Rollback: recover-dns-failure
[36m[2026-01-05 16:36:40 DEBUG] [__init__:472] No controls to apply on 'activity'
[32m[2026-01-05 16:36:40 INFO] [activity:232] Action: recover-dns-failure
[36m[2026-01-05 16:36:40 DEBUG] [python:33] Activity 'recover-dns-failure' loaded from '/app/src/lib/chaos_ssh_driver.py'
[36m[2026-01-05 16:36:44 DEBUG] [activity:262]   => succeeded without any result value
[36m[2026-01-05 16:36:44 DEBUG] [__init__:472] No controls to apply on 'activity'
[36m[2026-01-05 16:36:44 DEBUG] [__init__:472] No controls to apply on 'rollback'
[32m[2026-01-05 16:36:44 INFO] [run:598] Experiment ended with status: completed
[36m[2026-01-05 16:36:44 DEBUG] [__init__:472] No controls to apply on 'experiment'
[36m[2026-01-05 16:36:44 DEBUG] [__init__:106] Cleaning up controls
[36m[2026-01-05 16:36:44 DEBUG] [caching:42] Clearing activities cache
[36m[2026-01-05 16:36:49 DEBUG] [activity:262]   => succeeded without any result value
[36m[2026-01-05 16:36:49 DEBUG] [__init__:472] No controls to apply on 'activity'
[36m[2026-01-05 16:36:49 DEBUG] [__init__:472] No controls to apply on 'rollback'
[32m[2026-01-05 16:36:49 INFO] [run:598] Experiment ended with status: completed
[36m[2026-01-05 16:36:49 DEBUG] [__init__:472] No controls to apply on 'experiment'
[36m[2026-01-05 16:36:49 DEBUG] [__init__:106] Cleaning up controls
[36m[2026-01-05 16:36:49 DEBUG] [caching:42] Clearing activities cache
[36m[2026-01-05 16:37:39 DEBUG] [__init__:101] ###############################################################################
[36m[2026-01-05 16:37:39 DEBUG] [__init__:102] Running command 'run'
[36m[2026-01-05 16:37:39 DEBUG] [__init__:106] Using settings file '/root/.chaostoolkit/settings.yaml'
[36m[2026-01-05 16:37:39 DEBUG] [settings:31] The Chaos Toolkit settings file could not be found at '/root/.chaostoolkit/settings.yaml'.
[36m[2026-01-05 16:37:39 DEBUG] [__init__:472] No controls to apply on 'loader'
[36m[2026-01-05 16:37:39 DEBUG] [__init__:472] No controls to apply on 'loader'
[36m[2026-01-05 16:37:39 DEBUG] [caching:24] Building activity cache...
[36m[2026-01-05 16:37:39 DEBUG] [caching:35] Cached 2 activities
[32m[2026-01-05 16:37:39 INFO] [experiment:59] Validating the experiment's syntax
[36m[2026-01-05 16:37:39 DEBUG] [configuration:64] Loading configuration...
[36m[2026-01-05 16:37:39 DEBUG] [secret:79] Loading secrets...
[36m[2026-01-05 16:37:39 DEBUG] [secret:104] Done loading secrets
[32m[2026-01-05 16:37:39 INFO] [experiment:112] Experiment looks valid
[36m[2026-01-05 16:37:39 DEBUG] [caching:42] Clearing activities cache
[36m[2026-01-05 16:37:39 DEBUG] [run:224] Runtime strategies: hypothesis - default / rollbacks - default
[36m[2026-01-05 16:37:39 DEBUG] [caching:24] Building activity cache...
[36m[2026-01-05 16:37:39 DEBUG] [caching:35] Cached 2 activities
[36m[2026-01-05 16:37:39 DEBUG] [configuration:64] Loading configuration...
[36m[2026-01-05 16:37:39 DEBUG] [secret:79] Loading secrets...
[36m[2026-01-05 16:37:39 DEBUG] [secret:104] Done loading secrets
[36m[2026-01-05 16:37:39 DEBUG] [configuration:161] Loading dynamic configuration...
[32m[2026-01-05 16:37:39 INFO] [run:440] Running experiment: Partição de Rede
[36m[2026-01-05 16:37:39 DEBUG] [__init__:67] Initializing controls
[32m[2026-01-05 16:37:39 INFO] [run:471] Steady-state strategy: default
[32m[2026-01-05 16:37:39 INFO] [run:477] Rollbacks strategy: default
[32m[2026-01-05 16:37:39 INFO] [run:485] No steady state hypothesis defined. That's ok, just exploring.
[36m[2026-01-05 16:37:39 DEBUG] [__init__:472] No controls to apply on 'experiment'
[32m[2026-01-05 16:37:39 INFO] [run:778] Playing your experiment's method now...
[36m[2026-01-05 16:37:39 DEBUG] [__init__:472] No controls to apply on 'method'
[36m[2026-01-05 16:37:39 DEBUG] [__init__:472] No controls to apply on 'activity'
[32m[2026-01-05 16:37:39 INFO] [activity:232] Action: inject-network-partition
[36m[2026-01-05 16:37:39 DEBUG] [python:33] Activity 'inject-network-partition' loaded from '/app/src/lib/chaos_ssh_driver.py'
[36m[2026-01-05 16:37:41 DEBUG] [__init__:101] ###############################################################################
[36m[2026-01-05 16:37:41 DEBUG] [__init__:102] Running command 'run'
[36m[2026-01-05 16:37:41 DEBUG] [__init__:106] Using settings file '/root/.chaostoolkit/settings.yaml'
[36m[2026-01-05 16:37:41 DEBUG] [settings:31] The Chaos Toolkit settings file could not be found at '/root/.chaostoolkit/settings.yaml'.
[36m[2026-01-05 16:37:41 DEBUG] [__init__:472] No controls to apply on 'loader'
[36m[2026-01-05 16:37:41 DEBUG] [__init__:472] No controls to apply on 'loader'
[36m[2026-01-05 16:37:41 DEBUG] [caching:24] Building activity cache...
[36m[2026-01-05 16:37:41 DEBUG] [caching:35] Cached 2 activities
[32m[2026-01-05 16:37:41 INFO] [experiment:59] Validating the experiment's syntax
[36m[2026-01-05 16:37:41 DEBUG] [configuration:64] Loading configuration...
[36m[2026-01-05 16:37:41 DEBUG] [secret:79] Loading secrets...
[36m[2026-01-05 16:37:41 DEBUG] [secret:104] Done loading secrets
[32m[2026-01-05 16:37:41 INFO] [experiment:112] Experiment looks valid
[36m[2026-01-05 16:37:41 DEBUG] [caching:42] Clearing activities cache
[36m[2026-01-05 16:37:41 DEBUG] [run:224] Runtime strategies: hypothesis - default / rollbacks - default
[36m[2026-01-05 16:37:41 DEBUG] [caching:24] Building activity cache...
[36m[2026-01-05 16:37:41 DEBUG] [caching:35] Cached 2 activities
[36m[2026-01-05 16:37:41 DEBUG] [configuration:64] Loading configuration...
[36m[2026-01-05 16:37:41 DEBUG] [secret:79] Loading secrets...
[36m[2026-01-05 16:37:41 DEBUG] [secret:104] Done loading secrets
[36m[2026-01-05 16:37:41 DEBUG] [configuration:161] Loading dynamic configuration...
[32m[2026-01-05 16:37:41 INFO] [run:440] Running experiment: Partição de Rede
[36m[2026-01-05 16:37:41 DEBUG] [__init__:67] Initializing controls
[32m[2026-01-05 16:37:41 INFO] [run:471] Steady-state strategy: default
[32m[2026-01-05 16:37:41 INFO] [run:477] Rollbacks strategy: default
[32m[2026-01-05 16:37:41 INFO] [run:485] No steady state hypothesis defined. That's ok, just exploring.
[36m[2026-01-05 16:37:41 DEBUG] [__init__:472] No controls to apply on 'experiment'
[32m[2026-01-05 16:37:41 INFO] [run:778] Playing your experiment's method now...
[36m[2026-01-05 16:37:41 DEBUG] [__init__:472] No controls to apply on 'method'
[36m[2026-01-05 16:37:41 DEBUG] [__init__:472] No controls to apply on 'activity'
[32m[2026-01-05 16:37:41 INFO] [activity:232] Action: inject-network-partition
[36m[2026-01-05 16:37:41 DEBUG] [python:33] Activity 'inject-network-partition' loaded from '/app/src/lib/chaos_ssh_driver.py'
[36m[2026-01-05 16:37:41 DEBUG] [activity:317] Activity failed
    Traceback (most recent call last):
      File "/app/src/lib/chaos_ssh_driver.py", line 19, in run_ssh_command
        result = subprocess.run(ssh_cmd, capture_output=True, text=True, check=True, timeout=10)
      File "/usr/local/lib/python3.10/subprocess.py", line 526, in run
        raise CalledProcessError(retcode, process.args,
    subprocess.CalledProcessError: Command '['sshpass', '-p', 'sidu', 'ssh', '-o', 'StrictHostKeyChecking=no', '-o', 'UserKnownHostsFile=/dev/null', 'sidu@192.168.1.68', "echo 'sidu' | sudo -S iptables -w -I OUTPUT -d 192.168.1.72 -j DROP"]' returned non-zero exit status 5.
    
    During handling of the above exception, another exception occurred:
    
    Traceback (most recent call last):
      File "/app/src/lib/chaos_ssh_driver.py", line 351, in inject_network_partition
        run_ssh_command(target_host, ssh_user, cmd_out, ssh_password)
      File "/app/src/lib/chaos_ssh_driver.py", line 22, in run_ssh_command
        raise RuntimeError(f"SSH command failed: {e.stderr}")
    RuntimeError: SSH command failed: Warning: Permanently added '192.168.1.68' (ED25519) to the list of known hosts.
    Permission denied, please try again.
    
    
    During handling of the above exception, another exception occurred:
    
    Traceback (most recent call last):
      File "/usr/local/lib/python3.10/site-packages/chaoslib/provider/python.py", line 56, in run_python_activity
        return func(**arguments)
      File "/app/src/lib/chaos_ssh_driver.py", line 355, in inject_network_partition
        raise RuntimeError(f"Failed to inject network partition: {e}")
    RuntimeError: Failed to inject network partition: SSH command failed: Warning: Permanently added '192.168.1.68' (ED25519) to the list of known hosts.
    Permission denied, please try again.
    
    
    During handling of the above exception, another exception occurred:
    
    Traceback (most recent call last):
      File "/usr/local/lib/python3.10/site-packages/chaoslib/activity.py", line 310, in run_activity
        result = run_python_activity(activity, configuration, secrets)
      File "/usr/local/lib/python3.10/site-packages/chaoslib/provider/python.py", line 58, in run_python_activity
        raise ActivityFailed(
      File "/usr/local/lib/python3.10/site-packages/chaoslib/provider/python.py", line 56, in run_python_activity
        return func(**arguments)
      File "/app/src/lib/chaos_ssh_driver.py", line 355, in inject_network_partition
        raise RuntimeError(f"Failed to inject network partition: {e}")
    chaoslib.exceptions.ActivityFailed: RuntimeError: Failed to inject network partition: SSH command failed: Warning: Permanently added '192.168.1.68' (ED25519) to the list of known hosts.
    Permission denied, please try again.
[31m[2026-01-05 16:37:41 ERROR] [activity:268]   => failed: RuntimeError: Failed to inject network partition: SSH command failed: Warning: Permanently added '192.168.1.68' (ED25519) to the list of known hosts.
    Permission denied, please try again.
[36m[2026-01-05 16:37:41 DEBUG] [__init__:472] No controls to apply on 'activity'
[36m[2026-01-05 16:37:41 DEBUG] [__init__:472] No controls to apply on 'activity'
[32m[2026-01-05 16:37:41 INFO] [activity:232] Action: wait-duration
[36m[2026-01-05 16:37:41 DEBUG] [python:33] Activity 'wait-duration' loaded from '/app/src/lib/chaos_ssh_driver.py'
[36m[2026-01-05 16:37:41 DEBUG] [activity:260]   => succeeded with '192.168.1.72'
[36m[2026-01-05 16:37:41 DEBUG] [__init__:472] No controls to apply on 'activity'
[36m[2026-01-05 16:37:41 DEBUG] [__init__:472] No controls to apply on 'activity'
[32m[2026-01-05 16:37:41 INFO] [activity:232] Action: wait-duration
[36m[2026-01-05 16:37:41 DEBUG] [python:33] Activity 'wait-duration' loaded from '/app/src/lib/chaos_ssh_driver.py'
[36m[2026-01-05 16:37:43 DEBUG] [__init__:101] ###############################################################################
[36m[2026-01-05 16:37:43 DEBUG] [__init__:102] Running command 'run'
[36m[2026-01-05 16:37:43 DEBUG] [__init__:106] Using settings file '/root/.chaostoolkit/settings.yaml'
[36m[2026-01-05 16:37:43 DEBUG] [settings:31] The Chaos Toolkit settings file could not be found at '/root/.chaostoolkit/settings.yaml'.
[36m[2026-01-05 16:37:43 DEBUG] [__init__:472] No controls to apply on 'loader'
[36m[2026-01-05 16:37:43 DEBUG] [__init__:472] No controls to apply on 'loader'
[36m[2026-01-05 16:37:43 DEBUG] [caching:24] Building activity cache...
[36m[2026-01-05 16:37:43 DEBUG] [caching:35] Cached 2 activities
[32m[2026-01-05 16:37:43 INFO] [experiment:59] Validating the experiment's syntax
[36m[2026-01-05 16:37:43 DEBUG] [configuration:64] Loading configuration...
[36m[2026-01-05 16:37:43 DEBUG] [secret:79] Loading secrets...
[36m[2026-01-05 16:37:43 DEBUG] [secret:104] Done loading secrets
[32m[2026-01-05 16:37:43 INFO] [experiment:112] Experiment looks valid
[36m[2026-01-05 16:37:43 DEBUG] [caching:42] Clearing activities cache
[36m[2026-01-05 16:37:43 DEBUG] [run:224] Runtime strategies: hypothesis - default / rollbacks - default
[36m[2026-01-05 16:37:43 DEBUG] [caching:24] Building activity cache...
[36m[2026-01-05 16:37:43 DEBUG] [caching:35] Cached 2 activities
[36m[2026-01-05 16:37:43 DEBUG] [configuration:64] Loading configuration...
[36m[2026-01-05 16:37:43 DEBUG] [secret:79] Loading secrets...
[36m[2026-01-05 16:37:43 DEBUG] [secret:104] Done loading secrets
[36m[2026-01-05 16:37:43 DEBUG] [configuration:161] Loading dynamic configuration...
[32m[2026-01-05 16:37:43 INFO] [run:440] Running experiment: Falha de DNS
[36m[2026-01-05 16:37:43 DEBUG] [__init__:67] Initializing controls
[32m[2026-01-05 16:37:43 INFO] [run:471] Steady-state strategy: default
[32m[2026-01-05 16:37:43 INFO] [run:477] Rollbacks strategy: default
[32m[2026-01-05 16:37:43 INFO] [run:485] No steady state hypothesis defined. That's ok, just exploring.
[36m[2026-01-05 16:37:43 DEBUG] [__init__:472] No controls to apply on 'experiment'
[32m[2026-01-05 16:37:43 INFO] [run:778] Playing your experiment's method now...
[36m[2026-01-05 16:37:43 DEBUG] [__init__:472] No controls to apply on 'method'
[36m[2026-01-05 16:37:43 DEBUG] [__init__:472] No controls to apply on 'activity'
[32m[2026-01-05 16:37:43 INFO] [activity:232] Action: inject-dns-failure
[36m[2026-01-05 16:37:43 DEBUG] [python:33] Activity 'inject-dns-failure' loaded from '/app/src/lib/chaos_ssh_driver.py'
[36m[2026-01-05 16:37:45 DEBUG] [__init__:101] ###############################################################################
[36m[2026-01-05 16:37:45 DEBUG] [__init__:102] Running command 'run'
[36m[2026-01-05 16:37:45 DEBUG] [__init__:106] Using settings file '/root/.chaostoolkit/settings.yaml'
[36m[2026-01-05 16:37:45 DEBUG] [settings:31] The Chaos Toolkit settings file could not be found at '/root/.chaostoolkit/settings.yaml'.
[36m[2026-01-05 16:37:45 DEBUG] [__init__:472] No controls to apply on 'loader'
[36m[2026-01-05 16:37:45 DEBUG] [__init__:472] No controls to apply on 'loader'
[36m[2026-01-05 16:37:45 DEBUG] [caching:24] Building activity cache...
[36m[2026-01-05 16:37:45 DEBUG] [caching:35] Cached 2 activities
[32m[2026-01-05 16:37:45 INFO] [experiment:59] Validating the experiment's syntax
[36m[2026-01-05 16:37:45 DEBUG] [configuration:64] Loading configuration...
[36m[2026-01-05 16:37:45 DEBUG] [secret:79] Loading secrets...
[36m[2026-01-05 16:37:45 DEBUG] [secret:104] Done loading secrets
[32m[2026-01-05 16:37:45 INFO] [experiment:112] Experiment looks valid
[36m[2026-01-05 16:37:45 DEBUG] [caching:42] Clearing activities cache
[36m[2026-01-05 16:37:45 DEBUG] [run:224] Runtime strategies: hypothesis - default / rollbacks - default
[36m[2026-01-05 16:37:45 DEBUG] [caching:24] Building activity cache...
[36m[2026-01-05 16:37:45 DEBUG] [caching:35] Cached 2 activities
[36m[2026-01-05 16:37:45 DEBUG] [configuration:64] Loading configuration...
[36m[2026-01-05 16:37:45 DEBUG] [secret:79] Loading secrets...
[36m[2026-01-05 16:37:45 DEBUG] [secret:104] Done loading secrets
[36m[2026-01-05 16:37:45 DEBUG] [configuration:161] Loading dynamic configuration...
[32m[2026-01-05 16:37:45 INFO] [run:440] Running experiment: Falha de DNS
[36m[2026-01-05 16:37:45 DEBUG] [__init__:67] Initializing controls
[32m[2026-01-05 16:37:45 INFO] [run:471] Steady-state strategy: default
[32m[2026-01-05 16:37:45 INFO] [run:477] Rollbacks strategy: default
[32m[2026-01-05 16:37:45 INFO] [run:485] No steady state hypothesis defined. That's ok, just exploring.
[36m[2026-01-05 16:37:45 DEBUG] [__init__:472] No controls to apply on 'experiment'
[32m[2026-01-05 16:37:45 INFO] [run:778] Playing your experiment's method now...
[36m[2026-01-05 16:37:45 DEBUG] [__init__:472] No controls to apply on 'method'
[36m[2026-01-05 16:37:45 DEBUG] [__init__:472] No controls to apply on 'activity'
[32m[2026-01-05 16:37:45 INFO] [activity:232] Action: inject-dns-failure
[36m[2026-01-05 16:37:45 DEBUG] [python:33] Activity 'inject-dns-failure' loaded from '/app/src/lib/chaos_ssh_driver.py'
[36m[2026-01-05 16:37:45 DEBUG] [activity:317] Activity failed
    Traceback (most recent call last):
      File "/app/src/lib/chaos_ssh_driver.py", line 19, in run_ssh_command
        result = subprocess.run(ssh_cmd, capture_output=True, text=True, check=True, timeout=10)
      File "/usr/local/lib/python3.10/subprocess.py", line 526, in run
        raise CalledProcessError(retcode, process.args,
    subprocess.CalledProcessError: Command '['sshpass', '-p', 'sidu', 'ssh', '-o', 'StrictHostKeyChecking=no', '-o', 'UserKnownHostsFile=/dev/null', 'sidu@192.168.1.68', "echo 'sidu' | sudo -S iptables -w -I OUTPUT -p udp --dport 53 -j DROP"]' returned non-zero exit status 5.
    
    During handling of the above exception, another exception occurred:
    
    Traceback (most recent call last):
      File "/app/src/lib/chaos_ssh_driver.py", line 312, in inject_dns_failure
        run_ssh_command(target_host, ssh_user, cmd_udp, ssh_password)
      File "/app/src/lib/chaos_ssh_driver.py", line 22, in run_ssh_command
        raise RuntimeError(f"SSH command failed: {e.stderr}")
    RuntimeError: SSH command failed: Warning: Permanently added '192.168.1.68' (ED25519) to the list of known hosts.
    Permission denied, please try again.
    
    
    During handling of the above exception, another exception occurred:
    
    Traceback (most recent call last):
      File "/usr/local/lib/python3.10/site-packages/chaoslib/provider/python.py", line 56, in run_python_activity
        return func(**arguments)
      File "/app/src/lib/chaos_ssh_driver.py", line 316, in inject_dns_failure
        raise RuntimeError(f"Failed to inject DNS failure: {e}")
    RuntimeError: Failed to inject DNS failure: SSH command failed: Warning: Permanently added '192.168.1.68' (ED25519) to the list of known hosts.
    Permission denied, please try again.
    
    
    During handling of the above exception, another exception occurred:
    
    Traceback (most recent call last):
      File "/usr/local/lib/python3.10/site-packages/chaoslib/activity.py", line 310, in run_activity
        result = run_python_activity(activity, configuration, secrets)
      File "/usr/local/lib/python3.10/site-packages/chaoslib/provider/python.py", line 58, in run_python_activity
        raise ActivityFailed(
      File "/usr/local/lib/python3.10/site-packages/chaoslib/provider/python.py", line 56, in run_python_activity
        return func(**arguments)
      File "/app/src/lib/chaos_ssh_driver.py", line 316, in inject_dns_failure
        raise RuntimeError(f"Failed to inject DNS failure: {e}")
    chaoslib.exceptions.ActivityFailed: RuntimeError: Failed to inject DNS failure: SSH command failed: Warning: Permanently added '192.168.1.68' (ED25519) to the list of known hosts.
    Permission denied, please try again.
[31m[2026-01-05 16:37:45 ERROR] [activity:268]   => failed: RuntimeError: Failed to inject DNS failure: SSH command failed: Warning: Permanently added '192.168.1.68' (ED25519) to the list of known hosts.
    Permission denied, please try again.
[36m[2026-01-05 16:37:45 DEBUG] [__init__:472] No controls to apply on 'activity'
[36m[2026-01-05 16:37:45 DEBUG] [__init__:472] No controls to apply on 'activity'
[32m[2026-01-05 16:37:45 INFO] [activity:232] Action: wait-duration
[36m[2026-01-05 16:37:45 DEBUG] [python:33] Activity 'wait-duration' loaded from '/app/src/lib/chaos_ssh_driver.py'
[36m[2026-01-05 16:37:45 DEBUG] [activity:260]   => succeeded with 'dns_failure'
[36m[2026-01-05 16:37:45 DEBUG] [__init__:472] No controls to apply on 'activity'
[36m[2026-01-05 16:37:45 DEBUG] [__init__:472] No controls to apply on 'activity'
[32m[2026-01-05 16:37:45 INFO] [activity:232] Action: wait-duration
[36m[2026-01-05 16:37:45 DEBUG] [python:33] Activity 'wait-duration' loaded from '/app/src/lib/chaos_ssh_driver.py'
[36m[2026-01-05 16:37:47 DEBUG] [__init__:101] ###############################################################################
[36m[2026-01-05 16:37:47 DEBUG] [__init__:102] Running command 'run'
[36m[2026-01-05 16:37:47 DEBUG] [__init__:106] Using settings file '/root/.chaostoolkit/settings.yaml'
[36m[2026-01-05 16:37:47 DEBUG] [settings:31] The Chaos Toolkit settings file could not be found at '/root/.chaostoolkit/settings.yaml'.
[36m[2026-01-05 16:37:47 DEBUG] [__init__:472] No controls to apply on 'loader'
[36m[2026-01-05 16:37:47 DEBUG] [__init__:472] No controls to apply on 'loader'
[36m[2026-01-05 16:37:47 DEBUG] [caching:24] Building activity cache...
[36m[2026-01-05 16:37:47 DEBUG] [caching:35] Cached 2 activities
[32m[2026-01-05 16:37:47 INFO] [experiment:59] Validating the experiment's syntax
[36m[2026-01-05 16:37:47 DEBUG] [configuration:64] Loading configuration...
[36m[2026-01-05 16:37:47 DEBUG] [secret:79] Loading secrets...
[36m[2026-01-05 16:37:47 DEBUG] [secret:104] Done loading secrets
[32m[2026-01-05 16:37:47 INFO] [experiment:112] Experiment looks valid
[36m[2026-01-05 16:37:47 DEBUG] [caching:42] Clearing activities cache
[36m[2026-01-05 16:37:47 DEBUG] [run:224] Runtime strategies: hypothesis - default / rollbacks - default
[36m[2026-01-05 16:37:47 DEBUG] [caching:24] Building activity cache...
[36m[2026-01-05 16:37:47 DEBUG] [caching:35] Cached 2 activities
[36m[2026-01-05 16:37:47 DEBUG] [configuration:64] Loading configuration...
[36m[2026-01-05 16:37:47 DEBUG] [secret:79] Loading secrets...
[36m[2026-01-05 16:37:47 DEBUG] [secret:104] Done loading secrets
[36m[2026-01-05 16:37:47 DEBUG] [configuration:161] Loading dynamic configuration...
[32m[2026-01-05 16:37:47 INFO] [run:440] Running experiment: Partição de Rede
[36m[2026-01-05 16:37:47 DEBUG] [__init__:67] Initializing controls
[32m[2026-01-05 16:37:47 INFO] [run:471] Steady-state strategy: default
[32m[2026-01-05 16:37:47 INFO] [run:477] Rollbacks strategy: default
[32m[2026-01-05 16:37:47 INFO] [run:485] No steady state hypothesis defined. That's ok, just exploring.
[36m[2026-01-05 16:37:47 DEBUG] [__init__:472] No controls to apply on 'experiment'
[32m[2026-01-05 16:37:47 INFO] [run:778] Playing your experiment's method now...
[36m[2026-01-05 16:37:47 DEBUG] [__init__:472] No controls to apply on 'method'
[36m[2026-01-05 16:37:47 DEBUG] [__init__:472] No controls to apply on 'activity'
[32m[2026-01-05 16:37:47 INFO] [activity:232] Action: inject-network-partition
[36m[2026-01-05 16:37:47 DEBUG] [python:33] Activity 'inject-network-partition' loaded from '/app/src/lib/chaos_ssh_driver.py'
[36m[2026-01-05 16:37:49 DEBUG] [__init__:101] ###############################################################################
[36m[2026-01-05 16:37:49 DEBUG] [__init__:102] Running command 'run'
[36m[2026-01-05 16:37:49 DEBUG] [__init__:106] Using settings file '/root/.chaostoolkit/settings.yaml'
[36m[2026-01-05 16:37:49 DEBUG] [settings:31] The Chaos Toolkit settings file could not be found at '/root/.chaostoolkit/settings.yaml'.
[36m[2026-01-05 16:37:49 DEBUG] [__init__:472] No controls to apply on 'loader'
[36m[2026-01-05 16:37:49 DEBUG] [__init__:472] No controls to apply on 'loader'
[36m[2026-01-05 16:37:49 DEBUG] [caching:24] Building activity cache...
[36m[2026-01-05 16:37:49 DEBUG] [caching:35] Cached 2 activities
[32m[2026-01-05 16:37:49 INFO] [experiment:59] Validating the experiment's syntax
[36m[2026-01-05 16:37:49 DEBUG] [configuration:64] Loading configuration...
[36m[2026-01-05 16:37:49 DEBUG] [secret:79] Loading secrets...
[36m[2026-01-05 16:37:49 DEBUG] [secret:104] Done loading secrets
[32m[2026-01-05 16:37:49 INFO] [experiment:112] Experiment looks valid
[36m[2026-01-05 16:37:49 DEBUG] [caching:42] Clearing activities cache
[36m[2026-01-05 16:37:49 DEBUG] [run:224] Runtime strategies: hypothesis - default / rollbacks - default
[36m[2026-01-05 16:37:49 DEBUG] [caching:24] Building activity cache...
[36m[2026-01-05 16:37:49 DEBUG] [caching:35] Cached 2 activities
[36m[2026-01-05 16:37:49 DEBUG] [configuration:64] Loading configuration...
[36m[2026-01-05 16:37:49 DEBUG] [secret:79] Loading secrets...
[36m[2026-01-05 16:37:49 DEBUG] [secret:104] Done loading secrets
[36m[2026-01-05 16:37:49 DEBUG] [configuration:161] Loading dynamic configuration...
[32m[2026-01-05 16:37:49 INFO] [run:440] Running experiment: Falha de DNS
[36m[2026-01-05 16:37:49 DEBUG] [__init__:67] Initializing controls
[32m[2026-01-05 16:37:49 INFO] [run:471] Steady-state strategy: default
[32m[2026-01-05 16:37:49 INFO] [run:477] Rollbacks strategy: default
[32m[2026-01-05 16:37:49 INFO] [run:485] No steady state hypothesis defined. That's ok, just exploring.
[36m[2026-01-05 16:37:49 DEBUG] [__init__:472] No controls to apply on 'experiment'
[32m[2026-01-05 16:37:49 INFO] [run:778] Playing your experiment's method now...
[36m[2026-01-05 16:37:49 DEBUG] [__init__:472] No controls to apply on 'method'
[36m[2026-01-05 16:37:49 DEBUG] [__init__:472] No controls to apply on 'activity'
[32m[2026-01-05 16:37:49 INFO] [activity:232] Action: inject-dns-failure
[36m[2026-01-05 16:37:49 DEBUG] [python:33] Activity 'inject-dns-failure' loaded from '/app/src/lib/chaos_ssh_driver.py'
[36m[2026-01-05 16:37:51 DEBUG] [activity:317] Activity failed
    Traceback (most recent call last):
      File "/app/src/lib/chaos_ssh_driver.py", line 19, in run_ssh_command
        result = subprocess.run(ssh_cmd, capture_output=True, text=True, check=True, timeout=10)
      File "/usr/local/lib/python3.10/subprocess.py", line 526, in run
        raise CalledProcessError(retcode, process.args,
    subprocess.CalledProcessError: Command '['sshpass', '-p', 'sidu', 'ssh', '-o', 'StrictHostKeyChecking=no', '-o', 'UserKnownHostsFile=/dev/null', 'sidu@192.168.1.68', "echo 'sidu' | sudo -S iptables -w -I OUTPUT -d 192.168.1.72 -j DROP"]' returned non-zero exit status 5.
    
    During handling of the above exception, another exception occurred:
    
    Traceback (most recent call last):
      File "/app/src/lib/chaos_ssh_driver.py", line 351, in inject_network_partition
        run_ssh_command(target_host, ssh_user, cmd_out, ssh_password)
      File "/app/src/lib/chaos_ssh_driver.py", line 22, in run_ssh_command
        raise RuntimeError(f"SSH command failed: {e.stderr}")
    RuntimeError: SSH command failed: Warning: Permanently added '192.168.1.68' (ED25519) to the list of known hosts.
    Permission denied, please try again.
    
    
    During handling of the above exception, another exception occurred:
    
    Traceback (most recent call last):
      File "/usr/local/lib/python3.10/site-packages/chaoslib/provider/python.py", line 56, in run_python_activity
        return func(**arguments)
      File "/app/src/lib/chaos_ssh_driver.py", line 355, in inject_network_partition
        raise RuntimeError(f"Failed to inject network partition: {e}")
    RuntimeError: Failed to inject network partition: SSH command failed: Warning: Permanently added '192.168.1.68' (ED25519) to the list of known hosts.
    Permission denied, please try again.
    
    
    During handling of the above exception, another exception occurred:
    
    Traceback (most recent call last):
      File "/usr/local/lib/python3.10/site-packages/chaoslib/activity.py", line 310, in run_activity
        result = run_python_activity(activity, configuration, secrets)
      File "/usr/local/lib/python3.10/site-packages/chaoslib/provider/python.py", line 58, in run_python_activity
        raise ActivityFailed(
      File "/usr/local/lib/python3.10/site-packages/chaoslib/provider/python.py", line 56, in run_python_activity
        return func(**arguments)
      File "/app/src/lib/chaos_ssh_driver.py", line 355, in inject_network_partition
        raise RuntimeError(f"Failed to inject network partition: {e}")
    chaoslib.exceptions.ActivityFailed: RuntimeError: Failed to inject network partition: SSH command failed: Warning: Permanently added '192.168.1.68' (ED25519) to the list of known hosts.
    Permission denied, please try again.
[31m[2026-01-05 16:37:51 ERROR] [activity:268]   => failed: RuntimeError: Failed to inject network partition: SSH command failed: Warning: Permanently added '192.168.1.68' (ED25519) to the list of known hosts.
    Permission denied, please try again.
[36m[2026-01-05 16:37:51 DEBUG] [__init__:472] No controls to apply on 'activity'
[36m[2026-01-05 16:37:51 DEBUG] [__init__:472] No controls to apply on 'activity'
[32m[2026-01-05 16:37:51 INFO] [activity:232] Action: wait-duration
[36m[2026-01-05 16:37:51 DEBUG] [python:33] Activity 'wait-duration' loaded from '/app/src/lib/chaos_ssh_driver.py'
[36m[2026-01-05 16:37:53 DEBUG] [activity:317] Activity failed
    Traceback (most recent call last):
      File "/app/src/lib/chaos_ssh_driver.py", line 19, in run_ssh_command
        result = subprocess.run(ssh_cmd, capture_output=True, text=True, check=True, timeout=10)
      File "/usr/local/lib/python3.10/subprocess.py", line 526, in run
        raise CalledProcessError(retcode, process.args,
    subprocess.CalledProcessError: Command '['sshpass', '-p', 'sidu', 'ssh', '-o', 'StrictHostKeyChecking=no', '-o', 'UserKnownHostsFile=/dev/null', 'sidu@192.168.1.68', "echo 'sidu' | sudo -S iptables -w -I OUTPUT -p udp --dport 53 -j DROP"]' returned non-zero exit status 5.
    
    During handling of the above exception, another exception occurred:
    
    Traceback (most recent call last):
      File "/app/src/lib/chaos_ssh_driver.py", line 312, in inject_dns_failure
        run_ssh_command(target_host, ssh_user, cmd_udp, ssh_password)
      File "/app/src/lib/chaos_ssh_driver.py", line 22, in run_ssh_command
        raise RuntimeError(f"SSH command failed: {e.stderr}")
    RuntimeError: SSH command failed: Warning: Permanently added '192.168.1.68' (ED25519) to the list of known hosts.
    Permission denied, please try again.
    
    
    During handling of the above exception, another exception occurred:
    
    Traceback (most recent call last):
      File "/usr/local/lib/python3.10/site-packages/chaoslib/provider/python.py", line 56, in run_python_activity
        return func(**arguments)
      File "/app/src/lib/chaos_ssh_driver.py", line 316, in inject_dns_failure
        raise RuntimeError(f"Failed to inject DNS failure: {e}")
    RuntimeError: Failed to inject DNS failure: SSH command failed: Warning: Permanently added '192.168.1.68' (ED25519) to the list of known hosts.
    Permission denied, please try again.
    
    
    During handling of the above exception, another exception occurred:
    
    Traceback (most recent call last):
      File "/usr/local/lib/python3.10/site-packages/chaoslib/activity.py", line 310, in run_activity
        result = run_python_activity(activity, configuration, secrets)
      File "/usr/local/lib/python3.10/site-packages/chaoslib/provider/python.py", line 58, in run_python_activity
        raise ActivityFailed(
      File "/usr/local/lib/python3.10/site-packages/chaoslib/provider/python.py", line 56, in run_python_activity
        return func(**arguments)
      File "/app/src/lib/chaos_ssh_driver.py", line 316, in inject_dns_failure
        raise RuntimeError(f"Failed to inject DNS failure: {e}")
    chaoslib.exceptions.ActivityFailed: RuntimeError: Failed to inject DNS failure: SSH command failed: Warning: Permanently added '192.168.1.68' (ED25519) to the list of known hosts.
    Permission denied, please try again.
[31m[2026-01-05 16:37:53 ERROR] [activity:268]   => failed: RuntimeError: Failed to inject DNS failure: SSH command failed: Warning: Permanently added '192.168.1.68' (ED25519) to the list of known hosts.
    Permission denied, please try again.
[36m[2026-01-05 16:37:53 DEBUG] [__init__:472] No controls to apply on 'activity'
[36m[2026-01-05 16:37:53 DEBUG] [__init__:472] No controls to apply on 'activity'
[32m[2026-01-05 16:37:53 INFO] [activity:232] Action: wait-duration
[36m[2026-01-05 16:37:53 DEBUG] [python:33] Activity 'wait-duration' loaded from '/app/src/lib/chaos_ssh_driver.py'
[36m[2026-01-05 16:38:11 DEBUG] [activity:262]   => succeeded without any result value
[36m[2026-01-05 16:38:11 DEBUG] [__init__:472] No controls to apply on 'activity'
[36m[2026-01-05 16:38:11 DEBUG] [__init__:472] No controls to apply on 'method'
[32m[2026-01-05 16:38:11 INFO] [run:1072] Let's rollback...
[36m[2026-01-05 16:38:11 DEBUG] [__init__:472] No controls to apply on 'rollback'
[32m[2026-01-05 16:38:11 INFO] [rollback:36] Rollback: recover-network-partition
[36m[2026-01-05 16:38:11 DEBUG] [__init__:472] No controls to apply on 'activity'
[32m[2026-01-05 16:38:11 INFO] [activity:232] Action: recover-network-partition
[36m[2026-01-05 16:38:11 DEBUG] [python:33] Activity 'recover-network-partition' loaded from '/app/src/lib/chaos_ssh_driver.py'
[36m[2026-01-05 16:38:11 DEBUG] [activity:262]   => succeeded without any result value
[36m[2026-01-05 16:38:11 DEBUG] [__init__:472] No controls to apply on 'activity'
[36m[2026-01-05 16:38:11 DEBUG] [__init__:472] No controls to apply on 'method'
[32m[2026-01-05 16:38:11 INFO] [run:1072] Let's rollback...
[36m[2026-01-05 16:38:11 DEBUG] [__init__:472] No controls to apply on 'rollback'
[32m[2026-01-05 16:38:11 INFO] [rollback:36] Rollback: recover-network-partition
[36m[2026-01-05 16:38:11 DEBUG] [__init__:472] No controls to apply on 'activity'
[32m[2026-01-05 16:38:11 INFO] [activity:232] Action: recover-network-partition
[36m[2026-01-05 16:38:11 DEBUG] [python:33] Activity 'recover-network-partition' loaded from '/app/src/lib/chaos_ssh_driver.py'
[36m[2026-01-05 16:38:12 DEBUG] [activity:262]   => succeeded without any result value
[36m[2026-01-05 16:38:12 DEBUG] [__init__:472] No controls to apply on 'activity'
[36m[2026-01-05 16:38:12 DEBUG] [__init__:472] No controls to apply on 'rollback'
[32m[2026-01-05 16:38:12 INFO] [run:598] Experiment ended with status: completed
[36m[2026-01-05 16:38:12 DEBUG] [__init__:472] No controls to apply on 'experiment'
[36m[2026-01-05 16:38:12 DEBUG] [__init__:106] Cleaning up controls
[36m[2026-01-05 16:38:12 DEBUG] [caching:42] Clearing activities cache
[36m[2026-01-05 16:38:15 DEBUG] [activity:262]   => succeeded without any result value
[36m[2026-01-05 16:38:15 DEBUG] [__init__:472] No controls to apply on 'activity'
[36m[2026-01-05 16:38:15 DEBUG] [__init__:472] No controls to apply on 'method'
[32m[2026-01-05 16:38:15 INFO] [run:1072] Let's rollback...
[36m[2026-01-05 16:38:15 DEBUG] [__init__:472] No controls to apply on 'rollback'
[32m[2026-01-05 16:38:15 INFO] [rollback:36] Rollback: recover-dns-failure
[36m[2026-01-05 16:38:15 DEBUG] [__init__:472] No controls to apply on 'activity'
[32m[2026-01-05 16:38:15 INFO] [activity:232] Action: recover-dns-failure
[36m[2026-01-05 16:38:15 DEBUG] [python:33] Activity 'recover-dns-failure' loaded from '/app/src/lib/chaos_ssh_driver.py'
[36m[2026-01-05 16:38:15 DEBUG] [activity:262]   => succeeded without any result value
[36m[2026-01-05 16:38:15 DEBUG] [__init__:472] No controls to apply on 'activity'
[36m[2026-01-05 16:38:15 DEBUG] [__init__:472] No controls to apply on 'method'
[32m[2026-01-05 16:38:15 INFO] [run:1072] Let's rollback...
[36m[2026-01-05 16:38:15 DEBUG] [__init__:472] No controls to apply on 'rollback'
[32m[2026-01-05 16:38:15 INFO] [rollback:36] Rollback: recover-dns-failure
[36m[2026-01-05 16:38:15 DEBUG] [__init__:472] No controls to apply on 'activity'
[32m[2026-01-05 16:38:15 INFO] [activity:232] Action: recover-dns-failure
[36m[2026-01-05 16:38:15 DEBUG] [python:33] Activity 'recover-dns-failure' loaded from '/app/src/lib/chaos_ssh_driver.py'
[36m[2026-01-05 16:38:16 DEBUG] [activity:262]   => succeeded without any result value
[36m[2026-01-05 16:38:16 DEBUG] [__init__:472] No controls to apply on 'activity'
[36m[2026-01-05 16:38:16 DEBUG] [__init__:472] No controls to apply on 'rollback'
[32m[2026-01-05 16:38:16 INFO] [run:598] Experiment ended with status: completed
[36m[2026-01-05 16:38:16 DEBUG] [__init__:472] No controls to apply on 'experiment'
[36m[2026-01-05 16:38:16 DEBUG] [__init__:106] Cleaning up controls
[36m[2026-01-05 16:38:16 DEBUG] [caching:42] Clearing activities cache
[36m[2026-01-05 16:38:18 DEBUG] [activity:262]   => succeeded without any result value
[36m[2026-01-05 16:38:18 DEBUG] [__init__:472] No controls to apply on 'activity'
[36m[2026-01-05 16:38:18 DEBUG] [__init__:472] No controls to apply on 'rollback'
[32m[2026-01-05 16:38:18 INFO] [run:598] Experiment ended with status: completed
[36m[2026-01-05 16:38:18 DEBUG] [__init__:472] No controls to apply on 'experiment'
[36m[2026-01-05 16:38:18 DEBUG] [__init__:106] Cleaning up controls
[36m[2026-01-05 16:38:18 DEBUG] [caching:42] Clearing activities cache
[36m[2026-01-05 16:38:20 DEBUG] [activity:262]   => succeeded without any result value
[36m[2026-01-05 16:38:20 DEBUG] [__init__:472] No controls to apply on 'activity'
[36m[2026-01-05 16:38:20 DEBUG] [__init__:472] No controls to apply on 'rollback'
[32m[2026-01-05 16:38:20 INFO] [run:598] Experiment ended with status: completed
[36m[2026-01-05 16:38:20 DEBUG] [__init__:472] No controls to apply on 'experiment'
[36m[2026-01-05 16:38:20 DEBUG] [__init__:106] Cleaning up controls
[36m[2026-01-05 16:38:20 DEBUG] [caching:42] Clearing activities cache
[36m[2026-01-05 16:38:21 DEBUG] [activity:262]   => succeeded without any result value
[36m[2026-01-05 16:38:21 DEBUG] [__init__:472] No controls to apply on 'activity'
[36m[2026-01-05 16:38:21 DEBUG] [__init__:472] No controls to apply on 'method'
[32m[2026-01-05 16:38:21 INFO] [run:1072] Let's rollback...
[36m[2026-01-05 16:38:21 DEBUG] [__init__:472] No controls to apply on 'rollback'
[32m[2026-01-05 16:38:21 INFO] [rollback:36] Rollback: recover-network-partition
[36m[2026-01-05 16:38:21 DEBUG] [__init__:472] No controls to apply on 'activity'
[32m[2026-01-05 16:38:21 INFO] [activity:232] Action: recover-network-partition
[36m[2026-01-05 16:38:21 DEBUG] [python:33] Activity 'recover-network-partition' loaded from '/app/src/lib/chaos_ssh_driver.py'
[36m[2026-01-05 16:38:23 DEBUG] [activity:262]   => succeeded without any result value
[36m[2026-01-05 16:38:23 DEBUG] [__init__:472] No controls to apply on 'activity'
[36m[2026-01-05 16:38:23 DEBUG] [__init__:472] No controls to apply on 'method'
[32m[2026-01-05 16:38:23 INFO] [run:1072] Let's rollback...
[36m[2026-01-05 16:38:23 DEBUG] [__init__:472] No controls to apply on 'rollback'
[32m[2026-01-05 16:38:23 INFO] [rollback:36] Rollback: recover-dns-failure
[36m[2026-01-05 16:38:23 DEBUG] [__init__:472] No controls to apply on 'activity'
[32m[2026-01-05 16:38:23 INFO] [activity:232] Action: recover-dns-failure
[36m[2026-01-05 16:38:23 DEBUG] [python:33] Activity 'recover-dns-failure' loaded from '/app/src/lib/chaos_ssh_driver.py'
[36m[2026-01-05 16:38:28 DEBUG] [activity:262]   => succeeded without any result value
[36m[2026-01-05 16:38:28 DEBUG] [__init__:472] No controls to apply on 'activity'
[36m[2026-01-05 16:38:28 DEBUG] [__init__:472] No controls to apply on 'rollback'
[32m[2026-01-05 16:38:28 INFO] [run:598] Experiment ended with status: completed
[36m[2026-01-05 16:38:28 DEBUG] [__init__:472] No controls to apply on 'experiment'
[36m[2026-01-05 16:38:28 DEBUG] [__init__:106] Cleaning up controls
[36m[2026-01-05 16:38:28 DEBUG] [caching:42] Clearing activities cache
[36m[2026-01-05 16:38:30 DEBUG] [activity:262]   => succeeded without any result value
[36m[2026-01-05 16:38:30 DEBUG] [__init__:472] No controls to apply on 'activity'
[36m[2026-01-05 16:38:30 DEBUG] [__init__:472] No controls to apply on 'rollback'
[32m[2026-01-05 16:38:30 INFO] [run:598] Experiment ended with status: completed
[36m[2026-01-05 16:38:30 DEBUG] [__init__:472] No controls to apply on 'experiment'
[36m[2026-01-05 16:38:30 DEBUG] [__init__:106] Cleaning up controls
[36m[2026-01-05 16:38:30 DEBUG] [caching:42] Clearing activities cache
[36m[2026-01-05 16:40:50 DEBUG] [__init__:101] ###############################################################################
[36m[2026-01-05 16:40:50 DEBUG] [__init__:102] Running command 'run'
[36m[2026-01-05 16:40:50 DEBUG] [__init__:106] Using settings file '/root/.chaostoolkit/settings.yaml'
[36m[2026-01-05 16:40:50 DEBUG] [settings:31] The Chaos Toolkit settings file could not be found at '/root/.chaostoolkit/settings.yaml'.
[36m[2026-01-05 16:40:50 DEBUG] [__init__:472] No controls to apply on 'loader'
[36m[2026-01-05 16:40:50 DEBUG] [__init__:472] No controls to apply on 'loader'
[36m[2026-01-05 16:40:50 DEBUG] [caching:24] Building activity cache...
[36m[2026-01-05 16:40:50 DEBUG] [caching:35] Cached 2 activities
[32m[2026-01-05 16:40:50 INFO] [experiment:59] Validating the experiment's syntax
[36m[2026-01-05 16:40:50 DEBUG] [configuration:64] Loading configuration...
[36m[2026-01-05 16:40:50 DEBUG] [secret:79] Loading secrets...
[36m[2026-01-05 16:40:50 DEBUG] [secret:104] Done loading secrets
[32m[2026-01-05 16:40:50 INFO] [experiment:112] Experiment looks valid
[36m[2026-01-05 16:40:50 DEBUG] [caching:42] Clearing activities cache
[36m[2026-01-05 16:40:50 DEBUG] [run:224] Runtime strategies: hypothesis - default / rollbacks - default
[36m[2026-01-05 16:40:50 DEBUG] [caching:24] Building activity cache...
[36m[2026-01-05 16:40:50 DEBUG] [caching:35] Cached 2 activities
[36m[2026-01-05 16:40:50 DEBUG] [configuration:64] Loading configuration...
[36m[2026-01-05 16:40:50 DEBUG] [secret:79] Loading secrets...
[36m[2026-01-05 16:40:50 DEBUG] [secret:104] Done loading secrets
[36m[2026-01-05 16:40:50 DEBUG] [configuration:161] Loading dynamic configuration...
[32m[2026-01-05 16:40:50 INFO] [run:440] Running experiment: Partição de Rede
[36m[2026-01-05 16:40:50 DEBUG] [__init__:67] Initializing controls
[32m[2026-01-05 16:40:50 INFO] [run:471] Steady-state strategy: default
[32m[2026-01-05 16:40:50 INFO] [run:477] Rollbacks strategy: default
[32m[2026-01-05 16:40:50 INFO] [run:485] No steady state hypothesis defined. That's ok, just exploring.
[36m[2026-01-05 16:40:50 DEBUG] [__init__:472] No controls to apply on 'experiment'
[32m[2026-01-05 16:40:50 INFO] [run:778] Playing your experiment's method now...
[36m[2026-01-05 16:40:50 DEBUG] [__init__:472] No controls to apply on 'method'
[36m[2026-01-05 16:40:50 DEBUG] [__init__:472] No controls to apply on 'activity'
[32m[2026-01-05 16:40:50 INFO] [activity:232] Action: inject-network-partition
[36m[2026-01-05 16:40:50 DEBUG] [python:33] Activity 'inject-network-partition' loaded from '/app/src/lib/chaos_ssh_driver.py'
[36m[2026-01-05 16:40:52 DEBUG] [__init__:101] ###############################################################################
[36m[2026-01-05 16:40:52 DEBUG] [__init__:102] Running command 'run'
[36m[2026-01-05 16:40:52 DEBUG] [__init__:106] Using settings file '/root/.chaostoolkit/settings.yaml'
[36m[2026-01-05 16:40:52 DEBUG] [settings:31] The Chaos Toolkit settings file could not be found at '/root/.chaostoolkit/settings.yaml'.
[36m[2026-01-05 16:40:52 DEBUG] [__init__:472] No controls to apply on 'loader'
[36m[2026-01-05 16:40:52 DEBUG] [__init__:472] No controls to apply on 'loader'
[36m[2026-01-05 16:40:52 DEBUG] [caching:24] Building activity cache...
[36m[2026-01-05 16:40:52 DEBUG] [caching:35] Cached 2 activities
[32m[2026-01-05 16:40:52 INFO] [experiment:59] Validating the experiment's syntax
[36m[2026-01-05 16:40:52 DEBUG] [configuration:64] Loading configuration...
[36m[2026-01-05 16:40:52 DEBUG] [secret:79] Loading secrets...
[36m[2026-01-05 16:40:52 DEBUG] [secret:104] Done loading secrets
[32m[2026-01-05 16:40:52 INFO] [experiment:112] Experiment looks valid
[36m[2026-01-05 16:40:52 DEBUG] [caching:42] Clearing activities cache
[36m[2026-01-05 16:40:52 DEBUG] [run:224] Runtime strategies: hypothesis - default / rollbacks - default
[36m[2026-01-05 16:40:52 DEBUG] [caching:24] Building activity cache...
[36m[2026-01-05 16:40:52 DEBUG] [caching:35] Cached 2 activities
[36m[2026-01-05 16:40:52 DEBUG] [configuration:64] Loading configuration...
[36m[2026-01-05 16:40:52 DEBUG] [secret:79] Loading secrets...
[36m[2026-01-05 16:40:52 DEBUG] [secret:104] Done loading secrets
[36m[2026-01-05 16:40:52 DEBUG] [configuration:161] Loading dynamic configuration...
[32m[2026-01-05 16:40:52 INFO] [run:440] Running experiment: Falha de DNS
[36m[2026-01-05 16:40:52 DEBUG] [__init__:67] Initializing controls
[32m[2026-01-05 16:40:52 INFO] [run:471] Steady-state strategy: default
[32m[2026-01-05 16:40:52 INFO] [run:477] Rollbacks strategy: default
[32m[2026-01-05 16:40:52 INFO] [run:485] No steady state hypothesis defined. That's ok, just exploring.
[36m[2026-01-05 16:40:52 DEBUG] [__init__:472] No controls to apply on 'experiment'
[32m[2026-01-05 16:40:52 INFO] [run:778] Playing your experiment's method now...
[36m[2026-01-05 16:40:52 DEBUG] [__init__:472] No controls to apply on 'method'
[36m[2026-01-05 16:40:52 DEBUG] [__init__:472] No controls to apply on 'activity'
[32m[2026-01-05 16:40:52 INFO] [activity:232] Action: inject-dns-failure
[36m[2026-01-05 16:40:52 DEBUG] [python:33] Activity 'inject-dns-failure' loaded from '/app/src/lib/chaos_ssh_driver.py'
[36m[2026-01-05 16:41:00 DEBUG] [activity:317] Activity failed
    Traceback (most recent call last):
      File "/app/src/lib/chaos_ssh_driver.py", line 19, in run_ssh_command
        result = subprocess.run(ssh_cmd, capture_output=True, text=True, check=True, timeout=10)
      File "/usr/local/lib/python3.10/subprocess.py", line 505, in run
        stdout, stderr = process.communicate(input, timeout=timeout)
      File "/usr/local/lib/python3.10/subprocess.py", line 1154, in communicate
        stdout, stderr = self._communicate(input, endtime, timeout)
      File "/usr/local/lib/python3.10/subprocess.py", line 2022, in _communicate
        self._check_timeout(endtime, orig_timeout, stdout, stderr)
      File "/usr/local/lib/python3.10/subprocess.py", line 1198, in _check_timeout
        raise TimeoutExpired(
    subprocess.TimeoutExpired: Command '['sshpass', '-p', 'sidu', 'ssh', '-o', 'StrictHostKeyChecking=no', '-o', 'UserKnownHostsFile=/dev/null', 'sidu@192.168.1.72', "echo 'sidu' | sudo -S iptables -w -I OUTPUT -d 192.168.1.68 -j DROP"]' timed out after 10 seconds
    
    During handling of the above exception, another exception occurred:
    
    Traceback (most recent call last):
      File "/app/src/lib/chaos_ssh_driver.py", line 351, in inject_network_partition
        run_ssh_command(target_host, ssh_user, cmd_out, ssh_password)
      File "/app/src/lib/chaos_ssh_driver.py", line 24, in run_ssh_command
        raise RuntimeError(f"SSH connection failed: {str(e)}")
    RuntimeError: SSH connection failed: Command '['sshpass', '-p', 'sidu', 'ssh', '-o', 'StrictHostKeyChecking=no', '-o', 'UserKnownHostsFile=/dev/null', 'sidu@192.168.1.72', "echo 'sidu' | sudo -S iptables -w -I OUTPUT -d 192.168.1.68 -j DROP"]' timed out after 10 seconds
    
    During handling of the above exception, another exception occurred:
    
    Traceback (most recent call last):
      File "/usr/local/lib/python3.10/site-packages/chaoslib/provider/python.py", line 56, in run_python_activity
        return func(**arguments)
      File "/app/src/lib/chaos_ssh_driver.py", line 355, in inject_network_partition
        raise RuntimeError(f"Failed to inject network partition: {e}")
    RuntimeError: Failed to inject network partition: SSH connection failed: Command '['sshpass', '-p', 'sidu', 'ssh', '-o', 'StrictHostKeyChecking=no', '-o', 'UserKnownHostsFile=/dev/null', 'sidu@192.168.1.72', "echo 'sidu' | sudo -S iptables -w -I OUTPUT -d 192.168.1.68 -j DROP"]' timed out after 10 seconds
    
    During handling of the above exception, another exception occurred:
    
    Traceback (most recent call last):
      File "/usr/local/lib/python3.10/site-packages/chaoslib/activity.py", line 310, in run_activity
        result = run_python_activity(activity, configuration, secrets)
      File "/usr/local/lib/python3.10/site-packages/chaoslib/provider/python.py", line 58, in run_python_activity
        raise ActivityFailed(
      File "/usr/local/lib/python3.10/site-packages/chaoslib/provider/python.py", line 56, in run_python_activity
        return func(**arguments)
      File "/app/src/lib/chaos_ssh_driver.py", line 355, in inject_network_partition
        raise RuntimeError(f"Failed to inject network partition: {e}")
    chaoslib.exceptions.ActivityFailed: RuntimeError: Failed to inject network partition: SSH connection failed: Command '['sshpass', '-p', 'sidu', 'ssh', '-o', 'StrictHostKeyChecking=no', '-o', 'UserKnownHostsFile=/dev/null', 'sidu@192.168.1.72', "echo 'sidu' | sudo -S iptables -w -I OUTPUT -d 192.168.1.68 -j DROP"]' timed out after 10 seconds
[31m[2026-01-05 16:41:00 ERROR] [activity:268]   => failed: RuntimeError: Failed to inject network partition: SSH connection failed: Command '['sshpass', '-p', 'sidu', 'ssh', '-o', 'StrictHostKeyChecking=no', '-o', 'UserKnownHostsFile=/dev/null', 'sidu@192.168.1.72', "echo 'sidu' | sudo -S iptables -w -I OUTPUT -d 192.168.1.68 -j DROP"]' timed out after 10 seconds
[36m[2026-01-05 16:41:00 DEBUG] [__init__:472] No controls to apply on 'activity'
[36m[2026-01-05 16:41:00 DEBUG] [__init__:472] No controls to apply on 'activity'
[32m[2026-01-05 16:41:00 INFO] [activity:232] Action: wait-duration
[36m[2026-01-05 16:41:00 DEBUG] [python:33] Activity 'wait-duration' loaded from '/app/src/lib/chaos_ssh_driver.py'
[36m[2026-01-05 16:41:02 DEBUG] [activity:317] Activity failed
    Traceback (most recent call last):
      File "/app/src/lib/chaos_ssh_driver.py", line 19, in run_ssh_command
        result = subprocess.run(ssh_cmd, capture_output=True, text=True, check=True, timeout=10)
      File "/usr/local/lib/python3.10/subprocess.py", line 505, in run
        stdout, stderr = process.communicate(input, timeout=timeout)
      File "/usr/local/lib/python3.10/subprocess.py", line 1154, in communicate
        stdout, stderr = self._communicate(input, endtime, timeout)
      File "/usr/local/lib/python3.10/subprocess.py", line 2022, in _communicate
        self._check_timeout(endtime, orig_timeout, stdout, stderr)
      File "/usr/local/lib/python3.10/subprocess.py", line 1198, in _check_timeout
        raise TimeoutExpired(
    subprocess.TimeoutExpired: Command '['sshpass', '-p', 'sidu', 'ssh', '-o', 'StrictHostKeyChecking=no', '-o', 'UserKnownHostsFile=/dev/null', 'sidu@192.168.1.72', "echo 'sidu' | sudo -S iptables -w -I OUTPUT -p udp --dport 53 -j DROP"]' timed out after 10 seconds
    
    During handling of the above exception, another exception occurred:
    
    Traceback (most recent call last):
      File "/app/src/lib/chaos_ssh_driver.py", line 312, in inject_dns_failure
        run_ssh_command(target_host, ssh_user, cmd_udp, ssh_password)
      File "/app/src/lib/chaos_ssh_driver.py", line 24, in run_ssh_command
        raise RuntimeError(f"SSH connection failed: {str(e)}")
    RuntimeError: SSH connection failed: Command '['sshpass', '-p', 'sidu', 'ssh', '-o', 'StrictHostKeyChecking=no', '-o', 'UserKnownHostsFile=/dev/null', 'sidu@192.168.1.72', "echo 'sidu' | sudo -S iptables -w -I OUTPUT -p udp --dport 53 -j DROP"]' timed out after 10 seconds
    
    During handling of the above exception, another exception occurred:
    
    Traceback (most recent call last):
      File "/usr/local/lib/python3.10/site-packages/chaoslib/provider/python.py", line 56, in run_python_activity
        return func(**arguments)
      File "/app/src/lib/chaos_ssh_driver.py", line 316, in inject_dns_failure
        raise RuntimeError(f"Failed to inject DNS failure: {e}")
    RuntimeError: Failed to inject DNS failure: SSH connection failed: Command '['sshpass', '-p', 'sidu', 'ssh', '-o', 'StrictHostKeyChecking=no', '-o', 'UserKnownHostsFile=/dev/null', 'sidu@192.168.1.72', "echo 'sidu' | sudo -S iptables -w -I OUTPUT -p udp --dport 53 -j DROP"]' timed out after 10 seconds
    
    During handling of the above exception, another exception occurred:
    
    Traceback (most recent call last):
      File "/usr/local/lib/python3.10/site-packages/chaoslib/activity.py", line 310, in run_activity
        result = run_python_activity(activity, configuration, secrets)
      File "/usr/local/lib/python3.10/site-packages/chaoslib/provider/python.py", line 58, in run_python_activity
        raise ActivityFailed(
      File "/usr/local/lib/python3.10/site-packages/chaoslib/provider/python.py", line 56, in run_python_activity
        return func(**arguments)
      File "/app/src/lib/chaos_ssh_driver.py", line 316, in inject_dns_failure
        raise RuntimeError(f"Failed to inject DNS failure: {e}")
    chaoslib.exceptions.ActivityFailed: RuntimeError: Failed to inject DNS failure: SSH connection failed: Command '['sshpass', '-p', 'sidu', 'ssh', '-o', 'StrictHostKeyChecking=no', '-o', 'UserKnownHostsFile=/dev/null', 'sidu@192.168.1.72', "echo 'sidu' | sudo -S iptables -w -I OUTPUT -p udp --dport 53 -j DROP"]' timed out after 10 seconds
[31m[2026-01-05 16:41:02 ERROR] [activity:268]   => failed: RuntimeError: Failed to inject DNS failure: SSH connection failed: Command '['sshpass', '-p', 'sidu', 'ssh', '-o', 'StrictHostKeyChecking=no', '-o', 'UserKnownHostsFile=/dev/null', 'sidu@192.168.1.72', "echo 'sidu' | sudo -S iptables -w -I OUTPUT -p udp --dport 53 -j DROP"]' timed out after 10 seconds
[36m[2026-01-05 16:41:02 DEBUG] [__init__:472] No controls to apply on 'activity'
[36m[2026-01-05 16:41:02 DEBUG] [__init__:472] No controls to apply on 'activity'
[32m[2026-01-05 16:41:02 INFO] [activity:232] Action: wait-duration
[36m[2026-01-05 16:41:02 DEBUG] [python:33] Activity 'wait-duration' loaded from '/app/src/lib/chaos_ssh_driver.py'
[36m[2026-01-05 16:41:30 DEBUG] [activity:262]   => succeeded without any result value
[36m[2026-01-05 16:41:30 DEBUG] [__init__:472] No controls to apply on 'activity'
[36m[2026-01-05 16:41:30 DEBUG] [__init__:472] No controls to apply on 'method'
[32m[2026-01-05 16:41:30 INFO] [run:1072] Let's rollback...
[36m[2026-01-05 16:41:30 DEBUG] [__init__:472] No controls to apply on 'rollback'
[32m[2026-01-05 16:41:30 INFO] [rollback:36] Rollback: recover-network-partition
[36m[2026-01-05 16:41:30 DEBUG] [__init__:472] No controls to apply on 'activity'
[32m[2026-01-05 16:41:30 INFO] [activity:232] Action: recover-network-partition
[36m[2026-01-05 16:41:30 DEBUG] [python:33] Activity 'recover-network-partition' loaded from '/app/src/lib/chaos_ssh_driver.py'
[36m[2026-01-05 16:41:32 DEBUG] [activity:262]   => succeeded without any result value
[36m[2026-01-05 16:41:32 DEBUG] [__init__:472] No controls to apply on 'activity'
[36m[2026-01-05 16:41:32 DEBUG] [__init__:472] No controls to apply on 'method'
[32m[2026-01-05 16:41:32 INFO] [run:1072] Let's rollback...
[36m[2026-01-05 16:41:32 DEBUG] [__init__:472] No controls to apply on 'rollback'
[32m[2026-01-05 16:41:32 INFO] [rollback:36] Rollback: recover-dns-failure
[36m[2026-01-05 16:41:32 DEBUG] [__init__:472] No controls to apply on 'activity'
[32m[2026-01-05 16:41:32 INFO] [activity:232] Action: recover-dns-failure
[36m[2026-01-05 16:41:32 DEBUG] [python:33] Activity 'recover-dns-failure' loaded from '/app/src/lib/chaos_ssh_driver.py'
[36m[2026-01-05 16:41:50 DEBUG] [activity:262]   => succeeded without any result value
[36m[2026-01-05 16:41:50 DEBUG] [__init__:472] No controls to apply on 'activity'
[36m[2026-01-05 16:41:50 DEBUG] [__init__:472] No controls to apply on 'rollback'
[32m[2026-01-05 16:41:50 INFO] [run:598] Experiment ended with status: completed
[36m[2026-01-05 16:41:50 DEBUG] [__init__:472] No controls to apply on 'experiment'
[36m[2026-01-05 16:41:50 DEBUG] [__init__:106] Cleaning up controls
[36m[2026-01-05 16:41:50 DEBUG] [caching:42] Clearing activities cache
[36m[2026-01-05 16:41:52 DEBUG] [activity:262]   => succeeded without any result value
[36m[2026-01-05 16:41:52 DEBUG] [__init__:472] No controls to apply on 'activity'
[36m[2026-01-05 16:41:52 DEBUG] [__init__:472] No controls to apply on 'rollback'
[32m[2026-01-05 16:41:52 INFO] [run:598] Experiment ended with status: completed
[36m[2026-01-05 16:41:52 DEBUG] [__init__:472] No controls to apply on 'experiment'
[36m[2026-01-05 16:41:52 DEBUG] [__init__:106] Cleaning up controls
[36m[2026-01-05 16:41:52 DEBUG] [caching:42] Clearing activities cache
